{
"type": "FeatureCollection",
"name": "statistiche_zonali_lecce_4326",
"crs": { "type": "name", "properties": { "name": "urn:ogc:def:crs:OGC:1.3:CRS84" } },
"features": [
{ "type": "Feature", "properties": { "fid": 1.0, "ogc_fid": 1.0, "district": "Centro", "_mean": -5.8121806713298438, "_stdev": 0.82192788696029195, "_min": -9.1139812469482422, "_max": -3.874158620834351 }, "geometry": { "type": "MultiPolygon", "coordinates": [ [ [ [ 18.170624639528562, 40.346299455634849 ], [ 18.163407872471716, 40.350619672270277 ], [ 18.169904413081387, 40.360951343719243 ], [ 18.172170373391861, 40.359618454135351 ], [ 18.173054399437842, 40.358671292849671 ], [ 18.174427365165556, 40.356224540872844 ], [ 18.174998755523916, 40.356129575627932 ], [ 18.176102267636836, 40.355839462533588 ], [ 18.176686331958678, 40.351715797365259 ], [ 18.17682416367018, 40.351208118993746 ], [ 18.170624639528562, 40.346299455634849 ] ] ] ] } },
{ "type": "Feature", "properties": { "fid": 2.0, "ogc_fid": 2.0, "district": "Fraz. Villaconvento", "_mean": -0.85776052950044901, "_stdev": 2.3962503745745689, "_min": -7.1212749481201181, "_max": 4.4111232757568359 }, "geometry": { "type": "MultiPolygon", "coordinates": [ [ [ [ 18.071072458826226, 40.371576746427358 ], [ 18.071090499466511, 40.371603100439664 ], [ 18.071185883978092, 40.371742785661567 ], [ 18.07619364389015, 40.369710160755375 ], [ 18.09369369642955, 40.36626114708384 ], [ 18.093954888381599, 40.36542050023742 ], [ 18.093941942790483, 40.364989412896193 ], [ 18.093893452152479, 40.365023324242351 ], [ 18.093820789167328, 40.365049054067413 ], [ 18.093543820103449, 40.365124502412947 ], [ 18.093298723841276, 40.365190325692062 ], [ 18.09317098080129, 40.365221267649154 ], [ 18.093050646962663, 40.365251803959161 ], [ 18.09292306057575, 40.365292352022728 ], [ 18.092648674387632, 40.365409889516847 ], [ 18.092559015626016, 40.365471075050579 ], [ 18.092499581152666, 40.365511088315586 ], [ 18.092438035787666, 40.365545887094278 ], [ 18.092370252402965, 40.365572514024471 ], [ 18.092256911135046, 40.365605602324067 ], [ 18.092130958296249, 40.365647392015667 ], [ 18.091993525266389, 40.365684826716759 ], [ 18.091890959138606, 40.365703519390841 ], [ 18.091816196257479, 40.36570808523647 ], [ 18.091749883176067, 40.365707651166304 ], [ 18.091653713094772, 40.365696470672361 ], [ 18.091627901531705, 40.365693898960473 ], [ 18.091572192627513, 40.365681500639297 ], [ 18.091507347767006, 40.365666822949237 ], [ 18.091436235144371, 40.36564846869279 ], [ 18.091350661821352, 40.365620780830902 ], [ 18.091233544407761, 40.365573825794748 ], [ 18.091155463838426, 40.36554394675413 ], [ 18.091051309872597, 40.36551138032597 ], [ 18.090882219768933, 40.365465993661424 ], [ 18.090478579303106, 40.365367970610102 ], [ 18.090149617019563, 40.365280461571714 ], [ 18.090091945840836, 40.365267626823815 ], [ 18.090080722711637, 40.36526533293231 ], [ 18.09009278033534, 40.365093704403144 ], [ 18.090123113485763, 40.364628611306728 ], [ 18.090127814304623, 40.363911828297276 ], [ 18.089618717265736, 40.364029260319555 ], [ 18.089011623623357, 40.364171490956345 ], [ 18.088364155481457, 40.364314866055452 ], [ 18.088198338577932, 40.364354640154254 ], [ 18.087963901802805, 40.363726031039967 ], [ 18.087706719946816, 40.363072400358064 ], [ 18.087600222369023, 40.362826322254456 ], [ 18.087562484395637, 40.362756720375707 ], [ 18.087452345890611, 40.362800847535787 ], [ 18.087144205000179, 40.362898202683127 ], [ 18.086839590566765, 40.363025670842006 ], [ 18.086577883296087, 40.363147110162224 ], [ 18.08654417988615, 40.363167049717511 ], [ 18.08622310574869, 40.362915837740132 ], [ 18.085836554813955, 40.362811128602942 ], [ 18.085771129206208, 40.362773577884845 ], [ 18.085583522600086, 40.362664871464126 ], [ 18.085456995730308, 40.362591059328956 ], [ 18.085242347821907, 40.362459693779755 ], [ 18.085147936544836, 40.362396102494806 ], [ 18.084946701571731, 40.36225369580648 ], [ 18.084742045929179, 40.362108506809882 ], [ 18.084526275772514, 40.361948554254226 ], [ 18.084309207601557, 40.361790376103883 ], [ 18.084231132970189, 40.361730779459066 ], [ 18.084183144494485, 40.361672766574593 ], [ 18.08416186600925, 40.361628282768926 ], [ 18.084159721350598, 40.361568876854044 ], [ 18.084182880536776, 40.361431723451723 ], [ 18.084190931119842, 40.361370216955876 ], [ 18.084194854594486, 40.361326132294465 ], [ 18.084204016335125, 40.361301633388692 ], [ 18.084221254907913, 40.361279186880857 ], [ 18.08423837631199, 40.361268885087185 ], [ 18.084296481835263, 40.361266561257764 ], [ 18.084328075844599, 40.361266618613406 ], [ 18.084380219000568, 40.361263940493664 ], [ 18.084461665537606, 40.361257877049717 ], [ 18.084783595264227, 40.361255739040892 ], [ 18.084832234864098, 40.36125524210226 ], [ 18.084912427367751, 40.361254417931626 ], [ 18.085137729361684, 40.361246237123694 ], [ 18.085199540122389, 40.361245586506818 ], [ 18.085232208305545, 40.361245238435686 ], [ 18.085476852742541, 40.361242663526333 ], [ 18.085762186717659, 40.361236913597729 ], [ 18.086046976211925, 40.361229296820802 ], [ 18.086284577248144, 40.361220486246928 ], [ 18.086578751917422, 40.361216758942547 ], [ 18.086852513567436, 40.361216271161929 ], [ 18.087107933160716, 40.361196401305975 ], [ 18.087454264450205, 40.361157809632097 ], [ 18.087558506572542, 40.361139119402772 ], [ 18.087627765002281, 40.361111584009301 ], [ 18.087650172715186, 40.361090196814665 ], [ 18.087659256782128, 40.361073049523455 ], [ 18.087659287438449, 40.361043811628065 ], [ 18.08765492957675, 40.361005314604114 ], [ 18.087632210303752, 40.360977334953915 ], [ 18.087576569257216, 40.360936668524296 ], [ 18.087377270989659, 40.36078918834221 ], [ 18.087249931436972, 40.36069191832101 ], [ 18.087076158913476, 40.360562427316466 ], [ 18.086913245859893, 40.360430468000921 ], [ 18.086684712800981, 40.360239308511559 ], [ 18.086368013632804, 40.359985663207354 ], [ 18.086130945726453, 40.359798855810951 ], [ 18.086020435457343, 40.3596992632081 ], [ 18.085820165105076, 40.359517941256435 ], [ 18.08565312853877, 40.359370334972155 ], [ 18.085581365400881, 40.359315560600884 ], [ 18.085484450721736, 40.359233654657864 ], [ 18.08541810530744, 40.35916347745782 ], [ 18.085371470123164, 40.359107491533919 ], [ 18.085333353013539, 40.359076391776902 ], [ 18.085249923177344, 40.359014930187499 ], [ 18.08517999223745, 40.358972994014451 ], [ 18.08511960385573, 40.358954142246482 ], [ 18.08503028479188, 40.358925659664351 ], [ 18.085003448567839, 40.358916567424181 ], [ 18.084911054100669, 40.35889783869959 ], [ 18.084777176129332, 40.358870786951613 ], [ 18.084690825220115, 40.358850374500271 ], [ 18.084583361025288, 40.358820313347842 ], [ 18.084470438554536, 40.358778227385216 ], [ 18.084316663983497, 40.358713209811356 ], [ 18.084246361340675, 40.358680399986362 ], [ 18.084190683331666, 40.358640642575729 ], [ 18.084168813708054, 40.358620915271601 ], [ 18.084127617525407, 40.358594570183833 ], [ 18.084116488637083, 40.358575107417714 ], [ 18.08409345714546, 40.358554429334866 ], [ 18.083973171089042, 40.358460074763606 ], [ 18.083729685267432, 40.358284079977992 ], [ 18.083608523751852, 40.358182382356119 ], [ 18.083533369109304, 40.358151285021272 ], [ 18.083246222001176, 40.357990667566995 ], [ 18.083226558911484, 40.357978987605563 ], [ 18.083042246210255, 40.357869569222061 ], [ 18.082934443702289, 40.357819382819144 ], [ 18.082896706920131, 40.357807482468814 ], [ 18.082780666647999, 40.357782690607763 ], [ 18.082703938072516, 40.357760697677918 ], [ 18.082645070675671, 40.357740045824237 ], [ 18.082487417637289, 40.357653910257852 ], [ 18.082246435718591, 40.357503560783854 ], [ 18.082147871274305, 40.357432583763895 ], [ 18.082113066296468, 40.357407967958807 ], [ 18.082042917488653, 40.357371504772296 ], [ 18.081938315386207, 40.357330538211073 ], [ 18.081832482229441, 40.357290458262533 ], [ 18.081770457683977, 40.357259677885402 ], [ 18.081704996343337, 40.357244940746916 ], [ 18.08149281315308, 40.357389165106937 ], [ 18.081468872223258, 40.357405294021142 ], [ 18.081369606331183, 40.357472176420657 ], [ 18.08119452564749, 40.357590131418135 ], [ 18.081173620950139, 40.357604215755437 ], [ 18.080866307537082, 40.357810031759293 ], [ 18.080770885579241, 40.357874478316063 ], [ 18.080581723209672, 40.358002560760141 ], [ 18.080450564288064, 40.358090430791734 ], [ 18.080372553546791, 40.358142687375739 ], [ 18.080338380145982, 40.358165582980391 ], [ 18.080103730841241, 40.358319681076793 ], [ 18.079846012412805, 40.358484065447641 ], [ 18.079826503879282, 40.358496501857374 ], [ 18.079660508909054, 40.358594838070672 ], [ 18.079530272080767, 40.358671982034451 ], [ 18.079174678664142, 40.358873441878181 ], [ 18.079079268582326, 40.358925546982867 ], [ 18.078931048492191, 40.359006511135895 ], [ 18.078868266028788, 40.359040806053457 ], [ 18.078774337691353, 40.359092105821446 ], [ 18.078367802098235, 40.359317004231833 ], [ 18.077938052094119, 40.3595568589595 ], [ 18.077884738242744, 40.359586305689376 ], [ 18.077575337988733, 40.359757240826234 ], [ 18.077206538342566, 40.359961125280606 ], [ 18.076904546574593, 40.360130996659173 ], [ 18.076522770760096, 40.360361919819518 ], [ 18.076250788406973, 40.360526088804434 ], [ 18.076203660696539, 40.360556443720974 ], [ 18.076059206788187, 40.360649481603161 ], [ 18.075839883456936, 40.360790731519245 ], [ 18.075784472615727, 40.360826458839718 ], [ 18.075683367892797, 40.360891717252848 ], [ 18.075640758666648, 40.360919222507974 ], [ 18.075539653745651, 40.360984482603833 ], [ 18.075471355088819, 40.361028567356541 ], [ 18.07516861024148, 40.361217547609002 ], [ 18.075126982020191, 40.361253169010624 ], [ 18.075006007748236, 40.361333087824519 ], [ 18.074955493846481, 40.361364352003882 ], [ 18.074739022014231, 40.361506316602139 ], [ 18.074693758139514, 40.36153599982223 ], [ 18.074482407539509, 40.361674604919934 ], [ 18.074439316165524, 40.361702870159014 ], [ 18.074332222599601, 40.361777140763145 ], [ 18.074264843219787, 40.361823868264572 ], [ 18.073964579833874, 40.362032097869921 ], [ 18.073927403906708, 40.36205788170799 ], [ 18.073768167776166, 40.362168304673609 ], [ 18.07286755110686, 40.362820654453394 ], [ 18.072184907893512, 40.363312425216286 ], [ 18.072057132151038, 40.363411516061767 ], [ 18.071918766797634, 40.363518823588066 ], [ 18.071430063972258, 40.363897814658912 ], [ 18.071337922270036, 40.363969272966777 ], [ 18.07124150325372, 40.36404404062516 ], [ 18.07118261797293, 40.36408971192246 ], [ 18.071097743771173, 40.364155527558161 ], [ 18.07066081611535, 40.364490114014274 ], [ 18.070208509472696, 40.364807671492478 ], [ 18.069365417865303, 40.36532308328858 ], [ 18.069364438475628, 40.365348455367759 ], [ 18.069560132913555, 40.365311196697519 ], [ 18.069624369991327, 40.365298800483075 ], [ 18.069633272378624, 40.365305962430917 ], [ 18.069766493528952, 40.36533135758922 ], [ 18.070100320386548, 40.365657895434254 ], [ 18.06986367945283, 40.365704743865543 ], [ 18.069945848911999, 40.365778445738776 ], [ 18.069990313150395, 40.365818327828805 ], [ 18.070020363502913, 40.365845280347784 ], [ 18.070091831791622, 40.365898447369759 ], [ 18.070074131233977, 40.365929259098998 ], [ 18.070051660060894, 40.365919742969837 ], [ 18.070011847482771, 40.36594889583882 ], [ 18.069974458719525, 40.365928376636241 ], [ 18.069959111924504, 40.36591995380973 ], [ 18.069931240947064, 40.365953283921982 ], [ 18.069942226907841, 40.365968725680759 ], [ 18.069939693085999, 40.365970909678481 ], [ 18.069913948184126, 40.365993077508932 ], [ 18.07011535626641, 40.366100471864129 ], [ 18.070208485471003, 40.366150126927579 ], [ 18.070233147211276, 40.366163277738963 ], [ 18.070270879105987, 40.366184450661592 ], [ 18.070389940385024, 40.366251263213734 ], [ 18.070358754039734, 40.366290775750393 ], [ 18.070348262665757, 40.366304064434381 ], [ 18.07025177237421, 40.366440360867159 ], [ 18.070184827022626, 40.36653492035866 ], [ 18.070143928114433, 40.366592690760889 ], [ 18.070016416617971, 40.3667372097296 ], [ 18.069991623686423, 40.366765305994711 ], [ 18.069978298185976, 40.366775362531918 ], [ 18.069874947283413, 40.366853343255642 ], [ 18.06980766789188, 40.366904107947846 ], [ 18.069758985583995, 40.366940840800304 ], [ 18.069691794816329, 40.366991538220198 ], [ 18.06968904855508, 40.366993608962552 ], [ 18.069411766481565, 40.367196514673701 ], [ 18.069380948926472, 40.367197333344222 ], [ 18.069390117324787, 40.367322695976576 ], [ 18.069396450425582, 40.367409318612687 ], [ 18.069376075580255, 40.367745935590818 ], [ 18.06937294569892, 40.367797651188987 ], [ 18.069728170241188, 40.368243351396295 ], [ 18.069983364375705, 40.368556851850464 ], [ 18.070386544665155, 40.369779467741587 ], [ 18.070398048739584, 40.369822889812134 ], [ 18.070406178689971, 40.36985357720426 ], [ 18.070480811227849, 40.370072109860061 ], [ 18.070665796972822, 40.370557476609058 ], [ 18.070969672007418, 40.371374895679807 ], [ 18.071029174073047, 40.371513515371447 ], [ 18.071072458826226, 40.371576746427358 ] ] ] ] } },
{ "type": "Feature", "properties": { "fid": 3.0, "ogc_fid": 3.0, "district": "San Ligorio", "_mean": -2.0289776801101622, "_stdev": 0.92885818169798995, "_min": -3.4981744289398189, "_max": 0.511163949966431 }, "geometry": { "type": "MultiPolygon", "coordinates": [ [ [ [ 18.213136940332056, 40.377728331241698 ], [ 18.21322029717934, 40.377843009006099 ], [ 18.2137459296016, 40.378117691721222 ], [ 18.214947403791061, 40.378755979868124 ], [ 18.215203220787345, 40.378883907903983 ], [ 18.215273661195479, 40.378443423245237 ], [ 18.217017355165463, 40.378350236633814 ], [ 18.21693453648804, 40.378229227761139 ], [ 18.216233488941871, 40.377643121270964 ], [ 18.217441683906781, 40.376740216788598 ], [ 18.216439799918529, 40.376055779521955 ], [ 18.215812591965154, 40.376560238745853 ], [ 18.215175002636347, 40.376155207810619 ], [ 18.214769921466729, 40.376693503299556 ], [ 18.214929574250849, 40.376762510425095 ], [ 18.214340103773772, 40.377208873746184 ], [ 18.214333812449183, 40.377300426743979 ], [ 18.214383179060501, 40.377415418314087 ], [ 18.213136940332056, 40.377728331241698 ] ] ] ] } },
{ "type": "Feature", "properties": { "fid": 4.0, "ogc_fid": 4.0, "district": "Fraz. Torre Chianca - Spiaggiabella - Torre Rinalda", "_mean": -3.8835173011934669, "_stdev": 5.16183639089284, "_min": -17.573579788208008, "_max": 7.0566692352294922 }, "geometry": { "type": "MultiPolygon", "coordinates": [ [ [ [ 18.214611306378909, 40.459582273351373 ], [ 18.213937186574022, 40.459202143574302 ], [ 18.213204569070442, 40.45832969551126 ], [ 18.211567669592029, 40.456035196572991 ], [ 18.211172770742376, 40.456164055139908 ], [ 18.207340702984041, 40.456223847682885 ], [ 18.199627613636249, 40.456296766235859 ], [ 18.194238864996748, 40.456393122181439 ], [ 18.193412745933429, 40.456255111372059 ], [ 18.192890190791786, 40.455744712753031 ], [ 18.191669903245902, 40.454576694901064 ], [ 18.190637885426789, 40.453041073111976 ], [ 18.189002362791317, 40.449096857587428 ], [ 18.18788337172472, 40.446722271349081 ], [ 18.187244962917884, 40.446003255942379 ], [ 18.188625689887875, 40.446733399754379 ], [ 18.190915159060211, 40.444349882859363 ], [ 18.189364027464471, 40.443162522547823 ], [ 18.189764502848597, 40.442619304641667 ], [ 18.190201093516958, 40.44102890527715 ], [ 18.192992999992466, 40.441463655209759 ], [ 18.195597703496745, 40.439183558696563 ], [ 18.195725462691271, 40.438983987189104 ], [ 18.195852849476779, 40.438928785610962 ], [ 18.195606054062896, 40.438618397504179 ], [ 18.19526342655362, 40.438612259769251 ], [ 18.193855140892495, 40.437860723026631 ], [ 18.193649906638004, 40.437740069704979 ], [ 18.191859422499768, 40.436546287118695 ], [ 18.192577877084098, 40.435921088818141 ], [ 18.190248497360695, 40.434358164375084 ], [ 18.191026849209276, 40.43366859535778 ], [ 18.190429333511368, 40.433286779645151 ], [ 18.190359615065141, 40.433321946669658 ], [ 18.185892779943881, 40.4374428206118 ], [ 18.184356780243395, 40.438475848307995 ], [ 18.183412569257829, 40.439840704541474 ], [ 18.179051980657039, 40.441789818275439 ], [ 18.176667828075981, 40.442637033134766 ], [ 18.170649424129664, 40.443208769166866 ], [ 18.164530788781338, 40.444344346634487 ], [ 18.160111005519614, 40.445713477306285 ], [ 18.157369868620204, 40.446769185119301 ], [ 18.153316570999632, 40.448463313647871 ], [ 18.1492217739947, 40.451956764557089 ], [ 18.143703643447523, 40.456607487758589 ], [ 18.136688059991378, 40.458285804936018 ], [ 18.131495832510613, 40.459450882809008 ], [ 18.130656150906141, 40.460006731576534 ], [ 18.123722510281993, 40.463140823211539 ], [ 18.120079466754753, 40.463639296675822 ], [ 18.117271296168838, 40.46411628414446 ], [ 18.117471714896965, 40.46467362224206 ], [ 18.117784960983847, 40.465304858610004 ], [ 18.117955219530469, 40.465736879820156 ], [ 18.118288079908545, 40.466318927354401 ], [ 18.118581086319143, 40.466999583830997 ], [ 18.118999282750625, 40.467841112064377 ], [ 18.119354044072892, 40.468654911365363 ], [ 18.120192933935094, 40.47015379564197 ], [ 18.12063403544785, 40.471193861993875 ], [ 18.121389379440956, 40.472431453414423 ], [ 18.122891332016106, 40.475460535426144 ], [ 18.124064194577244, 40.477988315224984 ], [ 18.126007290067623, 40.48191917985487 ], [ 18.126847289389644, 40.483126726401338 ], [ 18.127117011035519, 40.483593010281005 ], [ 18.127000911281726, 40.483650539223525 ], [ 18.1268422011231, 40.483966470035298 ], [ 18.127358388496997, 40.484072696468111 ], [ 18.127511391354702, 40.484262922915057 ], [ 18.126839849541575, 40.484577823248898 ], [ 18.127046696943133, 40.484902485824811 ], [ 18.127388484813412, 40.484761715492773 ], [ 18.127740011695092, 40.485261072917559 ], [ 18.128202055164163, 40.485412047874362 ], [ 18.128835431692995, 40.485215730084022 ], [ 18.130012897142873, 40.484705662669505 ], [ 18.131624042731328, 40.484009747225564 ], [ 18.133596702267187, 40.4833268992301 ], [ 18.138407047774493, 40.481854687736515 ], [ 18.138829523332937, 40.482285505972335 ], [ 18.140967782366641, 40.481372535575133 ], [ 18.142869231858974, 40.483189267883255 ], [ 18.143114537407936, 40.483294949526169 ], [ 18.143274585198398, 40.483130394570523 ], [ 18.144525571919317, 40.486509733843263 ], [ 18.144526453999099, 40.486512110566764 ], [ 18.144621669912588, 40.486485944582419 ], [ 18.144667776513941, 40.486473952629204 ], [ 18.144712158308515, 40.486463169523866 ], [ 18.144755747311045, 40.486453344711293 ], [ 18.144799892102998, 40.486444054164842 ], [ 18.145010368265986, 40.486402726025482 ], [ 18.145046541084994, 40.486394751371677 ], [ 18.145074929685769, 40.486387565184089 ], [ 18.145086815231373, 40.486384170080029 ], [ 18.145107219763606, 40.48637753461999 ], [ 18.145124884268281, 40.486370829683551 ], [ 18.145163308959066, 40.486355002691162 ], [ 18.145211480748127, 40.486337478075725 ], [ 18.145260805339156, 40.486321399167423 ], [ 18.145356743325657, 40.486292062247692 ], [ 18.145513745910915, 40.486245948116093 ], [ 18.145612756453559, 40.486217995402725 ], [ 18.145658087620568, 40.48620607822351 ], [ 18.145735877282785, 40.486186476498219 ], [ 18.145793922815898, 40.486170222810138 ], [ 18.145885662041966, 40.486149241156674 ], [ 18.145926543490809, 40.48613828275154 ], [ 18.145979152658089, 40.486122069010456 ], [ 18.146140777534487, 40.486069370146588 ], [ 18.146186161980541, 40.486056073255156 ], [ 18.146220290403036, 40.486047523460691 ], [ 18.14625782740454, 40.486039466222266 ], [ 18.146318161038149, 40.486028256830089 ], [ 18.146436831657926, 40.486007792816125 ], [ 18.146472232355208, 40.486000973627398 ], [ 18.146504643112973, 40.485993785563927 ], [ 18.146519564326546, 40.485989974331524 ], [ 18.146546835900427, 40.485981863494565 ], [ 18.146619438846951, 40.48595654804614 ], [ 18.14665743025251, 40.485945343896731 ], [ 18.146682990500558, 40.485938981968744 ], [ 18.14670754088338, 40.485933728384239 ], [ 18.146730098916912, 40.485929763037142 ], [ 18.146780729907153, 40.485921961239946 ], [ 18.146801816962885, 40.485917315417581 ], [ 18.14681310441642, 40.485914251678579 ], [ 18.146837068710678, 40.485906807351832 ], [ 18.146901143788291, 40.485884795499238 ], [ 18.146926752001193, 40.485876432680612 ], [ 18.146951912498611, 40.485868838637856 ], [ 18.146976569739277, 40.485862086940145 ], [ 18.147012476506536, 40.485853731628808 ], [ 18.147091362565639, 40.485838674612268 ], [ 18.147153442082505, 40.485824192731847 ], [ 18.147172421885553, 40.485820396886247 ], [ 18.147199104988918, 40.485816859422769 ], [ 18.147251887525414, 40.485813195984626 ], [ 18.14729020593963, 40.485809998846783 ], [ 18.14734928646023, 40.485804290258024 ], [ 18.147381321639561, 40.485800426722953 ], [ 18.147418639086172, 40.485794743905728 ], [ 18.147521670417671, 40.485776371373383 ], [ 18.14756482928842, 40.485769223270495 ], [ 18.147621667534079, 40.485761224870444 ], [ 18.147666596499384, 40.485756109066116 ], [ 18.147715345122446, 40.48575144753984 ], [ 18.147769208089059, 40.485746925776823 ], [ 18.147889311945143, 40.48573821121969 ], [ 18.147964971990618, 40.485734139896522 ], [ 18.148085214610958, 40.485729402397254 ], [ 18.148122635432632, 40.485726941000635 ], [ 18.148160407594649, 40.485722911820467 ], [ 18.148262215408359, 40.485707643338102 ], [ 18.148368379301921, 40.485694462673699 ], [ 18.148409777966982, 40.485688019755187 ], [ 18.148431987407601, 40.485683919471704 ], [ 18.148455225605847, 40.485679115614708 ], [ 18.148503630758665, 40.485667870079311 ], [ 18.148552226498129, 40.485655403396606 ], [ 18.148619252778687, 40.485636984928881 ], [ 18.148810534408877, 40.485581095790181 ], [ 18.148890591449561, 40.48555906130288 ], [ 18.148923134649948, 40.485550932234858 ], [ 18.148958036622407, 40.48554304506159 ], [ 18.148997153756827, 40.485535241068732 ], [ 18.149042246929152, 40.485527337123401 ], [ 18.149120245973272, 40.485515275190181 ], [ 18.149260809722573, 40.485495589217152 ], [ 18.149343522046539, 40.485485181940419 ], [ 18.149398487020456, 40.485479764698837 ], [ 18.149454079781382, 40.485476167711987 ], [ 18.14951036176889, 40.485474695537121 ], [ 18.149564853025197, 40.485474785339548 ], [ 18.149673103862906, 40.485476723155642 ], [ 18.149711310048502, 40.48547642849443 ], [ 18.149738468765943, 40.4854752462821 ], [ 18.149811571370353, 40.485470982316016 ], [ 18.149849896991185, 40.485467946256996 ], [ 18.149876738413735, 40.485465025332019 ], [ 18.149900211224036, 40.485461457735177 ], [ 18.14992406730914, 40.485456249430811 ], [ 18.150070505706502, 40.485418676652586 ], [ 18.150149897342018, 40.485398821102336 ], [ 18.150219438634402, 40.485382233545515 ], [ 18.150277458792647, 40.48536976119896 ], [ 18.150331627798149, 40.485359942849847 ], [ 18.150388141290538, 40.48535157366257 ], [ 18.150446936156126, 40.485344565286923 ], [ 18.150486593339771, 40.485340745112829 ], [ 18.150526200047292, 40.485337610825781 ], [ 18.150734317464998, 40.485323915737943 ], [ 18.150782517313164, 40.485321654718376 ], [ 18.150835359838382, 40.485320545962253 ], [ 18.150863860294368, 40.485320560813932 ], [ 18.150925355776302, 40.485321602707721 ], [ 18.151190625410106, 40.485330071243482 ], [ 18.151357171623729, 40.485333992191272 ], [ 18.151429306390352, 40.48533501363751 ], [ 18.151488286549, 40.485335241209519 ], [ 18.151536063999441, 40.485334792780975 ], [ 18.151594232014013, 40.485333295130701 ], [ 18.151646099572968, 40.485331266892082 ], [ 18.151680436687631, 40.485329464956678 ], [ 18.151715685549629, 40.485326980620819 ], [ 18.151752727629749, 40.485323492594922 ], [ 18.151812615396057, 40.485316147456736 ], [ 18.151938282183114, 40.485298540157721 ], [ 18.151979791319395, 40.485293209799551 ], [ 18.152022471866733, 40.485288459915857 ], [ 18.152067755668245, 40.485284386519623 ], [ 18.152117015239721, 40.485281078234216 ], [ 18.152198364271541, 40.485277596398504 ], [ 18.152256052541908, 40.48527618356713 ], [ 18.152345051069535, 40.485275338961145 ], [ 18.152433665939615, 40.485275873807716 ], [ 18.152490561212975, 40.485276923375508 ], [ 18.152544329868604, 40.485278463593794 ], [ 18.152618236073593, 40.485281795732107 ], [ 18.152688738051125, 40.485286995131872 ], [ 18.152736944514196, 40.485291929614412 ], [ 18.152787714320542, 40.485298199155849 ], [ 18.152987680660583, 40.485326577559832 ], [ 18.153071099483419, 40.485337314495446 ], [ 18.153146369332173, 40.485345328661346 ], [ 18.153183080633411, 40.48534837919923 ], [ 18.153220752902993, 40.485350791013524 ], [ 18.153281674128639, 40.485353171343029 ], [ 18.153346805364375, 40.485354265766603 ], [ 18.153443252257219, 40.485354531894366 ], [ 18.153496849983217, 40.485353932697535 ], [ 18.153528087748668, 40.485352449040526 ], [ 18.153555925272968, 40.485349644164309 ], [ 18.153580539272792, 40.485345513244731 ], [ 18.153601249810361, 40.485340146910112 ], [ 18.153607298040491, 40.485338063248342 ], [ 18.153618609739205, 40.485333259855857 ], [ 18.153629529631036, 40.485327395344882 ], [ 18.153640823894488, 40.485320205602747 ], [ 18.153660244101705, 40.485305678474447 ], [ 18.153676017635096, 40.48529162022934 ], [ 18.153685051453653, 40.485282762902727 ], [ 18.153705971464024, 40.485260466896833 ], [ 18.153717988069868, 40.485246790475998 ], [ 18.15379712376091, 40.485152011164516 ], [ 18.153819278772655, 40.485126366872173 ], [ 18.153837480838202, 40.485106991258057 ], [ 18.153853315663994, 40.485092228778193 ], [ 18.153868458565203, 40.485080322364169 ], [ 18.153884515431443, 40.485069543863688 ], [ 18.153901699527701, 40.485059157893467 ], [ 18.15394791154586, 40.485033108634646 ], [ 18.153962558989413, 40.485023971848264 ], [ 18.153969525863697, 40.485018836761697 ], [ 18.153974858131811, 40.485014061566886 ], [ 18.15397900219201, 40.485009354856821 ], [ 18.15398209646763, 40.485004649802221 ], [ 18.153984223848216, 40.484999953145817 ], [ 18.153985720324275, 40.484992868885961 ], [ 18.153985347477295, 40.484986925521852 ], [ 18.15398321769565, 40.484977472432419 ], [ 18.153940712748952, 40.484842206261874 ], [ 18.1539330982697, 40.484814637033857 ], [ 18.153928382444676, 40.484793293443573 ], [ 18.153926125034584, 40.484776584291971 ], [ 18.153925796169645, 40.484762767711011 ], [ 18.153926939196616, 40.484750153873868 ], [ 18.153929544762175, 40.484737536113791 ], [ 18.153934134965649, 40.484724224652915 ], [ 18.1539373519003, 40.484717102404481 ], [ 18.153945928135403, 40.484701502395538 ], [ 18.153957475140945, 40.484683848729048 ], [ 18.153996487995563, 40.484628777779044 ], [ 18.154006103066813, 40.484613446615562 ], [ 18.154016093517249, 40.484593790900618 ], [ 18.1540204860686, 40.484582052033048 ], [ 18.154024798252561, 40.484565073355157 ], [ 18.154026722683263, 40.48455352800439 ], [ 18.154033588312444, 40.48449890286156 ], [ 18.15403640522317, 40.484482991813636 ], [ 18.154040088007495, 40.484466678823772 ], [ 18.154044821388148, 40.484450129976537 ], [ 18.154050885559446, 40.484433031383823 ], [ 18.154058579640978, 40.484414969564703 ], [ 18.154068201908807, 40.484395513047367 ], [ 18.154079881509777, 40.484374397103871 ], [ 18.154100309165646, 40.484340594675182 ], [ 18.154129981381647, 40.484294632606456 ], [ 18.154152061783247, 40.484261865845767 ], [ 18.154173155762173, 40.484232215388602 ], [ 18.154186380190211, 40.484214867144374 ], [ 18.154199220179962, 40.484199132625868 ], [ 18.154219524919011, 40.484176051724447 ], [ 18.154262074484869, 40.484130512426759 ], [ 18.154291686809128, 40.484100142866907 ], [ 18.154320761169014, 40.484072138792605 ], [ 18.154347698460015, 40.484048372287951 ], [ 18.154389774244429, 40.48401437469694 ], [ 18.154430585915321, 40.483983609069774 ], [ 18.154462430940701, 40.483962122303538 ], [ 18.154478137083441, 40.483952677316111 ], [ 18.154493767987169, 40.483944144077277 ], [ 18.154509418321471, 40.483936529007472 ], [ 18.154525146148519, 40.483929812506652 ], [ 18.154573991297397, 40.483911391948304 ], [ 18.154650412889438, 40.483881337616651 ], [ 18.154685990208211, 40.483868764704944 ], [ 18.154787625488105, 40.483834805928495 ], [ 18.154849254222029, 40.483813550066827 ], [ 18.154912301517388, 40.483790598145184 ], [ 18.154968642608274, 40.483769027349943 ], [ 18.155042671112923, 40.483739515516042 ], [ 18.155096492151586, 40.483716779577428 ], [ 18.155110726644459, 40.483710166852298 ], [ 18.155127553155015, 40.48370147476119 ], [ 18.155137234417754, 40.483695869129029 ], [ 18.155150197240125, 40.483687543813907 ], [ 18.155164976599298, 40.483676700972367 ], [ 18.155177031621147, 40.4836658695274 ], [ 18.155183991596896, 40.483657068756543 ], [ 18.155188981092078, 40.483646997820223 ], [ 18.155191325989797, 40.483639142789478 ], [ 18.15519353689006, 40.483624905541234 ], [ 18.155194530247609, 40.483607341997399 ], [ 18.155195596138832, 40.483556847311732 ], [ 18.155196898420776, 40.483544616406782 ], [ 18.155199373257066, 40.483531731984975 ], [ 18.155206042504098, 40.483510185412833 ], [ 18.155212113224724, 40.483494996040868 ], [ 18.155218807533132, 40.483480275999547 ], [ 18.155225559204052, 40.483467031518934 ], [ 18.155231963968728, 40.483455949162568 ], [ 18.155241848046487, 40.483442339868525 ], [ 18.155253829677672, 40.483430195416574 ], [ 18.155269733848765, 40.48341743037895 ], [ 18.155290855976368, 40.483403495961319 ], [ 18.155318332049493, 40.483388217006819 ], [ 18.15534099189205, 40.48337764515928 ], [ 18.155353904036623, 40.483372518649709 ], [ 18.15536801953413, 40.483367647473578 ], [ 18.155383412864111, 40.483363110656981 ], [ 18.155400207737671, 40.483359030914933 ], [ 18.155418503039492, 40.483355504620121 ], [ 18.155456604623417, 40.483345204278592 ], [ 18.155483503308755, 40.483341767100129 ], [ 18.155512646097094, 40.483345185870604 ], [ 18.155526094564788, 40.483334892748296 ], [ 18.155526104177124, 40.483317734376179 ], [ 18.155508173898021, 40.483290294059969 ], [ 18.155503705610563, 40.483269709354197 ], [ 18.155504824311038, 40.483252556698837 ], [ 18.155557530573592, 40.483175350374047 ], [ 18.155591161969522, 40.483127316234253 ], [ 18.155609097877182, 40.483103291062406 ], [ 18.155680849122987, 40.483020943648064 ], [ 18.155740259817456, 40.48298661590529 ], [ 18.155846731835421, 40.482917982624485 ], [ 18.155921826699732, 40.482887090057758 ], [ 18.155956578986043, 40.482866496165165 ], [ 18.155985719726932, 40.482852765771668 ], [ 18.156014856200368, 40.482842467109329 ], [ 18.156047354385642, 40.482832166619808 ], [ 18.156128049726785, 40.482802985261543 ], [ 18.156206490972195, 40.482784097280849 ], [ 18.156277102959354, 40.48277207034559 ], [ 18.156348823991404, 40.482760049077378 ], [ 18.156383558706814, 40.482753173017755 ], [ 18.156487783324664, 40.4827171334436 ], [ 18.156580800514551, 40.482691379795249 ], [ 18.156687260253914, 40.482669050458028 ], [ 18.156823982265113, 40.482641570334522 ], [ 18.156943889088552, 40.482619242391081 ], [ 18.157050342057449, 40.482602055834214 ], [ 18.157189305036216, 40.482574577053988 ], [ 18.157302481689797, 40.482557395558558 ], [ 18.157410057179714, 40.482538493689376 ], [ 18.15746944791562, 40.482519612410627 ], [ 18.157573657454634, 40.48248528358193 ], [ 18.157693562561246, 40.482454380360572 ], [ 18.157782088414294, 40.482435494732044 ], [ 18.157921031295825, 40.482404584003596 ], [ 18.158068939374147, 40.482363376221244 ], [ 18.158201162060593, 40.482339332068157 ], [ 18.158290805096595, 40.482332448683735 ], [ 18.158403986548379, 40.482339269313002 ], [ 18.158477945650226, 40.482328959861121 ], [ 18.158533971904209, 40.482311791311204 ], [ 18.158569819316089, 40.482301488565014 ], [ 18.158616877174794, 40.482287762753764 ], [ 18.158652732804764, 40.482270596515825 ], [ 18.158670663095595, 40.482260306521539 ], [ 18.158706500678509, 40.482229432291824 ], [ 18.158717700495618, 40.482205419794838 ], [ 18.158733375169387, 40.482177979353203 ], [ 18.158769231702923, 40.482150527199792 ], [ 18.158829719217561, 40.482102495983263 ], [ 18.158917091614772, 40.48202360119479 ], [ 18.158946202049606, 40.481985867559082 ], [ 18.158943947806495, 40.481958440239971 ], [ 18.158939462701483, 40.481941287754786 ], [ 18.158975304524461, 40.481906990713455 ], [ 18.159020106371567, 40.481876114318553 ], [ 18.159073894424466, 40.481865806939666 ], [ 18.159111993078334, 40.481876086198341 ], [ 18.159168007000414, 40.48185891768199 ], [ 18.15920161006979, 40.481841767873625 ], [ 18.159215030123722, 40.481786900064847 ], [ 18.159257595045624, 40.481752599122238 ], [ 18.159264298067885, 40.481711443427521 ], [ 18.159255314555406, 40.481660016770547 ], [ 18.159264251552205, 40.481615440384736 ], [ 18.159297844531359, 40.4815777191153 ], [ 18.159331443829295, 40.481553706132196 ], [ 18.159398645959577, 40.48151254328161 ], [ 18.159445699474535, 40.481491954015439 ], [ 18.159577874503817, 40.481447337896391 ], [ 18.15966523296439, 40.481378737794756 ], [ 18.159743605303202, 40.481289577652461 ], [ 18.159783924767936, 40.481258715547149 ], [ 18.159826484163634, 40.481238132024878 ], [ 18.159886978988908, 40.481231252489032 ], [ 18.159929544807031, 40.481224377221444 ], [ 18.159963147361427, 40.481207227208891 ], [ 18.160021365989248, 40.481152358204149 ], [ 18.160088983189887, 40.481122568290935 ], [ 18.160167948364933, 40.481091035657975 ], [ 18.160247652878539, 40.481075505970942 ], [ 18.160319882572367, 40.481049498663999 ], [ 18.160389239678736, 40.481036927138049 ], [ 18.160541924452055, 40.481011383537286 ], [ 18.160774200536665, 40.480967655756203 ], [ 18.161115875295394, 40.480944944817942 ], [ 18.16137676303628, 40.480911943292476 ], [ 18.161531341272912, 40.480891318339125 ], [ 18.161656797067241, 40.480870707024621 ], [ 18.161936823314477, 40.480826047679635 ], [ 18.162077063651274, 40.480799266637732 ], [ 18.162276042640844, 40.480775947596598 ], [ 18.162475045420205, 40.480773226284292 ], [ 18.162821699973353, 40.480753859567642 ], [ 18.162953685158673, 40.480747460975877 ], [ 18.163065555291631, 40.480730687938866 ], [ 18.163177437142338, 40.480713914472737 ], [ 18.163242330207158, 40.480707272965319 ], [ 18.163347499814691, 40.480700779928974 ], [ 18.163463887926028, 40.48068401783091 ], [ 18.163712339451969, 40.480664285632358 ], [ 18.163900385407612, 40.48066837404815 ], [ 18.164090712838526, 40.480679343935371 ], [ 18.164307945850052, 40.480683541550604 ], [ 18.164426651180353, 40.480683963138652 ], [ 18.164739075412832, 40.480709284166657 ], [ 18.164890025392282, 40.480721160891292 ], [ 18.165037226327524, 40.48072780811713 ], [ 18.165251674312305, 40.480751291948209 ], [ 18.16566332846979, 40.480729333191924 ], [ 18.165935209645788, 40.480682356540932 ], [ 18.165952818765369, 40.48068433258333 ], [ 18.165962445428185, 40.480682861703364 ], [ 18.165964874953239, 40.480682879751178 ], [ 18.165974304014831, 40.480682950860434 ], [ 18.165983907271677, 40.480683741344848 ], [ 18.166001229474041, 40.480684131031062 ], [ 18.166020436411614, 40.480685720989854 ], [ 18.16603797091625, 40.4806871136186 ], [ 18.166059668200848, 40.480688986552678 ], [ 18.166075206642866, 40.480689821441587 ], [ 18.166086941276337, 40.480690535459935 ], [ 18.166106371876985, 40.48069311903393 ], [ 18.166119867294764, 40.480695658195565 ], [ 18.166147912332384, 40.480701833465211 ], [ 18.166168968412943, 40.48070687636568 ], [ 18.166192638796229, 40.480711577367664 ], [ 18.166217498269905, 40.480716732128641 ], [ 18.166239643314384, 40.480720601282187 ], [ 18.166261182330864, 40.480725378730192 ], [ 18.1662896981126, 40.480731279856968 ], [ 18.16630947634577, 40.480734232152038 ], [ 18.166330184831626, 40.480738906266247 ], [ 18.166350669656211, 40.48074258674761 ], [ 18.166360025867515, 40.480744644937033 ], [ 18.166390325848283, 40.480750109814991 ], [ 18.16643072380749, 40.480756099372535 ], [ 18.166480613125376, 40.480761252183996 ], [ 18.166521482240455, 40.480766976596136 ], [ 18.166569711337374, 40.480771940721006 ], [ 18.166591396877578, 40.480773813876525 ], [ 18.166601359548469, 40.48077497274079 ], [ 18.166626141889495, 40.48077622955401 ], [ 18.166654592738897, 40.480778241403165 ], [ 18.166679251979229, 40.48078014106877 ], [ 18.166713638021264, 40.480782197283226 ], [ 18.166749571950177, 40.480782805962711 ], [ 18.166789186591753, 40.480784178340123 ], [ 18.166818378774071, 40.480784647655497 ], [ 18.166833198867501, 40.480784754573918 ], [ 18.166861684879152, 40.480784504683356 ], [ 18.16688292266106, 40.480784381532999 ], [ 18.166910319304829, 40.480785296374698 ], [ 18.16694091331836, 40.480787231356771 ], [ 18.166976600625684, 40.48078911669824 ], [ 18.166998321328972, 40.48078872808847 ], [ 18.167026671613684, 40.480789103353835 ], [ 18.167057265630302, 40.480791038304865 ], [ 18.167067699450183, 40.480791932013126 ], [ 18.167098640664975, 40.48079422671136 ], [ 18.167149989968951, 40.480796312877509 ], [ 18.167197670760707, 40.480797643997008 ], [ 18.167233616895935, 40.480798261197407 ], [ 18.167256391392698, 40.480798960484307 ], [ 18.167270616826475, 40.480799966331539 ], [ 18.167295422964006, 40.480798970630694 ], [ 18.167347065806371, 40.48079751796444 ], [ 18.167381698902116, 40.480798306240494 ], [ 18.167419104525131, 40.480795848031782 ], [ 18.167451752694664, 40.48079380854012 ], [ 18.167468851239136, 40.480793204378358 ], [ 18.167521842031835, 40.480787058105129 ], [ 18.167568550003523, 40.480780498721806 ], [ 18.167616771757181, 40.480777032180519 ], [ 18.167655961529711, 40.480774137653341 ], [ 18.167673407264669, 40.480773893217915 ], [ 18.167712634996864, 40.480787849479476 ], [ 18.167752249639694, 40.480789221525356 ], [ 18.167804127700474, 40.480786501239621 ], [ 18.167855087245663, 40.480782058798731 ], [ 18.167868034766016, 40.480780974012362 ], [ 18.167881812403927, 40.480779983538419 ], [ 18.167918488043497, 40.48077905834959 ], [ 18.167937482481495, 40.480777384325357 ], [ 18.167978243651543, 40.480773041503205 ], [ 18.168022708228012, 40.480764931259408 ], [ 18.1680588709918, 40.480758120600001 ], [ 18.168091194821582, 40.480753450814554 ], [ 18.16812292442183, 40.480749689004632 ], [ 18.168139787048997, 40.480748082447526 ], [ 18.168181220525899, 40.480746747414038 ], [ 18.168225761906815, 40.480742525951342 ], [ 18.168285259068018, 40.480737786006117 ], [ 18.168341446680746, 40.480732650474486 ], [ 18.168355706790223, 40.480731385505713 ], [ 18.168394355568125, 40.480733288219241 ], [ 18.168437449260963, 40.480732141714661 ], [ 18.168494085089808, 40.480729011347293 ], [ 18.168552975365994, 40.480725161584026 ], [ 18.168591087915495, 40.48072344017271 ], [ 18.168601421123022, 40.48072269725327 ], [ 18.168620268274314, 40.480723909355952 ], [ 18.168659782263127, 40.480723644602428 ], [ 18.168723889977315, 40.480721380887623 ], [ 18.168758905319791, 40.480720266817634 ], [ 18.168785595321111, 40.480720453036398 ], [ 18.168810737060873, 40.480722077804309 ], [ 18.168823178747839, 40.480723528715629 ], [ 18.168861838881103, 40.480725421953679 ], [ 18.168902553918535, 40.480723358808532 ], [ 18.168945894591452, 40.480720944374184 ], [ 18.16899481102935, 40.480718205760951 ], [ 18.169029625536599, 40.480713827628485 ], [ 18.169044356755816, 40.480712297452165 ], [ 18.169074120642435, 40.480714137562046 ], [ 18.169118415342957, 40.480711192493544 ], [ 18.169161778869896, 40.480706507620667 ], [ 18.169191399874983, 40.480700551676264 ], [ 18.16923533514802, 40.480697238140017 ], [ 18.169280965726777, 40.480691851508787 ], [ 18.169291905329352, 40.48069020921011 ], [ 18.169338512384481, 40.480682012631831 ], [ 18.169398550225001, 40.480672474626168 ], [ 18.16943550782128, 40.480668019531102 ], [ 18.169452617381943, 40.480665145042842 ], [ 18.169475326685514, 40.480661954714932 ], [ 18.169516728852535, 40.480652189635336 ], [ 18.169556099853946, 40.480644128554509 ], [ 18.169582399895354, 40.480637786309465 ], [ 18.169610036242034, 40.480629011548999 ], [ 18.169629671623522, 40.480624167248962 ], [ 18.169641116972564, 40.480619989111553 ], [ 18.169671232299816, 40.480611506559228 ], [ 18.169712444903823, 40.480598468114756 ], [ 18.169742818983494, 40.480588717479435 ], [ 18.169789137028292, 40.480575637926357 ], [ 18.16984093016076, 40.480560597665864 ], [ 18.169883791574907, 40.480547757080743 ], [ 18.16991917000291, 40.480536319830769 ], [ 18.169928348258672, 40.480532843393199 ], [ 18.169952316412157, 40.480523322612804 ], [ 18.169978438766584, 40.480511454941364 ], [ 18.170001599635146, 40.480499569495244 ], [ 18.17002167510277, 40.480488291151964 ], [ 18.170044994073965, 40.480473501146093 ], [ 18.170068301678228, 40.480458720454536 ], [ 18.17008027598807, 40.480449745106014 ], [ 18.17009253190367, 40.480437231333703 ], [ 18.170106942862574, 40.480422388662234 ], [ 18.170117797301721, 40.48040841822607 ], [ 18.170127991222319, 40.480389187901203 ], [ 18.17014243678598, 40.480372074545386 ], [ 18.17017076425871, 40.480344915679275 ], [ 18.17018531002924, 40.480329429809416 ], [ 18.170190360510212, 40.48032321150832 ], [ 18.170197492703714, 40.480302335923064 ], [ 18.170219614744134, 40.480278661949811 ], [ 18.170246709850638, 40.480244871822023 ], [ 18.170265916492262, 40.480216648358997 ], [ 18.170288590745439, 40.480185915842483 ], [ 18.170312743836025, 40.480160537828681 ], [ 18.170322486059796, 40.480150002506996 ], [ 18.170365154429543, 40.480114784987407 ], [ 18.170409123988648, 40.480079396621079 ], [ 18.170440736643044, 40.480054876564935 ], [ 18.170452957809399, 40.480044633439149 ], [ 18.17048095692406, 40.480025535651613 ], [ 18.170505353145042, 40.480009581109499 ], [ 18.170545009353983, 40.479987299031194 ], [ 18.170578336714723, 40.479969135734009 ], [ 18.170586932145035, 40.479964306205595 ], [ 18.17060547062032, 40.479952205308798 ], [ 18.170645632487624, 40.479927387389004 ], [ 18.170680701536458, 40.479902628245057 ], [ 18.170714133164317, 40.479875410147137 ], [ 18.17074509315681, 40.479856321057106 ], [ 18.170758727911782, 40.47984754322723 ], [ 18.170775547834253, 40.47983977676445 ], [ 18.170814597467722, 40.479818393924859 ], [ 18.170822498017344, 40.47981283589197 ], [ 18.170845917242332, 40.479799682223131 ], [ 18.170877707693787, 40.479780696388147 ], [ 18.17089576316728, 40.479768860901871 ], [ 18.170925163508404, 40.479751219666738 ], [ 18.170955258678461, 40.479734306911965 ], [ 18.170970900806903, 40.479726077389081 ], [ 18.170992231050256, 40.479719159769516 ], [ 18.171036709915231, 40.479700356831636 ], [ 18.171075960298388, 40.479682237883182 ], [ 18.171104584223023, 40.47967065252535 ], [ 18.171144630086872, 40.479654898525609 ], [ 18.171181119897405, 40.479640025775595 ], [ 18.171191611388672, 40.479636387075075 ], [ 18.171202438309926, 40.479633108442457 ], [ 18.171236190389799, 40.479619211553285 ], [ 18.171280603026752, 40.479596501362352 ], [ 18.171313570996961, 40.479577978445057 ], [ 18.171334588194412, 40.479566169626864 ], [ 18.171344631777473, 40.479560534684197 ], [ 18.171362304889637, 40.479550601069363 ], [ 18.171392376630525, 40.479535949568394 ], [ 18.171427788831625, 40.479522241204364 ], [ 18.171453404833315, 40.479512909033431 ], [ 18.17148234167367, 40.479503963005946 ], [ 18.171503188895805, 40.479497310752322 ], [ 18.171513073974705, 40.479494571352191 ], [ 18.171528356984187, 40.479485982337373 ], [ 18.171548084675123, 40.47947434400362 ], [ 18.171568900434703, 40.47945926217794 ], [ 18.171587619861114, 40.479441995222217 ], [ 18.171601559166373, 40.479427417515232 ], [ 18.171618618366644, 40.479409961979862 ], [ 18.171629719286084, 40.479394723673025 ], [ 18.171648102904499, 40.479374835927644 ], [ 18.171667528915425, 40.47935829711983 ], [ 18.171675069923481, 40.479352370617391 ], [ 18.171692935974217, 40.479337270719888 ], [ 18.171716424079023, 40.479317323809404 ], [ 18.171722799118882, 40.479310933954814 ], [ 18.171748229356581, 40.479287646183387 ], [ 18.17176121501781, 40.479273608044998 ], [ 18.17177218062859, 40.479259003922095 ], [ 18.17177910776352, 40.479245555531051 ], [ 18.171784092324557, 40.479235439000426 ], [ 18.171789281353114, 40.479217895197159 ], [ 18.171791551867205, 40.479206502191502 ], [ 18.171793250584315, 40.479193737836063 ], [ 18.171793366146822, 40.479184673756613 ], [ 18.1717956362357, 40.479173271755677 ], [ 18.171799343213994, 40.479161073706656 ], [ 18.171803698613466, 40.479154126860628 ], [ 18.171821900439788, 40.479139396008073 ], [ 18.171835893898322, 40.479130977480558 ], [ 18.171853095714741, 40.479121308930679 ], [ 18.171877939177012, 40.479107350347434 ], [ 18.171909729004302, 40.479088364249506 ], [ 18.171930880772109, 40.479075912140353 ], [ 18.171940688712823, 40.479069283858138 ], [ 18.171953638882211, 40.479057498389444 ], [ 18.171966724723713, 40.479045087718625 ], [ 18.171973817769061, 40.479037164972638 ], [ 18.171981169538238, 40.479027974157759 ], [ 18.17199022791803, 40.479014449191759 ], [ 18.17199916282172, 40.479001558097643 ], [ 18.172006236141712, 40.47898520546719 ], [ 18.172012332681032, 40.478971653784328 ], [ 18.172022908478695, 40.478950530370803 ], [ 18.172031360480808, 40.478937904732696 ], [ 18.172038083091408, 40.478931883600836 ], [ 18.172047407689796, 40.478925511773511 ], [ 18.172062482022461, 40.478905237512969 ], [ 18.17208000371269, 40.478879077581603 ], [ 18.172094348196097, 40.478860336520853 ], [ 18.172101564679284, 40.478851779895564 ], [ 18.172127782205802, 40.478822426807689 ], [ 18.172141574597557, 40.478810744276167 ], [ 18.172156938330886, 40.478795361786695 ], [ 18.172186071232613, 40.478770558119287 ], [ 18.172206697872266, 40.478752220891877 ], [ 18.172214520261758, 40.478742755933759 ], [ 18.172221489777208, 40.47873546704713 ], [ 18.17224831010941, 40.478715905845668 ], [ 18.172259576768152, 40.478706193140269 ], [ 18.172278585698052, 40.478693826861488 ], [ 18.172301421086381, 40.478679310892126 ], [ 18.172319387518439, 40.478665847390758 ], [ 18.17233316806529, 40.478654165162155 ], [ 18.172361030391183, 40.47863569215761 ], [ 18.172372880602421, 40.47862735046531 ], [ 18.172382846452848, 40.478617817597559 ], [ 18.172399364201365, 40.478605150463146 ], [ 18.17241702934383, 40.47858679549104 ], [ 18.172425033317779, 40.478572173603879 ], [ 18.172437693837175, 40.478555496306377 ], [ 18.172450701985873, 40.47853918774446 ], [ 18.172465293231845, 40.478519178897692 ], [ 18.172470637056172, 40.478509430755331 ], [ 18.172474992346856, 40.47850248388751 ], [ 18.172483359132158, 40.478477539169013 ], [ 18.172500722540768, 40.478454283734116 ], [ 18.172510610837023, 40.478440853014526 ], [ 18.172518939220502, 40.478428861218482 ], [ 18.172524248061414, 40.478421374757637 ], [ 18.172536885764405, 40.478406967806031 ], [ 18.172554168639998, 40.47839051475804 ], [ 18.172571416115719, 40.478376314396051 ], [ 18.172579439817078, 40.47837012238066 ], [ 18.172600591235771, 40.478357670160612 ], [ 18.172623302975229, 40.478343788006683 ], [ 18.172647574609176, 40.478328466922768 ], [ 18.172666212541269, 40.478317993209778 ], [ 18.172696430091545, 40.478300446165051 ], [ 18.172715450606404, 40.478288079497247 ], [ 18.172724327134464, 40.478279711397676 ], [ 18.172756050586965, 40.478256826922681 ], [ 18.172795527194577, 40.478229018804029 ], [ 18.172818072817417, 40.478209610962828 ], [ 18.172829014854244, 40.478197268112069 ], [ 18.172844861172244, 40.478181620079688 ], [ 18.172857116168721, 40.478169106044525 ], [ 18.172879279160874, 40.478151591140403 ], [ 18.172892028421739, 40.478136550604688 ], [ 18.172895688799127, 40.478128875247478 ], [ 18.172899904433624, 40.478125724091136 ], [ 18.172904967131252, 40.478119523351644 ], [ 18.172912014507254, 40.47811388954743 ], [ 18.17291706542321, 40.478107689131186 ], [ 18.172924754093792, 40.478098894308317 ], [ 18.172934138320958, 40.478088035354062 ], [ 18.172939919035812, 40.478080301729065 ], [ 18.172945352961726, 40.478072217358992 ], [ 18.172952905958745, 40.478064047736169 ], [ 18.172961583550091, 40.478052460628348 ], [ 18.172973122215325, 40.478039263730551 ], [ 18.172979598192558, 40.478032267574285 ], [ 18.172985885373276, 40.478022016121251 ], [ 18.172995292330725, 40.478008886807906 ], [ 18.173008479802984, 40.477995887782264 ], [ 18.173020466373238, 40.477984687101753 ], [ 18.173035078482357, 40.477970883339992 ], [ 18.173048713439854, 40.477959871536314 ], [ 18.173069125220007, 40.477946746029154 ], [ 18.173086045990267, 40.477938382010414 ], [ 18.173095931230566, 40.477933399763515 ], [ 18.173117326507672, 40.477925876509886 ], [ 18.173136467472315, 40.477919072705305 ], [ 18.173160029383148, 40.477909220171917 ], [ 18.173176814892393, 40.477901490337644 ], [ 18.173197573840934, 40.47788872454862 ], [ 18.173211019949644, 40.477874457431547 ], [ 18.173221910446383, 40.47785601831427 ], [ 18.173225529864798, 40.47784221940551 ], [ 18.173226758891452, 40.477829756157746 ], [ 18.173231296907122, 40.477817679335118 ], [ 18.173247728362412, 40.477801186536119 ], [ 18.173274657737739, 40.477787206358784 ], [ 18.173283712431719, 40.477782120825601 ], [ 18.173297830184396, 40.477770843532284 ], [ 18.173308986157302, 40.477759539553468 ], [ 18.173313960304565, 40.477749459271983 ], [ 18.173468398487142, 40.477696820866122 ], [ 18.173606877094915, 40.477642162040425 ], [ 18.173745226479145, 40.477584516323653 ], [ 18.173856469633243, 40.477533596090481 ], [ 18.173994525225954, 40.47746997759684 ], [ 18.174101281832623, 40.477407210340147 ], [ 18.174157174566062, 40.477345850265969 ], [ 18.174227442467874, 40.477257164461328 ], [ 18.174263529090986, 40.477227026195983 ], [ 18.174282121462834, 40.477216598512641 ], [ 18.174291782740237, 40.47721062255998 ], [ 18.174307383283555, 40.477194026359676 ], [ 18.174314334543773, 40.477178352461927 ], [ 18.174315880506541, 40.477160107091791 ], [ 18.174315866627875, 40.477143300667919 ], [ 18.174315918155251, 40.477130383410483 ], [ 18.174314668094407, 40.477117628031849 ], [ 18.174313506571337, 40.477106500461282 ], [ 18.174312963565743, 40.477094482220977 ], [ 18.174313038225947, 40.477079303604995 ], [ 18.174311564402455, 40.477065554616075 ], [ 18.174309295413362, 40.477049449675725 ], [ 18.174307238834757, 40.477034347664414 ], [ 18.174306753875236, 40.477017806383124 ], [ 18.174306669754017, 40.477005514328198 ], [ 18.174306439052671, 40.476996117505884 ], [ 18.174310398486966, 40.476974275095259 ], [ 18.17432983495301, 40.476936470357217 ], [ 18.174348166034019, 40.476910494995195 ], [ 18.174371671665732, 40.476877694279231 ], [ 18.174386847292329, 40.476856840497383 ], [ 18.174393145934879, 40.476846588654318 ], [ 18.174405950368616, 40.476835482436847 ], [ 18.174436139246197, 40.476807343661783 ], [ 18.174469788438866, 40.476768292502776 ], [ 18.174487802294529, 40.476748099239508 ], [ 18.174498228147577, 40.476738328374054 ], [ 18.174522512230425, 40.476718539156245 ], [ 18.174552966643638, 40.476697535492839 ], [ 18.174579953751564, 40.476679040990319 ], [ 18.174603473136013, 40.476663046655709 ], [ 18.174619238801068, 40.476651958074221 ], [ 18.174627127733398, 40.476646418118406 ], [ 18.174655821611971, 40.476623598412289 ], [ 18.174695647901338, 40.476591735959175 ], [ 18.174730098998864, 40.476563443892047 ], [ 18.174759468904213, 40.476535201455619 ], [ 18.174767910022833, 40.476522611948091 ], [ 18.17477427400733, 40.476516249252711 ], [ 18.174789615187894, 40.476500912073774 ], [ 18.174806910912881, 40.476482251660016 ], [ 18.174821780999274, 40.476467179622148 ], [ 18.17483894148506, 40.476449153402591 ], [ 18.174852946592484, 40.476436248777567 ], [ 18.174859781215648, 40.476429611937782 ], [ 18.174882439834228, 40.476407372438814 ], [ 18.174907041202307, 40.476381810025288 ], [ 18.17493497458765, 40.476354372627831 ], [ 18.174957374494841, 40.476333401188924 ], [ 18.174968047098847, 40.476322362536152 ], [ 18.174990358434123, 40.476299763284317 ], [ 18.175018515523998, 40.4762733194775 ], [ 18.175053383737033, 40.476240872689239 ], [ 18.175074099902233, 40.476221965064639 ], [ 18.175080587270006, 40.476214968479503 ], [ 18.175092055441198, 40.476206294757439 ], [ 18.175112806470835, 40.476185125444822 ], [ 18.175134387555104, 40.476164050392448 ], [ 18.175151324108953, 40.476145030523433 ], [ 18.175161043145895, 40.47613453146618 ], [ 18.175182682611243, 40.476108942361449 ], [ 18.175204121390447, 40.476080098287234 ], [ 18.175220609932591, 40.476059082197878 ], [ 18.175233731146982, 40.476042193780188 ], [ 18.175248500707404, 40.47602549421071 ], [ 18.175258231491892, 40.476014994822386 ], [ 18.175292863905035, 40.475981554685887 ], [ 18.175314480173132, 40.475958226917349 ], [ 18.17533576053453, 40.475932278378522 ], [ 18.175350240811593, 40.475910696025373 ], [ 18.175369112486852, 40.47587994100779 ], [ 18.175377487953114, 40.475863462297532 ], [ 18.175381844055568, 40.475856542320685 ], [ 18.175393381881712, 40.475843345208759 ], [ 18.175433911175965, 40.475793143214339 ], [ 18.175440298126734, 40.475784519128879 ], [ 18.175450527725143, 40.475763089689423 ], [ 18.175466791916541, 40.47574107096694 ], [ 18.175486647160881, 40.475715918170017 ], [ 18.175504819172691, 40.475692838205632 ], [ 18.175522732098756, 40.475671017317637 ], [ 18.175536872131516, 40.475657478420203 ], [ 18.175543235539788, 40.475651106692233 ], [ 18.175559089802558, 40.47564165479713 ], [ 18.175570375993868, 40.475638128951772 ], [ 18.175584947558441, 40.475637241828963 ], [ 18.175599866758539, 40.475636723431691 ], [ 18.175611218420187, 40.475637086746303 ], [ 18.175621585557622, 40.475631829834178 ], [ 18.175631369924318, 40.475625219905908 ], [ 18.175638911017778, 40.475619311160543 ], [ 18.175645610269566, 40.475613308478586 ], [ 18.175653298307779, 40.475604513494922 ], [ 18.175658260224662, 40.475596685166771 ], [ 18.17566225686673, 40.475589396777615 ], [ 18.175668960797331, 40.475574990563075 ], [ 18.175672633314047, 40.47556508108422 ], [ 18.175678896780163, 40.475557090862402 ], [ 18.175685955013396, 40.475551447586369 ], [ 18.17570263219325, 40.475533686725548 ], [ 18.17571871443818, 40.47551681589087 ], [ 18.175732754053538, 40.475501649489608 ], [ 18.175745021889878, 40.475486928119253 ], [ 18.175755976389489, 40.475472368965534 ], [ 18.175768850495743, 40.475456748245406 ], [ 18.175780499833134, 40.475442917548186 ], [ 18.175786292207448, 40.475435192469753 ], [ 18.175802556637851, 40.475413182701232 ], [ 18.17581592445034, 40.475395026475489 ], [ 18.17582484808392, 40.475382171428876 ], [ 18.175830763880008, 40.475373812473251 ], [ 18.175839046367059, 40.475364118454941 ], [ 18.175848429755685, 40.475353259291452 ], [ 18.175863770434148, 40.475337921986359 ], [ 18.175881760420015, 40.475319989888789 ], [ 18.17588823541654, 40.475312984592598 ], [ 18.175898877931999, 40.475295813009765 ], [ 18.175910821141805, 40.475278461540363 ], [ 18.175919879952733, 40.475264972288116 ], [ 18.175929309476523, 40.475249590404339 ], [ 18.175934800767802, 40.475236982873732 ], [ 18.175944995274513, 40.475217815079091 ], [ 18.175958239581735, 40.475200292714625 ], [ 18.175964178850197, 40.475189681391093 ], [ 18.175961715987626, 40.475178724734121 ], [ 18.175955300646656, 40.475153736018257 ], [ 18.175949174582179, 40.475133630071532 ], [ 18.175941098716692, 40.475108443842892 ], [ 18.175937304535722, 40.475091516226399 ], [ 18.175930761128527, 40.475075564914356 ], [ 18.17592436005738, 40.475067382609282 ], [ 18.175917588271858, 40.475061092934688 ], [ 18.175909468728083, 40.475057236155408 ], [ 18.175899823862039, 40.475052547663964 ], [ 18.175887836247693, 40.475046950867707 ], [ 18.175878067953626, 40.475042896249661 ], [ 18.175861458158217, 40.475037075315377 ], [ 18.175842176400629, 40.475036119520745 ], [ 18.175825137518601, 40.475036705255512 ], [ 18.175807446140784, 40.475040461336157 ], [ 18.17578998989347, 40.475045201701953 ], [ 18.175777144049739, 40.475050166528355 ], [ 18.175767093607384, 40.47504963233753 ], [ 18.175755553558215, 40.475046022741147 ], [ 18.175740939734006, 40.47504075935921 ], [ 18.175731048016591, 40.475037338603599 ], [ 18.175719025126394, 40.475033994475538 ], [ 18.175708527133558, 40.475031473065208 ], [ 18.175693318817391, 40.475027108700267 ], [ 18.17567951196601, 40.475024200927891 ], [ 18.175668531555175, 40.4750219539809 ], [ 18.175653358113003, 40.475015327928887 ], [ 18.175637478477515, 40.47500798273434 ], [ 18.17562701536183, 40.475003199634664 ], [ 18.175618100657896, 40.47499698689176 ], [ 18.175604734282516, 40.474987663116408 ], [ 18.175590785149002, 40.474976986323497 ], [ 18.175578372692289, 40.474967131925631 ], [ 18.17556656651799, 40.474956378179741 ], [ 18.175555107555272, 40.474945984164904 ], [ 18.175546698804652, 40.474937244586705 ], [ 18.175536541390827, 40.474926688678707 ], [ 18.175530711786674, 40.47491986868463 ], [ 18.175524411117955, 40.474913313837547 ], [ 18.175518492956321, 40.474904866036049 ], [ 18.175513899009346, 40.474893985990448 ], [ 18.175510200580053, 40.474887089370625 ], [ 18.175506089480486, 40.474875943853405 ], [ 18.17550238398432, 40.474860644024119 ], [ 18.175500079945277, 40.474846800791745 ], [ 18.175496880392952, 40.474828974133089 ], [ 18.175495340944636, 40.474811335997373 ], [ 18.175494473238704, 40.474796687680069 ], [ 18.175492922437407, 40.474779058863326 ], [ 18.175493332751927, 40.474766501018252 ], [ 18.175494071426979, 40.474745900020515 ], [ 18.175496405587658, 40.474721616371653 ], [ 18.175496673197713, 40.474701280520996 ], [ 18.175497230466583, 40.474685836437978 ], [ 18.175499694702083, 40.474669313128047 ], [ 18.175508546203844, 40.47464417472699 ], [ 18.175515149748801, 40.474628141038856 ], [ 18.175520134713125, 40.474618051359734 ], [ 18.17552466548684, 40.474597580250787 ], [ 18.175534003635661, 40.474561503138538 ], [ 18.175544102538218, 40.474532304360892 ], [ 18.17554761629507, 40.474525281447725 ], [ 18.175553771852513, 40.474507251547266 ], [ 18.17555652573153, 40.474495620004042 ], [ 18.175560815846268, 40.474484801863227 ], [ 18.175567137625681, 40.474472297604898 ], [ 18.17557389474382, 40.474461771890375 ], [ 18.175582953524664, 40.474448282664561 ], [ 18.175588150884447, 40.474439195909895 ], [ 18.175596097875161, 40.474429141854266 ], [ 18.175604774145977, 40.474417545581204 ], [ 18.175612585495884, 40.474408116728512 ], [ 18.175622686725916, 40.474395724687675 ], [ 18.175628467257496, 40.474387999942657 ], [ 18.175637614579404, 40.474376138519872 ], [ 18.175646997874146, 40.474365279375178 ], [ 18.175657446296771, 40.474353247064016 ], [ 18.175664527927633, 40.47434535143033 ], [ 18.175671397562891, 40.474336461864858 ], [ 18.175681599113037, 40.47432569730222 ], [ 18.175688074042153, 40.474318692019033 ], [ 18.175693124856398, 40.474312500493433 ], [ 18.175701766227178, 40.474303165895861 ], [ 18.175710442888651, 40.474291578611144 ], [ 18.175719331541682, 40.474280985257153 ], [ 18.175729915149226, 40.474268318741075 ], [ 18.175734965956011, 40.474262127213883 ], [ 18.175744213585382, 40.474251893266334 ], [ 18.175750700704366, 40.474244896651307 ], [ 18.175759118284969, 40.474234568442718 ], [ 18.17576994916417, 40.474220643168088 ], [ 18.175775988305364, 40.474211650342163 ], [ 18.175788950748977, 40.47419765743269 ], [ 18.175800476450288, 40.474184460614588 ], [ 18.175808199182171, 40.474173403943929 ], [ 18.175818176912216, 40.474161645763566 ], [ 18.175824304607147, 40.474154280741892 ], [ 18.1758312392578, 40.474149271337147 ], [ 18.175840417128214, 40.474143560746263 ], [ 18.175853298086583, 40.474136343232367 ], [ 18.175860703368041, 40.474131059682364 ], [ 18.175867985642668, 40.474126419002467 ], [ 18.175876086180118, 40.474121872905286 ], [ 18.175886576923485, 40.474115991097619 ], [ 18.175896820381517, 40.474111368044653 ], [ 18.17590585130371, 40.474108543686796 ], [ 18.175915477137437, 40.474104829299414 ], [ 18.175925013978425, 40.474099478109792 ], [ 18.175935157084584, 40.474093227571345 ], [ 18.175948026243859, 40.474086010371543 ], [ 18.175957280936391, 40.474084179616675 ], [ 18.175965276932715, 40.474088670272891 ], [ 18.175974597112283, 40.474090728680466 ], [ 18.175981779026724, 40.474084460511634 ], [ 18.175985775553816, 40.474077172114363 ], [ 18.175988101913621, 40.47406973150504 ], [ 18.175987611953726, 40.474061593770216 ], [ 18.17598636167185, 40.474048838413786 ], [ 18.175990402315829, 40.474020229556764 ], [ 18.175991284706488, 40.474014431886445 ], [ 18.175996564702011, 40.474006973983812 ], [ 18.176010536056516, 40.473987242046867 ], [ 18.176043602485535, 40.473946134889516 ], [ 18.176075660195647, 40.473911648493278 ], [ 18.176094535686154, 40.473886243330654 ], [ 18.176103999137069, 40.473862583191568 ], [ 18.176120336568854, 40.473844381274255 ], [ 18.176134139632961, 40.473835210896603 ], [ 18.176138813310033, 40.473825526055847 ], [ 18.17615418578767, 40.473803369643058 ], [ 18.176189350346771, 40.473758989281045 ], [ 18.176228491740119, 40.473721407779415 ], [ 18.176283889357823, 40.473665905771369 ], [ 18.176329724872382, 40.473616719389753 ], [ 18.176381066326986, 40.473568993756054 ], [ 18.17641513930505, 40.473549484284582 ], [ 18.176457085394915, 40.473525110675261 ], [ 18.176499791055754, 40.473505588868207 ], [ 18.176536406113499, 40.473490215633923 ], [ 18.176601972030028, 40.473455761994629 ], [ 18.176640907320628, 40.473428570939156 ], [ 18.176709766156694, 40.473389919517409 ], [ 18.176746244460123, 40.473379900056464 ], [ 18.176788551123821, 40.473371674720688 ], [ 18.17681684392787, 40.473356647453443 ], [ 18.176826618177586, 40.473342832214257 ], [ 18.176827174320589, 40.473334620667693 ], [ 18.176849708015332, 40.473327767950117 ], [ 18.176868366886691, 40.473312780557258 ], [ 18.176867744053002, 40.473297828286817 ], [ 18.176885703914454, 40.473284274200729 ], [ 18.176906207088056, 40.473275630931759 ], [ 18.176933131785418, 40.473270855060676 ], [ 18.176965808310829, 40.473259751226259 ], [ 18.176988820975041, 40.473241302477525 ], [ 18.176995015163769, 40.47322735154853 ], [ 18.176993734926608, 40.473211714831571 ], [ 18.1769948190687, 40.473193446104396 ], [ 18.177008588796028, 40.473170324910114 ], [ 18.177027690957253, 40.473153235702888 ], [ 18.17704388354807, 40.473146971736213 ], [ 18.177069048787814, 40.473142901745845 ], [ 18.177096530824617, 40.47314019108736 ], [ 18.177117473872801, 40.47313237331641 ], [ 18.177136657239799, 40.473120505837571 ], [ 18.177152336413425, 40.473101610347079 ], [ 18.17716373760819, 40.473089533672393 ], [ 18.177176095530015, 40.473077736904784 ], [ 18.177197393296407, 40.473069188810129 ], [ 18.17721512015871, 40.473064197604629 ], [ 18.177240797297049, 40.473052980056188 ], [ 18.177263652755567, 40.473036201848977 ], [ 18.177273334126976, 40.473021920771572 ], [ 18.177276933527935, 40.473005969649257 ], [ 18.177283337659613, 40.472988221038953 ], [ 18.177301280729136, 40.472968065320799 ], [ 18.177337171982309, 40.472939111389707 ], [ 18.177389381114185, 40.472908051156182 ], [ 18.177455922059941, 40.472872786611092 ], [ 18.177507816977073, 40.472845067510612 ], [ 18.177572780502921, 40.472814367752591 ], [ 18.177623121910948, 40.472791969373816 ], [ 18.17768710005776, 40.472763134069467 ], [ 18.177802981213031, 40.472705507459125 ], [ 18.17787350101591, 40.47266859299971 ], [ 18.177931670844274, 40.472632144494476 ], [ 18.177971271636054, 40.472609330029734 ], [ 18.178007255503445, 40.472587596848157 ], [ 18.17802471983024, 40.472577046504504 ], [ 18.178080722029861, 40.472544152247714 ], [ 18.178135178858223, 40.472514750127317 ], [ 18.178185781832106, 40.472491155400839 ], [ 18.178265052463768, 40.472460241598128 ], [ 18.178335382783988, 40.472426070161681 ], [ 18.178397616894252, 40.472395030758598 ], [ 18.178450652891296, 40.472363767153546 ], [ 18.178487956644126, 40.472343267459415 ], [ 18.178556019348811, 40.472314031023345 ], [ 18.178610827817177, 40.472297084498273 ], [ 18.178671039881642, 40.472272684628642 ], [ 18.17875502278244, 40.472224428657427 ], [ 18.178879910316436, 40.472165003858045 ], [ 18.178956206038727, 40.472132045866971 ], [ 18.179016260807099, 40.472109316419129 ], [ 18.179133787265432, 40.472066603587443 ], [ 18.179219224854151, 40.472039680513042 ], [ 18.179313388496432, 40.472013228653125 ], [ 18.179418278670262, 40.471967918220265 ], [ 18.179462416104762, 40.471951283135844 ], [ 18.179545938461448, 40.471919521832923 ], [ 18.179619439864958, 40.471892089503555 ], [ 18.179708966834681, 40.471869106548148 ], [ 18.179815256547428, 40.471850948930452 ], [ 18.17987310435408, 40.471838439555924 ], [ 18.179926344579986, 40.471825012247322 ], [ 18.179986566903267, 40.471802097547297 ], [ 18.180053247308503, 40.471772835257426 ], [ 18.180130841733188, 40.47174242569907 ], [ 18.180191920643576, 40.471721919153687 ], [ 18.180236312510907, 40.471705934269117 ], [ 18.180295489911945, 40.471696360328195 ], [ 18.180367422935269, 40.471685426257217 ], [ 18.180433780063311, 40.471667305132641 ], [ 18.180482601001145, 40.471649459836065 ], [ 18.180522722357086, 40.471628458560232 ], [ 18.180560226350256, 40.471605727993861 ], [ 18.18060072349369, 40.471576952426965 ], [ 18.180653281076768, 40.471544584149214 ], [ 18.180694864001335, 40.471523317382783 ], [ 18.180773564387295, 40.471493363301896 ], [ 18.180830156747451, 40.471463522809209 ], [ 18.180868953831713, 40.471442954196462 ], [ 18.180960308537237, 40.471401509906933 ], [ 18.181010144267027, 40.471378439475743 ], [ 18.18109418687585, 40.471348734308073 ], [ 18.18111918293841, 40.471342101147144 ], [ 18.181185074400656, 40.471321623619538 ], [ 18.181251604787821, 40.471292202654055 ], [ 18.181298466629798, 40.471256613436914 ], [ 18.181326563680145, 40.471228494497517 ], [ 18.181342490319736, 40.471212374750429 ], [ 18.181375148681205, 40.471190687120938 ], [ 18.181431759828087, 40.471159008420059 ], [ 18.181492255133431, 40.471134905522483 ], [ 18.181548828763603, 40.47111916093229 ], [ 18.181597608722619, 40.471104207499913 ], [ 18.181659128607244, 40.471068592539304 ], [ 18.181698806748081, 40.471051205815762 ], [ 18.181791958301687, 40.470993147750178 ], [ 18.181870242329214, 40.470945668048365 ], [ 18.181926422332843, 40.470917603732147 ], [ 18.182009775921593, 40.470883071201982 ], [ 18.182061258096706, 40.470860666492207 ], [ 18.182149277744497, 40.470822303456572 ], [ 18.182246106738344, 40.470772700199618 ], [ 18.182319491860842, 40.470734371073583 ], [ 18.182389043534076, 40.470702272217864 ], [ 18.18245692192512, 40.470673948277891 ], [ 18.182525997936036, 40.470651751980753 ], [ 18.182616050030223, 40.470610738599781 ], [ 18.182694715951431, 40.470570363237861 ], [ 18.182811530001604, 40.470507941314629 ], [ 18.182954597133158, 40.47042282786974 ], [ 18.183059212662201, 40.470352347566475 ], [ 18.183111581667536, 40.470319028655744 ], [ 18.183154981796758, 40.470291577248908 ], [ 18.183214364772503, 40.470259190792959 ], [ 18.183282672120104, 40.470227233790851 ], [ 18.183343111215315, 40.47019897932217 ], [ 18.183399161035652, 40.470169683947368 ], [ 18.183481203384755, 40.470142626180909 ], [ 18.183546295416686, 40.470126483644087 ], [ 18.183616214721368, 40.47010592971958 ], [ 18.183684130480895, 40.470073929237813 ], [ 18.18381025178499, 40.470031298961651 ], [ 18.183877310499078, 40.470008364883142 ], [ 18.183981592810031, 40.469978766060073 ], [ 18.184057222644444, 40.469952533202431 ], [ 18.184122000093051, 40.469928995381593 ], [ 18.184173436076254, 40.469912877799693 ], [ 18.184233064047859, 40.469888184932003 ], [ 18.184340737261333, 40.469833282085666 ], [ 18.18438887528967, 40.469803537915517 ], [ 18.184428205830397, 40.469779828029978 ], [ 18.18446580577924, 40.469760173909691 ], [ 18.184517095095824, 40.469734224733763 ], [ 18.18456746327352, 40.469718226495651 ], [ 18.184631703229886, 40.46969729719001 ], [ 18.184696853600613, 40.46966943448038 ], [ 18.184751724877717, 40.46963918020684 ], [ 18.184828561067814, 40.469601312745368 ], [ 18.184872433525012, 40.469585619634358 ], [ 18.184929010800516, 40.469569747205995 ], [ 18.185010335702884, 40.469550490074859 ], [ 18.185069043142679, 40.469527542480556 ], [ 18.185139869415906, 40.469505242313716 ], [ 18.185192790150694, 40.469479635133887 ], [ 18.185234812420877, 40.469459984872636 ], [ 18.185373262597437, 40.469415256471635 ], [ 18.185577528697728, 40.469355508132502 ], [ 18.185676955307422, 40.469332995042407 ], [ 18.185776748702878, 40.469309012636963 ], [ 18.185829886393332, 40.469296477135735 ], [ 18.185940417923121, 40.469260660538758 ], [ 18.186040189512163, 40.469230986176306 ], [ 18.186115141079284, 40.469209895597203 ], [ 18.186182052922739, 40.469196106201252 ], [ 18.18626765155981, 40.469190672873829 ], [ 18.186354605109297, 40.46918296839435 ], [ 18.186400788790927, 40.469185729021603 ], [ 18.186455103827239, 40.469188112123 ], [ 18.186515000201279, 40.469180838943345 ], [ 18.186562337947645, 40.46916486942844 ], [ 18.18660784584954, 40.469135899460959 ], [ 18.186658223297172, 40.46909195179277 ], [ 18.186695309938379, 40.469069446940111 ], [ 18.186752392257844, 40.469046570367063 ], [ 18.186823474801365, 40.469026468781223 ], [ 18.186914062832535, 40.469008846103335 ], [ 18.186980185281261, 40.468998320501598 ], [ 18.187134760134612, 40.468967411811626 ], [ 18.187210589678283, 40.468948439923132 ], [ 18.18726145890771, 40.468929598535858 ], [ 18.187303723269576, 40.468910598346163 ], [ 18.187346794310102, 40.468898925466469 ], [ 18.187377636994157, 40.468902730640359 ], [ 18.18741997720376, 40.468908010791402 ], [ 18.18747656217954, 40.468911015274287 ], [ 18.187522522754445, 40.468904828799978 ], [ 18.187554041311746, 40.468893510776283 ], [ 18.187579835079777, 40.468881837389198 ], [ 18.187601073759811, 40.468867362515496 ], [ 18.187623424656437, 40.468849974741268 ], [ 18.187653476014201, 40.468829086881783 ], [ 18.187685789592447, 40.468817872971016 ], [ 18.187764856354853, 40.468812735947289 ], [ 18.188039154110427, 40.46878370873592 ], [ 18.188183030457079, 40.468765559511645 ], [ 18.188232134474934, 40.468752287638715 ], [ 18.188304593273457, 40.468735614784002 ], [ 18.188354239170192, 40.468722580089079 ], [ 18.188381863243233, 40.468716889675811 ], [ 18.188525033457918, 40.468691926025954 ], [ 18.188568654256972, 40.468686243280715 ], [ 18.188676181761643, 40.468679941426124 ], [ 18.188815300283729, 40.468671082771102 ], [ 18.188866957850632, 40.468662180487911 ], [ 18.188953046400584, 40.468654660067997 ], [ 18.189038184822703, 40.468650237160993 ], [ 18.189106193797912, 40.468645197456532 ], [ 18.18915567524666, 40.468636913570734 ], [ 18.189212967869128, 40.468636186834892 ], [ 18.189285286513368, 40.468625776999268 ], [ 18.189372956939312, 40.468600360996007 ], [ 18.189429966080656, 40.468582691089225 ], [ 18.189501140905701, 40.468563071683981 ], [ 18.18956832606294, 40.468541634974542 ], [ 18.189633641474771, 40.468524546142547 ], [ 18.189708809232116, 40.468503330181875 ], [ 18.189768601144007, 40.468489140943973 ], [ 18.189846322201404, 40.468472285731252 ], [ 18.189913567458074, 40.468458845245138 ], [ 18.189973138553391, 40.468450453406753 ], [ 18.190034225276086, 40.468445676447097 ], [ 18.190096566675187, 40.468440747702786 ], [ 18.190142472204965, 40.468436399106608 ], [ 18.190209477258602, 40.468437060805115 ], [ 18.190269127240775, 40.468447265779737 ], [ 18.190322086491495, 40.468451909213023 ], [ 18.190387819133662, 40.468456082607339 ], [ 18.19045504112799, 40.468455846490627 ], [ 18.19058109545292, 40.468439591780253 ], [ 18.190656093160985, 40.468426495075178 ], [ 18.190724183628216, 40.468421938536842 ], [ 18.190794577300906, 40.468417705607635 ], [ 18.190862603128949, 40.468409295842434 ], [ 18.190887634828933, 40.468403956581831 ], [ 18.190994209655436, 40.468386771602141 ], [ 18.191016264963228, 40.46838158662127 ], [ 18.1910676946063, 40.468366889244088 ], [ 18.191105410827241, 40.468358956685016 ], [ 18.191146079432755, 40.46835359954094 ], [ 18.191177476013966, 40.468349930719441 ], [ 18.191233078729116, 40.468347394273934 ], [ 18.19131628595402, 40.468350759943917 ], [ 18.191386262612951, 40.468351915268087 ], [ 18.191449195601088, 40.468351013517811 ], [ 18.191512699171678, 40.468342989559225 ], [ 18.191554566366737, 40.468335302396575 ], [ 18.19161552411078, 40.468325817583754 ], [ 18.191677508892681, 40.468311377604635 ], [ 18.191721403783323, 40.468298698581485 ], [ 18.191755289465966, 40.468287332000642 ], [ 18.191791490413937, 40.468274055007669 ], [ 18.191830960271272, 40.468255598774263 ], [ 18.191867438275303, 40.468239458928451 ], [ 18.191929818643928, 40.468220180209286 ], [ 18.191987438019481, 40.468206698375184 ], [ 18.19204804737134, 40.468193350021458 ], [ 18.192092690213027, 40.468187000009259 ], [ 18.192219736212241, 40.468172031099556 ], [ 18.192299173442098, 40.468166772650051 ], [ 18.192377004458422, 40.46815922577948 ], [ 18.192446058374497, 40.468150372344958 ], [ 18.19250630451463, 40.468147526770267 ], [ 18.192605232497481, 40.468142945149914 ], [ 18.192668805471236, 40.468138134082579 ], [ 18.192750196035668, 40.46812955182854 ], [ 18.192816431438136, 40.468117218400877 ], [ 18.192899827959661, 40.46810990458161 ], [ 18.192995290205744, 40.468094907470125 ], [ 18.193061440948401, 40.468087755180036 ], [ 18.193113861279507, 40.468082774907884 ], [ 18.193160556177489, 40.468080907187648 ], [ 18.193222708238125, 40.468083439661427 ], [ 18.193269461500904, 40.468078823194965 ], [ 18.193331559505886, 40.468073250943455 ], [ 18.193404748457276, 40.468069533571793 ], [ 18.193456691203096, 40.468072141109424 ], [ 18.193510863933479, 40.468068553287296 ], [ 18.193601954181275, 40.468061836792678 ], [ 18.193656691414489, 40.468052495928646 ], [ 18.193737934154118, 40.468047267613962 ], [ 18.193823226215144, 40.468048844497027 ], [ 18.19388416237345, 40.468049113499696 ], [ 18.193955368494375, 40.468050089149202 ], [ 18.194058895002033, 40.468045496173175 ], [ 18.194174932723765, 40.468035405096899 ], [ 18.194271448756727, 40.468022494389615 ], [ 18.194348555358292, 40.468018082598633 ], [ 18.194447529894145, 40.468010760030452 ], [ 18.194517811624547, 40.468007662791557 ], [ 18.194590924053458, 40.468008053905578 ], [ 18.194651573984341, 40.468008753743064 ], [ 18.194716556696267, 40.46801477380621 ], [ 18.194800455289606, 40.46802476488422 ], [ 18.194850919295188, 40.46803150181384 ], [ 18.194905540154398, 40.468037114939079 ], [ 18.194960547055754, 40.468038186914299 ], [ 18.195026692080194, 40.468032411703447 ], [ 18.195088861865649, 40.468027611108752 ], [ 18.195144419664985, 40.468025380254666 ], [ 18.195201480050407, 40.468034438404111 ], [ 18.195266297493635, 40.468030510167587 ], [ 18.195311805248096, 40.468024999634771 ], [ 18.195353701348488, 40.468021912794363 ], [ 18.195381872098761, 40.468019611070098 ], [ 18.195378796567582, 40.468045266607412 ], [ 18.195428003999577, 40.46805111935862 ], [ 18.195432317409921, 40.468039624348577 ], [ 18.195484977522277, 40.468052379844657 ], [ 18.195523036112103, 40.468059135538951 ], [ 18.195563524726257, 40.468060933254797 ], [ 18.195612944695778, 40.468053368855735 ], [ 18.195657875297137, 40.468044145326147 ], [ 18.195715765797363, 40.468038634195025 ], [ 18.195773883324517, 40.46803542250332 ], [ 18.195862644149315, 40.468033055950734 ], [ 18.195933358127501, 40.468028630886053 ], [ 18.196001342596865, 40.468026082695104 ], [ 18.19609260321387, 40.468027934032044 ], [ 18.196167175658491, 40.468037470711934 ], [ 18.196216063950168, 40.46804405250694 ], [ 18.196257289700206, 40.468052188405096 ], [ 18.196379606036988, 40.468078732276958 ], [ 18.196460972373696, 40.468090773744279 ], [ 18.196546865158183, 40.468096060811973 ], [ 18.196616059412094, 40.46809713554466 ], [ 18.196677433166819, 40.468100660437933 ], [ 18.196723156500422, 40.468103420667191 ], [ 18.196832650904831, 40.468111017365345 ], [ 18.196890262807436, 40.46811081838684 ], [ 18.196957200154031, 40.468117017244076 ], [ 18.196999898402915, 40.468128345562107 ], [ 18.197056666715397, 40.468145156758553 ], [ 18.197100018391385, 40.46815608865991 ], [ 18.197156367907827, 40.468162337371396 ], [ 18.197220774470246, 40.468168137792496 ], [ 18.197276170196997, 40.46817764631038 ], [ 18.197322457408902, 40.46818656937986 ], [ 18.197371663005086, 40.468194862202267 ], [ 18.197424014219738, 40.468196132631817 ], [ 18.197464518407411, 40.468199001060682 ], [ 18.197510211312441, 40.468205589726068 ], [ 18.197549353381145, 40.46821305330527 ], [ 18.197577218412231, 40.468220955252846 ], [ 18.19760068281807, 40.468232545765993 ], [ 18.197616873877731, 40.468248174605442 ], [ 18.197629926683998, 40.468261044187628 ], [ 18.197631913316712, 40.468281029391221 ], [ 18.197645847415924, 40.468368847500372 ], [ 18.197648623984243, 40.468411183817608 ], [ 18.197644861371437, 40.468486684269521 ], [ 18.197653055910131, 40.468562159826092 ], [ 18.1976609483259, 40.468618603289329 ], [ 18.197666799308845, 40.468643723456502 ], [ 18.197673087731101, 40.468662905008927 ], [ 18.197678988406558, 40.468676900352534 ], [ 18.197689420556006, 40.468688968837 ], [ 18.197704664437978, 40.468696319586449 ], [ 18.197722069084758, 40.468698260432227 ], [ 18.197738551696872, 40.468690220211478 ], [ 18.197747164725904, 40.468678380876206 ], [ 18.197751802171155, 40.468655834425178 ], [ 18.197751992373611, 40.46861711776247 ], [ 18.197754301785878, 40.468589006508552 ], [ 18.197757978306758, 40.468557398767793 ], [ 18.197762485291129, 40.468515959580039 ], [ 18.197768584766063, 40.468457390315308 ], [ 18.197756390394183, 40.468370947124939 ], [ 18.197744589385103, 40.468249816705558 ], [ 18.197802557122706, 40.468228297232535 ], [ 18.19785576504399, 40.468214078996162 ], [ 18.197969886103763, 40.468192688562866 ], [ 18.198032562743588, 40.468183413956773 ], [ 18.198087871558897, 40.46818190011868 ], [ 18.19817897016452, 40.468177602615576 ], [ 18.198255963638339, 40.468185215473035 ], [ 18.198343973095238, 40.468192604211339 ], [ 18.198438007610047, 40.468199717908469 ], [ 18.198500142707001, 40.468200149407522 ], [ 18.198618119230876, 40.468203825651031 ], [ 18.198714757884694, 40.468198725765738 ], [ 18.198807691554236, 40.468193088952617 ], [ 18.198894931666317, 40.468180305250989 ], [ 18.198981900119513, 40.468175707218705 ], [ 18.199029168824545, 40.468166804896377 ], [ 18.199071502179685, 40.468164235993846 ], [ 18.199155747247872, 40.46817033234408 ], [ 18.199231172568883, 40.468176709024576 ], [ 18.1992900494884, 40.468183030773744 ], [ 18.199324796958638, 40.468188345785691 ], [ 18.199417973675999, 40.468193536972052 ], [ 18.199501426493157, 40.468189657431061 ], [ 18.199578011078991, 40.4681851845504 ], [ 18.199645482578795, 40.468182513319782 ], [ 18.19970206590958, 40.468180522054922 ], [ 18.199769037760682, 40.46817627038741 ], [ 18.199826817339371, 40.468177614468935 ], [ 18.199892464599941, 40.468182964697085 ], [ 18.199963763081072, 40.468200029287104 ], [ 18.200021861294871, 40.468220738145739 ], [ 18.200076420508172, 40.468238942078251 ], [ 18.200115928877402, 40.468247655587476 ], [ 18.200232058560172, 40.468279473681875 ], [ 18.200360361092244, 40.468313323069793 ], [ 18.200486915432371, 40.468350337133899 ], [ 18.200555743769954, 40.468371252690673 ], [ 18.200584168916372, 40.468383984058519 ], [ 18.20058786742814, 40.468417639161927 ], [ 18.200588906976847, 40.468460608980372 ], [ 18.200600406029945, 40.468649974199259 ], [ 18.200602604585001, 40.468664225119994 ], [ 18.200617972491145, 40.468676660904791 ], [ 18.200639051986546, 40.468679247014514 ], [ 18.200658586461834, 40.468672400756063 ], [ 18.2006749020433, 40.468655393940793 ], [ 18.200682056102288, 40.468619069220416 ], [ 18.200680098911224, 40.4685664695131 ], [ 18.200684432182509, 40.468526872439305 ], [ 18.200688086176982, 40.468449654629133 ], [ 18.200680401495131, 40.46838200113681 ], [ 18.200731504921112, 40.468353537057183 ], [ 18.200771827240466, 40.46832775861828 ], [ 18.200783261084592, 40.468292900458877 ], [ 18.200798719445007, 40.468270017911514 ], [ 18.200819666609686, 40.4682469922178 ], [ 18.200842662485442, 40.468228115921228 ], [ 18.20088544553461, 40.468200269713265 ], [ 18.200924753563232, 40.468176726013567 ], [ 18.200960254417559, 40.468150495722391 ], [ 18.201011385256432, 40.468143458022119 ], [ 18.201072717800542, 40.468119312714954 ], [ 18.20115233314397, 40.468093255453688 ], [ 18.201248170251606, 40.468074773497094 ], [ 18.201278273518238, 40.468057060101671 ], [ 18.201310745923575, 40.468042793680951 ], [ 18.201342086600643, 40.468033746565062 ], [ 18.201368397012992, 40.468063766445511 ], [ 18.201379093009063, 40.468074179024832 ], [ 18.201387581080706, 40.468081311282539 ], [ 18.201398991997401, 40.468082201827883 ], [ 18.201416736169882, 40.468078881717879 ], [ 18.201430159241262, 40.468072979359789 ], [ 18.201431618936521, 40.468065976605615 ], [ 18.201415436381616, 40.468038386998394 ], [ 18.201408783690187, 40.468023223800373 ], [ 18.201479129150243, 40.467986741219946 ], [ 18.201520608890114, 40.467973413905383 ], [ 18.201574304504401, 40.467957568215525 ], [ 18.201619816265108, 40.46794620064243 ], [ 18.201716567133193, 40.46793379959707 ], [ 18.201847770466994, 40.467928198021987 ], [ 18.201974526153908, 40.467916360807259 ], [ 18.202007535828439, 40.467907942742499 ], [ 18.202053450047671, 40.467896608872856 ], [ 18.202096242256978, 40.467880380783321 ], [ 18.202143912305829, 40.467851407839603 ], [ 18.202178394065616, 40.467812685940586 ], [ 18.202199166548837, 40.467773596653466 ], [ 18.202213932948112, 40.467736916627139 ], [ 18.202232689544431, 40.467703548537905 ], [ 18.202259982598139, 40.467671384800312 ], [ 18.202290570822505, 40.467650982665212 ], [ 18.202325841049344, 40.467644474315492 ], [ 18.202350692626641, 40.467651494946971 ], [ 18.202387335588906, 40.467649550999852 ], [ 18.202431782854685, 40.467629692166732 ], [ 18.202466933256147, 40.467591645165207 ], [ 18.2024991842502, 40.467539744995598 ], [ 18.202540171576548, 40.46749027754398 ], [ 18.202575874949531, 40.467459150435296 ], [ 18.202606207348477, 40.46743461216969 ], [ 18.202639562926493, 40.467419834514885 ], [ 18.202663982628447, 40.467411573454207 ], [ 18.202676348443202, 40.467399314432029 ], [ 18.202716384118641, 40.467357367000062 ], [ 18.202749551658883, 40.467331444069252 ], [ 18.20278041793879, 40.467318383670296 ], [ 18.202820336741638, 40.467305972852344 ], [ 18.202847020837428, 40.467287300092856 ], [ 18.20288082026795, 40.467271195060036 ], [ 18.202897335955512, 40.467262630795837 ], [ 18.202950788527485, 40.467212430143604 ], [ 18.202959055307584, 40.467188620943745 ], [ 18.202960386909549, 40.46716454476789 ], [ 18.20297420062338, 40.467151984353372 ], [ 18.203006676523803, 40.467152191345832 ], [ 18.20303308933326, 40.467165013959402 ], [ 18.203059719935275, 40.467177704429638 ], [ 18.203095132390466, 40.467175929496349 ], [ 18.203128405077397, 40.467157181987787 ], [ 18.203154129775708, 40.467137184747173 ], [ 18.203173965105616, 40.467113369855063 ], [ 18.203184770375294, 40.467085410124987 ], [ 18.203187880769082, 40.467060302857398 ], [ 18.203196963853269, 40.467026383342812 ], [ 18.203213248710757, 40.467000072968744 ], [ 18.203245498743168, 40.466978174384373 ], [ 18.203262742958767, 40.466966581576109 ], [ 18.203271937987534, 40.466948655086469 ], [ 18.203288211163205, 40.466935738187452 ], [ 18.203315590966021, 40.466912110276773 ], [ 18.203361082679688, 40.466875298276427 ], [ 18.203395243346222, 40.466840511908259 ], [ 18.203421656353722, 40.466806724065592 ], [ 18.203446617170261, 40.466775381329491 ], [ 18.203477170725055, 40.46673517382029 ], [ 18.203509465934367, 40.466696377090756 ], [ 18.203539037228779, 40.466668247959809 ], [ 18.203606319934046, 40.466631146539903 ], [ 18.203658971692562, 40.466603304730405 ], [ 18.203690569894043, 40.466583576741805 ], [ 18.203714399659255, 40.466575070631706 ], [ 18.203802676925473, 40.466535810403492 ], [ 18.203958546162962, 40.466403237266618 ], [ 18.204068783511008, 40.466285188192998 ], [ 18.204144854151341, 40.466216913149701 ], [ 18.204196585513859, 40.466161058367589 ], [ 18.204260988054987, 40.466098880410044 ], [ 18.204275893150424, 40.466086712878088 ], [ 18.204302082736639, 40.466069314467219 ], [ 18.20444919900471, 40.465920365969794 ], [ 18.204448994843368, 40.465911364802665 ], [ 18.20446410208017, 40.465891301651531 ], [ 18.204482195490449, 40.465873524424083 ], [ 18.204674793635167, 40.465719827790927 ], [ 18.204694965850173, 40.46569815592612 ], [ 18.204726967686888, 40.465669328562058 ], [ 18.20476716004038, 40.46563815726293 ], [ 18.204848322814193, 40.465574820290406 ], [ 18.204928948609346, 40.465525728961524 ], [ 18.205021287808158, 40.465469025928932 ], [ 18.205055328972716, 40.465447869733474 ], [ 18.205080761420753, 40.465421260161158 ], [ 18.205101511171979, 40.465390664438686 ], [ 18.205126195756808, 40.465367173965404 ], [ 18.205159294066888, 40.465352474789285 ], [ 18.20519383988141, 40.465337465219271 ], [ 18.205203582122536, 40.465328575256805 ], [ 18.205232493158245, 40.46530369748033 ], [ 18.205243714952935, 40.465280796847708 ], [ 18.205255683294105, 40.465270611152249 ], [ 18.205285709699361, 40.465261986754939 ], [ 18.205315956792173, 40.465247591851117 ], [ 18.205346690395235, 40.465214674393771 ], [ 18.205347338153416, 40.465196318501768 ], [ 18.205347566024017, 40.465185990346313 ], [ 18.20536495681916, 40.465171051625624 ], [ 18.205398925097949, 40.465142421682927 ], [ 18.205418481668623, 40.465132106386136 ], [ 18.205448271209903, 40.465121479998849 ], [ 18.205488316911079, 40.465097896276816 ], [ 18.205514279157658, 40.465074991725153 ], [ 18.205533454055178, 40.465047736146204 ], [ 18.205534852195651, 40.465043166896137 ], [ 18.205603772858364, 40.464952076940953 ], [ 18.205663448193583, 40.464903116376441 ], [ 18.20576539872258, 40.464823655869878 ], [ 18.205795768711141, 40.464805159321827 ], [ 18.205842241342172, 40.464781334000477 ], [ 18.2058995347302, 40.464751461876347 ], [ 18.205937520268385, 40.464733906728739 ], [ 18.206017063880555, 40.464720340622875 ], [ 18.206064270858651, 40.464709221477626 ], [ 18.206123416911247, 40.464695978456426 ], [ 18.206194133556135, 40.464677082087512 ], [ 18.206309878429757, 40.464635733285711 ], [ 18.206390132677711, 40.46460563766918 ], [ 18.206492148969431, 40.464570938656706 ], [ 18.206574386234351, 40.464548812933636 ], [ 18.206653355257846, 40.464522688811229 ], [ 18.206689829772294, 40.464510309273926 ], [ 18.206729141276021, 40.464487421028544 ], [ 18.206749899581236, 40.464469164137775 ], [ 18.206787042785141, 40.464450767450181 ], [ 18.206899687195531, 40.464407720814286 ], [ 18.206953455460422, 40.46439224892179 ], [ 18.207017969594322, 40.464368912816468 ], [ 18.207058755367854, 40.464346776115704 ], [ 18.207086261278498, 40.464337734889682 ], [ 18.207125853919035, 40.464329177577333 ], [ 18.20723255575728, 40.464306218780642 ], [ 18.207291780404578, 40.464289190112993 ], [ 18.207365495688414, 40.464263445612197 ], [ 18.20745873931855, 40.464234978968527 ], [ 18.207500382703682, 40.464221942210493 ], [ 18.207535820927838, 40.464206627946645 ], [ 18.207561842538631, 40.464187963509936 ], [ 18.20758332085083, 40.464171460816708 ], [ 18.207609685456791, 40.464152075301939 ], [ 18.207619404307351, 40.464144933113836 ], [ 18.207630995144868, 40.464138198271776 ], [ 18.20764300823183, 40.464131217521349 ], [ 18.207698909302334, 40.464104328424391 ], [ 18.207725549943611, 40.464093960059444 ], [ 18.20774695009607, 40.464083989459432 ], [ 18.207767138284883, 40.46407283660173 ], [ 18.207783837353809, 40.464065923810601 ], [ 18.207801531936504, 40.464063820029295 ], [ 18.207821022138699, 40.464059306572722 ], [ 18.207833381307044, 40.464050902116092 ], [ 18.207840010126215, 40.464046971122428 ], [ 18.207868630345406, 40.464040285565439 ], [ 18.207913049448436, 40.464028585620518 ], [ 18.207942961362253, 40.464014109279645 ], [ 18.207971408969502, 40.464007266369826 ], [ 18.208002269963899, 40.46400033839069 ], [ 18.208110459313996, 40.463963566019373 ], [ 18.208185163269228, 40.463944728790693 ], [ 18.20822995957635, 40.463935504129601 ], [ 18.208289598528754, 40.463926938869818 ], [ 18.208335143391441, 40.463918080663518 ], [ 18.20843481682649, 40.463908511051173 ], [ 18.208609157692603, 40.463885283792713 ], [ 18.208698482978541, 40.46387211955571 ], [ 18.208877837526973, 40.463831855760908 ], [ 18.208952340637069, 40.463811780677098 ], [ 18.209054254414145, 40.463796023627964 ], [ 18.209144115044488, 40.463784447385009 ], [ 18.20921755065384, 40.46377934412731 ], [ 18.209275147343099, 40.463774699048784 ], [ 18.20941187725472, 40.463772664171415 ], [ 18.209504799127018, 40.463767919807232 ], [ 18.209573680904906, 40.463762528582457 ], [ 18.209619587591241, 40.463755082892661 ], [ 18.209710509579409, 40.463735838917763 ], [ 18.209799543406447, 40.463701470852975 ], [ 18.209879466567557, 40.463665473553917 ], [ 18.209929435838109, 40.463635884108314 ], [ 18.210035797742943, 40.463582326983577 ], [ 18.210122460685746, 40.463544241714324 ], [ 18.210199716504256, 40.463511173513325 ], [ 18.210272366933282, 40.463487870603828 ], [ 18.210361019820059, 40.463461853023233 ], [ 18.210427777182897, 40.463445297848459 ], [ 18.210533418074718, 40.463412998414846 ], [ 18.210608394915969, 40.463393728718422 ], [ 18.210674992798033, 40.463380510361837 ], [ 18.210739798746612, 40.463364828888196 ], [ 18.210831141233989, 40.463341807490707 ], [ 18.210939240701755, 40.463309142098595 ], [ 18.211036266793592, 40.463284386298909 ], [ 18.211104470729541, 40.463273446795533 ], [ 18.211214894622117, 40.463247246456604 ], [ 18.21129683271559, 40.463226828001119 ], [ 18.211375006421456, 40.463205118121692 ], [ 18.211432053926981, 40.463195398387555 ], [ 18.211542468874224, 40.463164316286075 ], [ 18.211607204152894, 40.463145429863722 ], [ 18.211660721116125, 40.463135366878056 ], [ 18.211703693820549, 40.463127488579389 ], [ 18.211785690859422, 40.46312488364056 ], [ 18.211852212466603, 40.463121700333261 ], [ 18.21191365580529, 40.463113164080248 ], [ 18.211969761454434, 40.463106694723258 ], [ 18.212013430113483, 40.463094617783725 ], [ 18.212157885131742, 40.463055544873065 ], [ 18.21219593786924, 40.463044894050334 ], [ 18.212232629563005, 40.463038838530949 ], [ 18.212254825256391, 40.463032465715422 ], [ 18.21225850426752, 40.463021086824845 ], [ 18.212254925786059, 40.463002920532418 ], [ 18.212257367227455, 40.462980920995314 ], [ 18.212261883363915, 40.462948767091596 ], [ 18.212266080084447, 40.462917333612587 ], [ 18.212258980068366, 40.462880711224898 ], [ 18.212249547921527, 40.462853295641018 ], [ 18.21224000800775, 40.462836231896453 ], [ 18.212210498313862, 40.46277231174966 ], [ 18.212200899714613, 40.462729039771801 ], [ 18.212196587704423, 40.462676694965445 ], [ 18.212208149859048, 40.462612767124348 ], [ 18.212250061836667, 40.462494368355266 ], [ 18.212335852680969, 40.462313169229986 ], [ 18.212375110448374, 40.462238527358956 ], [ 18.212436127609241, 40.462097431222816 ], [ 18.212492821259389, 40.461955932941699 ], [ 18.21251403284748, 40.461913352997122 ], [ 18.212542177982307, 40.46186854460759 ], [ 18.21257758977568, 40.461818355118282 ], [ 18.212605580516168, 40.461763634493671 ], [ 18.212634369956294, 40.461672747248279 ], [ 18.212656253789834, 40.46162596940755 ], [ 18.212677245974117, 40.461591897981471 ], [ 18.212710920169062, 40.461541378509168 ], [ 18.212736649796792, 40.461499087135174 ], [ 18.212758680916664, 40.461443037153401 ], [ 18.212782637208189, 40.461411531245354 ], [ 18.212823555311729, 40.461370240339683 ], [ 18.212867089961861, 40.461327687716512 ], [ 18.212914231230112, 40.461278919091129 ], [ 18.212957208865824, 40.461226420383504 ], [ 18.212989213111189, 40.461189601645657 ], [ 18.213076709622509, 40.461090965127504 ], [ 18.213133205375282, 40.46102422870014 ], [ 18.213193508597691, 40.46095252261086 ], [ 18.213283776018969, 40.460868480953572 ], [ 18.213328378134886, 40.460831509707788 ], [ 18.213381665740005, 40.460787757788317 ], [ 18.213414389865555, 40.460748982434467 ], [ 18.213451391100634, 40.460698766464674 ], [ 18.213492721855562, 40.460674054416323 ], [ 18.213518287611212, 40.460662705879329 ], [ 18.213549729097736, 40.460651923370399 ], [ 18.21357244140901, 40.46064577010884 ], [ 18.21360071432122, 40.460636048504121 ], [ 18.213623860489061, 40.460626136318758 ], [ 18.213678735722297, 40.460608504909125 ], [ 18.213694877743517, 40.460618125294772 ], [ 18.213741721250855, 40.460643968161662 ], [ 18.213760468256272, 40.460654308638439 ], [ 18.213811255784098, 40.460678042193265 ], [ 18.213848665252922, 40.460692006381784 ], [ 18.213876044840013, 40.460695198340048 ], [ 18.213903516103581, 40.460694379702929 ], [ 18.213931837933949, 40.460679504751681 ], [ 18.213941868791618, 40.460654456793414 ], [ 18.21393857727757, 40.460635390888712 ], [ 18.21392803165012, 40.46061875157298 ], [ 18.213915277169974, 40.460605740437607 ], [ 18.213897061229638, 40.460596150785285 ], [ 18.213877226810432, 40.460586498094386 ], [ 18.213860338537948, 40.460578537746585 ], [ 18.213846601558519, 40.460568165927967 ], [ 18.213831900129197, 40.460556857219927 ], [ 18.213814816439886, 40.460545047382794 ], [ 18.213797733235044, 40.460538191283675 ], [ 18.213774102394847, 40.460528301976247 ], [ 18.213748294735577, 40.460521229336329 ], [ 18.213772338547624, 40.460495034818599 ], [ 18.213784687867463, 40.460490160684138 ], [ 18.213801447902323, 40.460487523578692 ], [ 18.213822493265493, 40.460490180304006 ], [ 18.21384594053551, 40.460492761168382 ], [ 18.213861671896939, 40.460491548742368 ], [ 18.213868319975916, 40.460483834004627 ], [ 18.213874343820873, 40.460475145889632 ], [ 18.213872871551391, 40.460466035931631 ], [ 18.213864593771373, 40.460459610277681 ], [ 18.213853956475855, 40.460455384911413 ], [ 18.21384510271665, 40.4604487501162 ], [ 18.213849506174558, 40.460440206176386 ], [ 18.213856903251315, 40.46043286689337 ], [ 18.213868758245457, 40.460430978760677 ], [ 18.213881900990355, 40.460432108099383 ], [ 18.213892380694119, 40.460425367535684 ], [ 18.213901184371068, 40.460419087933289 ], [ 18.213913009947412, 40.460418560645536 ], [ 18.213924688114314, 40.460421369984857 ], [ 18.213936558410754, 40.460420544224732 ], [ 18.213944346662746, 40.460413248089601 ], [ 18.213948967844747, 40.46040457199063 ], [ 18.213950998798083, 40.460394743057257 ], [ 18.213950030270762, 40.460385069663197 ], [ 18.213939655441404, 40.460380413678699 ], [ 18.213928798240367, 40.460384678869566 ], [ 18.213916480266917, 40.460385760273212 ], [ 18.213922508330835, 40.460372217359293 ], [ 18.213926231046074, 40.460362998838043 ], [ 18.213931965332087, 40.460353679294741 ], [ 18.213935413810219, 40.46034489172682 ], [ 18.213938471529975, 40.460336070000622 ], [ 18.213944611876357, 40.460327846994389 ], [ 18.213956597320269, 40.460318065242788 ], [ 18.213965227529624, 40.460311610327267 ], [ 18.21397168682498, 40.4603026578962 ], [ 18.213974063810369, 40.460293161590549 ], [ 18.213978350719881, 40.460284152534939 ], [ 18.213983592590548, 40.460275387104168 ], [ 18.21399592611785, 40.460269441574809 ], [ 18.214006437258618, 40.460264843750487 ], [ 18.214016496755221, 40.460259429868159 ], [ 18.214027616388361, 40.460254734043978 ], [ 18.214035750649622, 40.460247770531467 ], [ 18.214042036911014, 40.460238651783044 ], [ 18.214049031412195, 40.460231278659052 ], [ 18.214060697608257, 40.460228152820029 ], [ 18.214072552559635, 40.460226264667966 ], [ 18.214085172247955, 40.460225823341403 ], [ 18.214094193190025, 40.460219402574779 ], [ 18.214099089003138, 40.46021030451179 ], [ 18.214102710471817, 40.460201683253629 ], [ 18.214106098892621, 40.460192131772246 ], [ 18.214117073003774, 40.460188340672616 ], [ 18.214129997536293, 40.460189593146048 ], [ 18.214141144235263, 40.460185959363109 ], [ 18.214145995320767, 40.460177159768413 ], [ 18.214148661820619, 40.460168294885371 ], [ 18.214151949019421, 40.460159340670657 ], [ 18.214163878083554, 40.460155793190495 ], [ 18.214176411853746, 40.460157011501487 ], [ 18.214185907115613, 40.460151388139437 ], [ 18.214191137602498, 40.460142632023178 ], [ 18.214198361162019, 40.460135117412065 ], [ 18.214209000567525, 40.460130984354194 ], [ 18.21422200110835, 40.460128145602958 ], [ 18.214234303287768, 40.460125992794538 ], [ 18.214244423203549, 40.460121351797831 ], [ 18.214252673950497, 40.46011485338277 ], [ 18.214264573839248, 40.46010674024393 ], [ 18.214283921105928, 40.460083693639987 ], [ 18.21427952345346, 40.460073079916647 ], [ 18.214271204493844, 40.460059612100274 ], [ 18.214264230312629, 40.460018795453344 ], [ 18.214262337953219, 40.460007727401049 ], [ 18.214311600043512, 40.459944875554314 ], [ 18.214340278856803, 40.459930323821055 ], [ 18.214372301931611, 40.459912463551085 ], [ 18.214409391442619, 40.459888094412612 ], [ 18.21443108233537, 40.459861776115204 ], [ 18.214427108605872, 40.459844971914215 ], [ 18.214414115905203, 40.45983215660705 ], [ 18.214403395331999, 40.459821241537369 ], [ 18.214399581203857, 40.459801109373799 ], [ 18.214422040584701, 40.459771374112535 ], [ 18.214450865691404, 40.45974407362192 ], [ 18.214474005758134, 40.459715012927887 ], [ 18.214483929281741, 40.459692417767592 ], [ 18.21449811986658, 40.459670532449316 ], [ 18.214521905341375, 40.459656729355324 ], [ 18.214537201000688, 40.459667643148478 ], [ 18.21456566213352, 40.459647297024532 ], [ 18.214549950510868, 40.459632855132362 ], [ 18.214553340725082, 40.459620871745294 ], [ 18.214561118718454, 40.459605208514063 ], [ 18.214579098433823, 40.459594034900725 ], [ 18.214606400911546, 40.459583016066034 ], [ 18.214611306378909, 40.459582273351373 ] ] ] ] } },
{ "type": "Feature", "properties": { "fid": 5.0, "ogc_fid": 5.0, "district": "Fraz. San Cataldo", "_mean": -5.4541773081202862, "_stdev": 4.194138111290318, "_min": -18.40416145324707, "_max": 3.2353231906890869 }, "geometry": { "type": "MultiPolygon", "coordinates": [ [ [ [ 18.242111745298711, 40.393414924667283 ], [ 18.242159637009976, 40.393427832949698 ], [ 18.243977971043964, 40.393873058229104 ], [ 18.245597204504548, 40.394260296346609 ], [ 18.246447180044907, 40.39480405121855 ], [ 18.247393664077563, 40.395146709904765 ], [ 18.248381936684936, 40.39604866824908 ], [ 18.248420080064662, 40.396841573415152 ], [ 18.249991935381935, 40.397629282154426 ], [ 18.250762265515373, 40.398212528747891 ], [ 18.253669129000986, 40.395899872198491 ], [ 18.256268306604564, 40.394389794221091 ], [ 18.259253171100042, 40.393700603046533 ], [ 18.262392836797368, 40.393646249525283 ], [ 18.265761992988189, 40.394100799968882 ], [ 18.267932458059729, 40.394350212346311 ], [ 18.269223614856738, 40.394528814382646 ], [ 18.270692871055182, 40.394511138834567 ], [ 18.271975977026678, 40.395168036343541 ], [ 18.27722077374538, 40.396883924969174 ], [ 18.279594449317301, 40.397011733621433 ], [ 18.282841833583319, 40.397323210599971 ], [ 18.285435417785621, 40.397583238656757 ], [ 18.289091628769171, 40.398465326351278 ], [ 18.291160273616395, 40.40014360221376 ], [ 18.291287466538421, 40.400097055898627 ], [ 18.291327565845176, 40.400081520435691 ], [ 18.29136551635176, 40.400065406708819 ], [ 18.291383724843982, 40.400057087976577 ], [ 18.291417764906189, 40.400040509229463 ], [ 18.291460394809981, 40.400017678172254 ], [ 18.291481253877937, 40.400005248856118 ], [ 18.291496117130556, 40.399995251098417 ], [ 18.291511184887138, 40.399982923762167 ], [ 18.291541032575406, 40.399953332564252 ], [ 18.291556349762956, 40.399938872514319 ], [ 18.291567714932793, 40.399928893371857 ], [ 18.291580403807171, 40.399918759418114 ], [ 18.291594880908693, 40.39990857450308 ], [ 18.291611598995061, 40.399898442811725 ], [ 18.291630858321554, 40.399888481881355 ], [ 18.291641354039562, 40.399883625346156 ], [ 18.291663827532606, 40.399874347396434 ], [ 18.2916879043119, 40.399865816348075 ], [ 18.291700413399898, 40.399861902182423 ], [ 18.291726023541305, 40.399854858580277 ], [ 18.291801713389887, 40.399837155801137 ], [ 18.291859664172051, 40.39982241738349 ], [ 18.291885964315533, 40.399816236745515 ], [ 18.291909104576792, 40.399811598051535 ], [ 18.291933472213721, 40.399806713613664 ], [ 18.292017005585006, 40.399791858461974 ], [ 18.292052456250556, 40.399784885585952 ], [ 18.292068857206065, 40.399780815422993 ], [ 18.29208242324037, 40.399776591881476 ], [ 18.292110954960485, 40.399765682077607 ], [ 18.292171289609261, 40.399740400676414 ], [ 18.292223038121396, 40.399717822824485 ], [ 18.292263775116918, 40.399698945362609 ], [ 18.292289952266447, 40.399685895967146 ], [ 18.292340292637693, 40.39965860262123 ], [ 18.292453051288092, 40.399594646794405 ], [ 18.292577078913993, 40.399522371608121 ], [ 18.292613199062075, 40.399503283374429 ], [ 18.292632134213704, 40.399494169150373 ], [ 18.292663045161987, 40.399480354253356 ], [ 18.292768842556441, 40.399436726712999 ], [ 18.292804168275694, 40.399421642063338 ], [ 18.292839188218363, 40.3994056023949 ], [ 18.29286247241086, 40.399394112455774 ], [ 18.292897506716436, 40.399375469401654 ], [ 18.292932874154452, 40.399354961443564 ], [ 18.293043568869116, 40.399285425645921 ], [ 18.293184778292183, 40.399201689707823 ], [ 18.293205368794993, 40.39919052869044 ], [ 18.293229085779625, 40.399178494939036 ], [ 18.293357794670378, 40.399116965642953 ], [ 18.293400696494064, 40.399095387074375 ], [ 18.293439768681218, 40.399073791590958 ], [ 18.293473698519744, 40.399052558884286 ], [ 18.293502642189857, 40.399032233918987 ], [ 18.293527033832326, 40.399013263665225 ], [ 18.293535344039459, 40.399006163542751 ], [ 18.293619577822533, 40.39893416538942 ], [ 18.293652667185242, 40.398903313941574 ], [ 18.293720890214992, 40.398835148003954 ], [ 18.29375950626677, 40.398798702437738 ], [ 18.293782556921457, 40.3987778933584 ], [ 18.293820268907634, 40.398761264143985 ], [ 18.293863142252228, 40.398740075311231 ], [ 18.293898739940868, 40.398720435954573 ], [ 18.293933927540433, 40.39869697950094 ], [ 18.293975155644603, 40.398674909847379 ], [ 18.294029660575841, 40.398637843547533 ], [ 18.294071809550694, 40.398605191655811 ], [ 18.294128148861962, 40.398579188259234 ], [ 18.294183379158145, 40.398553152516179 ], [ 18.294236983668409, 40.398509708882216 ], [ 18.294268444034046, 40.398465400760941 ], [ 18.294324722947291, 40.398408442701161 ], [ 18.294374341212841, 40.398368318207829 ], [ 18.294424392406953, 40.398347690023755 ], [ 18.294461872866883, 40.39832173708654 ], [ 18.29450284383606, 40.39827506806806 ], [ 18.294543883872901, 40.398242393596114 ], [ 18.294613879324992, 40.398206065979792 ], [ 18.294681583978484, 40.398171803168644 ], [ 18.294737143860793, 40.398119918223024 ], [ 18.294794159870531, 40.398073998334439 ], [ 18.294838515034762, 40.398025711420921 ], [ 18.294881821988135, 40.397975282857892 ], [ 18.29492916179132, 40.397904150647747 ], [ 18.294975853900006, 40.397852095233731 ], [ 18.295042963140439, 40.397802988018874 ], [ 18.295093160318121, 40.397778122200364 ], [ 18.295131443683708, 40.397744976751092 ], [ 18.295166971226521, 40.397711342480889 ], [ 18.295200835243453, 40.39767768270287 ], [ 18.29522984309131, 40.397640109306543 ], [ 18.295291648216466, 40.397583686651565 ], [ 18.295336109744913, 40.39756464962462 ], [ 18.295446670697832, 40.39755837356843 ], [ 18.295489670653211, 40.397549482884088 ], [ 18.295575267729344, 40.397527021331619 ], [ 18.295631228379122, 40.397495921174723 ], [ 18.29566323879618, 40.397467736229657 ], [ 18.295696551013631, 40.397417952811765 ], [ 18.29575308605105, 40.397369903469816 ], [ 18.295793553299735, 40.397353754324953 ], [ 18.295842905652083, 40.39732124752485 ], [ 18.295877566523625, 40.397296923755277 ], [ 18.29590910729706, 40.397282289327926 ], [ 18.295931859773251, 40.397281893185962 ], [ 18.295973036738836, 40.397277629783858 ], [ 18.296029151408593, 40.39725840407808 ], [ 18.296082177587415, 40.397231898936191 ], [ 18.296164525496927, 40.397191156748825 ], [ 18.29623551092299, 40.397158231494792 ], [ 18.296299008726841, 40.397133634082188 ], [ 18.296398067766454, 40.397106780635575 ], [ 18.296482478589294, 40.397086847147989 ], [ 18.296542725719522, 40.397060072667564 ], [ 18.29661693504924, 40.397014068302887 ], [ 18.296693519790718, 40.396979559892166 ], [ 18.296771300818982, 40.396942531417125 ], [ 18.296874095401197, 40.396903889159567 ], [ 18.297013491097822, 40.396848586129657 ], [ 18.297111969923471, 40.396806464141555 ], [ 18.297189503900924, 40.39676052573364 ], [ 18.29724561133165, 40.39672476411252 ], [ 18.297321755475171, 40.396687277618319 ], [ 18.297411878168322, 40.396645834348135 ], [ 18.297484198772853, 40.396622687603092 ], [ 18.29762451793448, 40.396589450196018 ], [ 18.297709511542834, 40.396566877309134 ], [ 18.297735871093877, 40.396559875841668 ], [ 18.297842998283514, 40.396523856999757 ], [ 18.297948386531527, 40.396490345658144 ], [ 18.298034359631991, 40.396457297610993 ], [ 18.298143163760162, 40.396420887453679 ], [ 18.298261582152247, 40.396363046652965 ], [ 18.298348508564949, 40.396318146160453 ], [ 18.298462903492222, 40.396264040770582 ], [ 18.298700197249353, 40.396134808171922 ], [ 18.298916613820808, 40.396016176978065 ], [ 18.299159760781698, 40.39592648623637 ], [ 18.299246362843974, 40.395890907343301 ], [ 18.299332017314136, 40.395850644010515 ], [ 18.299419830066316, 40.395812121219329 ], [ 18.299492600363376, 40.395791941624495 ], [ 18.299538983607327, 40.395781421648749 ], [ 18.299577855505856, 40.395776610355163 ], [ 18.299589100083743, 40.395775218235997 ], [ 18.299707486243438, 40.395783080389329 ], [ 18.299822544628363, 40.395791306791743 ], [ 18.299868120188311, 40.395804515580245 ], [ 18.299890272188247, 40.395821491865036 ], [ 18.299906848641616, 40.395839626283959 ], [ 18.299923502305898, 40.395855218585019 ], [ 18.299957221588755, 40.395858435293434 ], [ 18.300002149436995, 40.395841517770677 ], [ 18.300055955202218, 40.395840900131226 ], [ 18.300123555991153, 40.395842240900905 ], [ 18.30018401200368, 40.395841749336093 ], [ 18.300233710462614, 40.39581518427093 ], [ 18.300282295838471, 40.395805132477641 ], [ 18.30035141625212, 40.395794639832189 ], [ 18.300414089093039, 40.395794192887358 ], [ 18.300478879749477, 40.395780220272385 ], [ 18.30048562388826, 40.395761276370486 ], [ 18.300482041860647, 40.395736195792828 ], [ 18.30046447100754, 40.395715072603508 ], [ 18.300434257207353, 40.395690302652255 ], [ 18.300406619779533, 40.395687632846183 ], [ 18.300377622361584, 40.395692567579857 ], [ 18.300338916352821, 40.395689250295113 ], [ 18.300305631420937, 40.395689857270874 ], [ 18.300266890416037, 40.395703924029526 ], [ 18.300242063402255, 40.395716575462863 ], [ 18.300223914658474, 40.395728504682275 ], [ 18.300191985179335, 40.395738044542398 ], [ 18.300144863837588, 40.395737533659215 ], [ 18.300077786540665, 40.395737043495203 ], [ 18.30000741318554, 40.395735638701503 ], [ 18.299909896837402, 40.395733702432288 ], [ 18.299793536973354, 40.39573138481105 ], [ 18.29973328881475, 40.395725521358742 ], [ 18.299667378488834, 40.395723358385766 ], [ 18.299615427268403, 40.395718508894568 ], [ 18.299580177110162, 40.3957114448908 ], [ 18.299552204982795, 40.395702407646006 ], [ 18.299517788861571, 40.395682711217951 ], [ 18.299536481112955, 40.395569829490448 ], [ 18.299608540203167, 40.395593945630658 ], [ 18.299664882353039, 40.395600155808701 ], [ 18.299732660073754, 40.395596420042992 ], [ 18.299786057365068, 40.395591545891655 ], [ 18.299829669370983, 40.395580970768016 ], [ 18.299852968321407, 40.395564048833862 ], [ 18.29987376708392, 40.395555988931065 ], [ 18.29989934507249, 40.395570056326299 ], [ 18.299954210129545, 40.395587260795637 ], [ 18.299985424414935, 40.395582370914966 ], [ 18.299987030752764, 40.395567995249273 ], [ 18.29999285379639, 40.395559632725181 ], [ 18.300006445499143, 40.395567531544621 ], [ 18.300032639632811, 40.395563810946967 ], [ 18.300044297514166, 40.395547086457704 ], [ 18.300050281531867, 40.395534063731645 ], [ 18.300066339226063, 40.395534811867371 ], [ 18.300091452468656, 40.395546335475196 ], [ 18.300096435807323, 40.39554682357263 ], [ 18.300129293565874, 40.395543021551504 ], [ 18.300154995140904, 40.395535731204738 ], [ 18.300185315280633, 40.395521706930708 ], [ 18.30019418423047, 40.395498054842108 ], [ 18.300183979679815, 40.395483052902279 ], [ 18.30018933948703, 40.395467840444105 ], [ 18.300213375947749, 40.39546094892323 ], [ 18.300256118323308, 40.395461530855385 ], [ 18.300291029411966, 40.395464551294161 ], [ 18.300328690351691, 40.395468880194841 ], [ 18.300395809443309, 40.395471917937599 ], [ 18.300447608073846, 40.39546497256871 ], [ 18.300461589916956, 40.395436725021931 ], [ 18.300447269624247, 40.395407655043577 ], [ 18.300399370761411, 40.395390027494038 ], [ 18.300336946005615, 40.395376020477563 ], [ 18.300259493154293, 40.395363505608529 ], [ 18.300203691193285, 40.395351714100954 ], [ 18.300169179583683, 40.395330329123418 ], [ 18.300156059589437, 40.395322198881566 ], [ 18.300135697325384, 40.395290500381584 ], [ 18.30012150212681, 40.39523214667274 ], [ 18.300145020215044, 40.395175580519087 ], [ 18.300173906995838, 40.395127147201016 ], [ 18.300189282122108, 40.395118270371434 ], [ 18.300220616751012, 40.395100181169958 ], [ 18.300258789469211, 40.395082447797719 ], [ 18.300303678376242, 40.395038474933394 ], [ 18.300362230654095, 40.395003604789729 ], [ 18.300391776804858, 40.394974715286089 ], [ 18.300443121535267, 40.394915544518916 ], [ 18.300536124883074, 40.394831901770175 ], [ 18.300592319341007, 40.394779167303824 ], [ 18.300670563565248, 40.394709753566353 ], [ 18.300769378388658, 40.39463849190124 ], [ 18.30086304258802, 40.394574383710001 ], [ 18.301016813487493, 40.39448052233265 ], [ 18.301107511986057, 40.394424433666394 ], [ 18.301209217448339, 40.394372317574366 ], [ 18.301287777411265, 40.394336876048207 ], [ 18.301374184935611, 40.394298563085066 ], [ 18.301453519932615, 40.394277555162695 ], [ 18.301507888979025, 40.394279569650124 ], [ 18.301530909103679, 40.394292619977833 ], [ 18.301580121016396, 40.394325548063122 ], [ 18.301618553432768, 40.394368096343371 ], [ 18.301679704284616, 40.39443727763372 ], [ 18.301731578975129, 40.394499121430542 ], [ 18.301765547574664, 40.394542887074131 ], [ 18.301797500131563, 40.394577704466748 ], [ 18.30184571885842, 40.394605949382914 ], [ 18.301880564614137, 40.394611520127675 ], [ 18.301906489450619, 40.394595316218677 ], [ 18.301912246457892, 40.394562700257239 ], [ 18.301891385935456, 40.394528026967699 ], [ 18.301852179148931, 40.394470611826812 ], [ 18.301787694489089, 40.394426006328402 ], [ 18.30166469604525, 40.394318206604211 ], [ 18.301650180939532, 40.394297203402665 ], [ 18.301641396636061, 40.394269065151221 ], [ 18.301660599862863, 40.394206920748516 ], [ 18.301691668976641, 40.394136439154636 ], [ 18.301707294311857, 40.394109054166982 ], [ 18.301769528147531, 40.394058947612642 ], [ 18.301837881137192, 40.394008928204066 ], [ 18.301900535732248, 40.393964780140877 ], [ 18.30195962648099, 40.393906990491338 ], [ 18.302028967195831, 40.393837452085414 ], [ 18.30211230036802, 40.393739665594005 ], [ 18.30218071888309, 40.393638701821061 ], [ 18.302212070781234, 40.393603887823495 ], [ 18.3022584742242, 40.393565878431758 ], [ 18.302310706997353, 40.393516489836486 ], [ 18.302354209879912, 40.393483967394452 ], [ 18.30242224957302, 40.393447096580807 ], [ 18.302488544552013, 40.393414030533108 ], [ 18.302553860254516, 40.393398781718126 ], [ 18.30262846878697, 40.393390030348094 ], [ 18.302707641089636, 40.393375817331844 ], [ 18.302807539513786, 40.393354248443238 ], [ 18.30290587671567, 40.393327976642958 ], [ 18.302968637282934, 40.39330336156317 ], [ 18.30303708247197, 40.393272864595524 ], [ 18.303090415237964, 40.393247689520955 ], [ 18.303172450736923, 40.393230124854234 ], [ 18.303229655596137, 40.393229202296716 ], [ 18.303275313801613, 40.393241787723511 ], [ 18.303279866847042, 40.393243042757611 ], [ 18.303538318105392, 40.393520366092254 ], [ 18.303593744023335, 40.393572912470965 ], [ 18.303618980198937, 40.393585989068008 ], [ 18.303658150697842, 40.393597136872877 ], [ 18.303710091039097, 40.39360802840914 ], [ 18.303745999305878, 40.393591960968308 ], [ 18.303726322001022, 40.393554758396519 ], [ 18.303684258170382, 40.393524464818576 ], [ 18.303426945857726, 40.393245874417467 ], [ 18.303397808825256, 40.393209401669225 ], [ 18.303384028593857, 40.393180766950444 ], [ 18.303382911905736, 40.393156976883084 ], [ 18.303424938626623, 40.393092585277337 ], [ 18.303490548235111, 40.393016631815861 ], [ 18.303518998835926, 40.392987304507834 ], [ 18.303588767662518, 40.392947492389716 ], [ 18.303664507446545, 40.392913697104575 ], [ 18.303751450100158, 40.392875816518973 ], [ 18.30383103946717, 40.39281958414184 ], [ 18.30386724708417, 40.392767004571837 ], [ 18.303883729724713, 40.392702271627584 ], [ 18.303892963354556, 40.392639133067057 ], [ 18.30391006437727, 40.392599535634282 ], [ 18.303917401835871, 40.39258198142489 ], [ 18.303932071141396, 40.392532673994239 ], [ 18.30395606958453, 40.392479506915599 ], [ 18.303978280912009, 40.392430984402317 ], [ 18.304000839503924, 40.392392232402045 ], [ 18.304040381259775, 40.392363047062666 ], [ 18.30411975634814, 40.392316150732988 ], [ 18.304214869673356, 40.392236768871641 ], [ 18.3042555342303, 40.392207182063814 ], [ 18.304392633264211, 40.392137281931937 ], [ 18.304481474901163, 40.3921134420752 ], [ 18.304606243177542, 40.392072246856998 ], [ 18.304969247405225, 40.391982054786901 ], [ 18.305027214093599, 40.391972652195768 ], [ 18.305052205887208, 40.391972559476628 ], [ 18.30511385643419, 40.392019676083478 ], [ 18.305550928844546, 40.39247305669727 ], [ 18.305571583664701, 40.392492434510544 ], [ 18.305590777711799, 40.392502882483946 ], [ 18.305627784985987, 40.392511452547772 ], [ 18.305648939468469, 40.392508767483399 ], [ 18.305703961921406, 40.392482768276018 ], [ 18.305702913675134, 40.392455579827732 ], [ 18.305591617261531, 40.392346242497219 ], [ 18.305193344656892, 40.391967677957119 ], [ 18.305178255018632, 40.39194794358135 ], [ 18.305186794994381, 40.391914942504521 ], [ 18.305211308010751, 40.391887258608861 ], [ 18.305284644886324, 40.391813531978997 ], [ 18.305350845955914, 40.391760077477421 ], [ 18.305433510419402, 40.39171450019218 ], [ 18.305509772770105, 40.391658217776204 ], [ 18.305608866598277, 40.391598841093725 ], [ 18.305683153675169, 40.391556115336577 ], [ 18.305802557276358, 40.391482585858867 ], [ 18.305946005533631, 40.39140216242626 ], [ 18.306090075228806, 40.391318775818505 ], [ 18.306185968667258, 40.391278044189029 ], [ 18.306299288344402, 40.391227780792761 ], [ 18.306388673162505, 40.391180164084844 ], [ 18.306464424087249, 40.391145943351844 ], [ 18.306586665932386, 40.391094109290741 ], [ 18.306652662499289, 40.39107334456417 ], [ 18.306750153315512, 40.391035178705927 ], [ 18.306817452058443, 40.391006368692068 ], [ 18.306889745316504, 40.390953000111153 ], [ 18.30697065899011, 40.390911641996297 ], [ 18.307041281305647, 40.390882872703699 ], [ 18.307105943003794, 40.390848086376465 ], [ 18.307133840900686, 40.39081832278071 ], [ 18.307168168582059, 40.390798409524336 ], [ 18.307198177744421, 40.390797109892894 ], [ 18.307448767988109, 40.390885835305504 ], [ 18.308046732420483, 40.391128254410177 ], [ 18.308087009575097, 40.391139405053515 ], [ 18.3081178493881, 40.391126660814969 ], [ 18.308135469696413, 40.391109071246973 ], [ 18.308137156193375, 40.39108362387141 ], [ 18.308116529891656, 40.391063390959687 ], [ 18.307711696744843, 40.390921220943675 ], [ 18.307317660795764, 40.390768581603226 ], [ 18.307249594773431, 40.390734547549123 ], [ 18.307210215080275, 40.390708545775929 ], [ 18.307177808868307, 40.390669051243897 ], [ 18.307129222284296, 40.390608961240062 ], [ 18.307097842070572, 40.390549524249401 ], [ 18.307072489214342, 40.390493138206168 ], [ 18.307050391361727, 40.390440198624816 ], [ 18.307031063142347, 40.390387288726124 ], [ 18.30697235900066, 40.390284607998971 ], [ 18.306963174267558, 40.390225472225531 ], [ 18.306953481380855, 40.390187976246068 ], [ 18.306927146612626, 40.390150261383873 ], [ 18.306908254562074, 40.390102887142277 ], [ 18.306910901824807, 40.390060462436473 ], [ 18.306942393167542, 40.389994659911075 ], [ 18.306954319800695, 40.389959156944208 ], [ 18.306955684876137, 40.389900170373835 ], [ 18.306948739353608, 40.389864414203515 ], [ 18.306928692405457, 40.389818711357613 ], [ 18.306937610796012, 40.38976916379746 ], [ 18.306958319469814, 40.389713828696344 ], [ 18.306950871650265, 40.389675511870735 ], [ 18.306946975555945, 40.389627915465951 ], [ 18.306950034461163, 40.38959144415454 ], [ 18.306975825301716, 40.389574780017924 ], [ 18.307160511619969, 40.389450646338055 ], [ 18.307159412789549, 40.389382480357469 ], [ 18.307129678692601, 40.389364848878493 ], [ 18.307158130461492, 40.389329810369347 ], [ 18.307104754944362, 40.38930085874005 ], [ 18.307084599556614, 40.389321567721133 ], [ 18.307060682210171, 40.38927808058628 ], [ 18.307036434998206, 40.389222131218602 ], [ 18.307035948641683, 40.38914698546715 ], [ 18.307047717329468, 40.38909406792223 ], [ 18.307045276529582, 40.389031208415332 ], [ 18.307023048903424, 40.388983785572378 ], [ 18.3069743301022, 40.388929625715434 ], [ 18.30690586308209, 40.388888802798974 ], [ 18.306847138002066, 40.388859562862329 ], [ 18.306791248543718, 40.388851163540728 ], [ 18.306710415142032, 40.388797859878977 ], [ 18.306603472194031, 40.388893136170992 ], [ 18.306487797963328, 40.388995527258047 ], [ 18.306418813489895, 40.388958373808798 ], [ 18.30632512600425, 40.388904040864595 ], [ 18.306239026157087, 40.388857443640504 ], [ 18.306138192157665, 40.388800045635968 ], [ 18.306036690554304, 40.388698903655026 ], [ 18.305877332990942, 40.388554950084171 ], [ 18.305799515422059, 40.38846262409028 ], [ 18.3056934611297, 40.388270563540864 ], [ 18.305669598092102, 40.388197644019563 ], [ 18.305670865395857, 40.388142892520101 ], [ 18.305641364157378, 40.388074142356515 ], [ 18.305612474844907, 40.388050406726521 ], [ 18.305567667503311, 40.387923281243722 ], [ 18.305544911352914, 40.38785080647348 ], [ 18.305536728354522, 40.387772152133394 ], [ 18.305473695652374, 40.387736909239337 ], [ 18.305425016841898, 40.387729033351086 ], [ 18.305374537757906, 40.387702880176668 ], [ 18.305364405589476, 40.387660713087627 ], [ 18.305368681374407, 40.387620015228897 ], [ 18.305398958617861, 40.387559454659133 ], [ 18.305445331542934, 40.387466522501164 ], [ 18.305404706207479, 40.387469647590713 ], [ 18.305335919941189, 40.387606830975884 ], [ 18.305306262932195, 40.387613469152697 ], [ 18.305280550791515, 40.387621193243866 ], [ 18.305271353339396, 40.387621254670115 ], [ 18.305238903896242, 40.38762147344621 ], [ 18.305215302555631, 40.387609269086141 ], [ 18.305164614504974, 40.387568251615917 ], [ 18.305009968774037, 40.387412895384038 ], [ 18.304875943731336, 40.387181833377625 ], [ 18.304791015316983, 40.386965013126165 ], [ 18.304765364744295, 40.386825414247646 ], [ 18.304746974412094, 40.386635810097083 ], [ 18.304740930988356, 40.386585212712781 ], [ 18.304706848205967, 40.386498138474934 ], [ 18.304673756145096, 40.386416602068181 ], [ 18.304663328968626, 40.386387169015336 ], [ 18.304643589879465, 40.386352517236389 ], [ 18.304641725486416, 40.386265035536105 ], [ 18.304657945315945, 40.386187988709068 ], [ 18.304661237641781, 40.386117552512616 ], [ 18.304690828270719, 40.386038142569426 ], [ 18.304715606981443, 40.385975216678482 ], [ 18.30475208350672, 40.385838156405889 ], [ 18.304803476956295, 40.385632093570386 ], [ 18.304813559399882, 40.385556240074216 ], [ 18.30483236579132, 40.385487288363855 ], [ 18.304856898073336, 40.38543497947331 ], [ 18.304874457309467, 40.385347761670715 ], [ 18.304879965563114, 40.38527736204076 ], [ 18.304895419104273, 40.385209216880384 ], [ 18.304929896625559, 40.385159164246488 ], [ 18.304941396246615, 40.385141911501911 ], [ 18.304969045261, 40.385122757421783 ], [ 18.304999736694057, 40.385115953742861 ], [ 18.305034709000143, 40.385115998816509 ], [ 18.305070769288434, 40.38511733674607 ], [ 18.305106292886197, 40.385117816363142 ], [ 18.305491756633813, 40.385159116953339 ], [ 18.305714141330903, 40.385193964438962 ], [ 18.305766774182377, 40.385198917857181 ], [ 18.305811888145257, 40.385192737895856 ], [ 18.305835465149741, 40.385181598184886 ], [ 18.305840373019048, 40.385161282554897 ], [ 18.305819832014684, 40.385137227877472 ], [ 18.305566388822964, 40.385100692540831 ], [ 18.305114196586004, 40.385039809513017 ], [ 18.30506556637387, 40.385030237883761 ], [ 18.305030977247384, 40.385013204985285 ], [ 18.305001158481581, 40.384982236309312 ], [ 18.304994920436908, 40.384939696554532 ], [ 18.304996916335906, 40.38485312216762 ], [ 18.304999541335654, 40.384763998876572 ], [ 18.305002100402511, 40.384652801864362 ], [ 18.30500695099462, 40.384539090344767 ], [ 18.304992211142757, 40.384504079416303 ], [ 18.305000280318925, 40.384467245911083 ], [ 18.305016124778859, 40.384454301081774 ], [ 18.305056825221996, 40.384447211017623 ], [ 18.305103227370527, 40.384433401768966 ], [ 18.305142468622311, 40.384416951252511 ], [ 18.305169583402783, 40.38439651453595 ], [ 18.305177189021837, 40.384380057701513 ], [ 18.305267784198477, 40.383991129748757 ], [ 18.305286924068959, 40.383955727666191 ], [ 18.305313260804006, 40.383920839291342 ], [ 18.305356669540181, 40.383892560648007 ], [ 18.305409821165348, 40.383850827186144 ], [ 18.305414793863587, 40.383839561525342 ], [ 18.305430011770785, 40.383826814704861 ], [ 18.305475369607599, 40.383780097415077 ], [ 18.305534010006976, 40.383727804008018 ], [ 18.305571298919169, 40.38368251548134 ], [ 18.305602063443924, 40.383643042882461 ], [ 18.305627854827502, 40.383597714077688 ], [ 18.305687352809716, 40.383492166909903 ], [ 18.305803914005015, 40.383335542187517 ], [ 18.305843478051205, 40.383290782912155 ], [ 18.305883711939614, 40.383257978961701 ], [ 18.303376994257629, 40.379993188406196 ], [ 18.301587560509088, 40.377664882823829 ], [ 18.301327993015825, 40.377320265410688 ], [ 18.301334607671077, 40.377232978928149 ], [ 18.301374013171177, 40.377110432259208 ], [ 18.301558295152823, 40.376812828634392 ], [ 18.301610043229694, 40.376594523820494 ], [ 18.301586437765852, 40.376343682093221 ], [ 18.301876080853038, 40.375447762917204 ], [ 18.301878662634671, 40.375137124201558 ], [ 18.301885046734629, 40.374904777300642 ], [ 18.301895787377344, 40.374842896281983 ], [ 18.301874912884017, 40.374798422954143 ], [ 18.301861519634397, 40.374750349235981 ], [ 18.301807235240116, 40.374527392143001 ], [ 18.301629211220767, 40.374327537970402 ], [ 18.301457876815139, 40.374137025112844 ], [ 18.301261808635086, 40.373767374786475 ], [ 18.301163694967464, 40.373582397741266 ], [ 18.301151825536067, 40.373534210127531 ], [ 18.301142432838198, 40.373483446047004 ], [ 18.301131031583804, 40.373435873725697 ], [ 18.301119822755552, 40.373387225897076 ], [ 18.301107229053084, 40.373335733665634 ], [ 18.301091910660041, 40.373288057111267 ], [ 18.301079134615645, 40.373241750793703 ], [ 18.301064680038458, 40.37319729199632 ], [ 18.301054310075664, 40.373150626901648 ], [ 18.301050014455122, 40.373100781762325 ], [ 18.301055159877638, 40.373055636790987 ], [ 18.301073035631671, 40.373004275430851 ], [ 18.30109579809119, 40.372958160489844 ], [ 18.301115431818076, 40.372908314268706 ], [ 18.301140448805409, 40.37286500806124 ], [ 18.30116127287107, 40.37282217293113 ], [ 18.301178501549199, 40.372774153552562 ], [ 18.301195326135957, 40.372730928326227 ], [ 18.301207237375568, 40.372678681793715 ], [ 18.301216222352174, 40.372625160658082 ], [ 18.301215458224327, 40.372576734951473 ], [ 18.301210931285318, 40.372529580450582 ], [ 18.301207845249753, 40.372478944177949 ], [ 18.301203569058, 40.372426942259622 ], [ 18.301179055277508, 40.372128930650298 ], [ 18.301160327638154, 40.371964884662255 ], [ 18.301143728803837, 40.371819488549626 ], [ 18.301138444134441, 40.371773742739762 ], [ 18.301141772447256, 40.371727803045978 ], [ 18.301139469556734, 40.37167323543796 ], [ 18.301135678238385, 40.37166963117707 ], [ 18.301083113383406, 40.371440586317227 ], [ 18.301006780392836, 40.371243607470568 ], [ 18.300902492629039, 40.370618613783861 ], [ 18.300814845676076, 40.370253898436445 ], [ 18.300820009764731, 40.370232617336441 ], [ 18.300793769542139, 40.370109579476718 ], [ 18.300754128520516, 40.369553077884433 ], [ 18.300630105654342, 40.36892749477402 ], [ 18.300625053690013, 40.368718823697506 ], [ 18.300623199264578, 40.368642272056867 ], [ 18.300622769915115, 40.368624558944056 ], [ 18.300617064221061, 40.368565305910899 ], [ 18.300601567875724, 40.368447401117784 ], [ 18.300599330314455, 40.368415761114278 ], [ 18.300597413321679, 40.368380365123414 ], [ 18.300612336265988, 40.36829020582892 ], [ 18.30062933906687, 40.368242201975868 ], [ 18.300652245885079, 40.368199595638522 ], [ 18.300738356571227, 40.368049023931349 ], [ 18.300751988820327, 40.368010321311658 ], [ 18.30075190128218, 40.367958858962695 ], [ 18.300779972538564, 40.367848835061181 ], [ 18.300786347816679, 40.367823857187901 ], [ 18.300801728768569, 40.367778574668506 ], [ 18.300850071710649, 40.367651804335566 ], [ 18.300863103472462, 40.367601291131116 ], [ 18.300888517563347, 40.367528053037688 ], [ 18.300906028615977, 40.367482988851783 ], [ 18.300930441422128, 40.367445428271012 ], [ 18.300995783520086, 40.367383192239188 ], [ 18.301029974788346, 40.367349351247917 ], [ 18.301054039023587, 40.367315023234589 ], [ 18.301079220417098, 40.367252167582187 ], [ 18.301105121514325, 40.367193488527505 ], [ 18.301130101401196, 40.367138852823203 ], [ 18.301160829285301, 40.367052620934501 ], [ 18.301182056122986, 40.366988410153859 ], [ 18.30119865780863, 40.366921069272834 ], [ 18.301210335656684, 40.366829824538918 ], [ 18.301226033509725, 40.366770788531291 ], [ 18.301247685298531, 40.36670414276567 ], [ 18.301276071877833, 40.366631747346126 ], [ 18.301306030831348, 40.366577032368752 ], [ 18.301329862920095, 40.366519637313573 ], [ 18.301378374486475, 40.366450404585201 ], [ 18.301420022935044, 40.366389358799914 ], [ 18.301449626519698, 40.36634381385705 ], [ 18.301481187565557, 40.366293023248581 ], [ 18.301530359080047, 40.366224241752931 ], [ 18.301546328041784, 40.366191254626216 ], [ 18.301561532200367, 40.366152252997082 ], [ 18.301573838342144, 40.366113417050052 ], [ 18.301612528203108, 40.365983661811853 ], [ 18.301686377285016, 40.365759295857572 ], [ 18.301784697535496, 40.365445805300297 ], [ 18.301847927266323, 40.365222940650149 ], [ 18.301893326363739, 40.365005557341576 ], [ 18.301899223172867, 40.364934399002358 ], [ 18.301892572939288, 40.364813638549577 ], [ 18.301886007380464, 40.364727200592462 ], [ 18.301876008911574, 40.364634555989532 ], [ 18.301859387023264, 40.364572884132606 ], [ 18.301809836951723, 40.364500534606691 ], [ 18.301738404500743, 40.3644053765588 ], [ 18.301586422253564, 40.3643432715063 ], [ 18.301398646473562, 40.364261187061416 ], [ 18.30128598320454, 40.364216056253589 ], [ 18.300988014234001, 40.364082446849281 ], [ 18.300682077024153, 40.363945793045893 ], [ 18.300178236116803, 40.363718444354312 ], [ 18.299600059148961, 40.363459851752182 ], [ 18.299076322497186, 40.363220889189073 ], [ 18.298612654878031, 40.363014038661639 ], [ 18.298049645103831, 40.36276058928506 ], [ 18.297594069136707, 40.362477918435985 ], [ 18.298868934674889, 40.360694172485971 ], [ 18.29906386918848, 40.360389376468312 ], [ 18.299757457303798, 40.359345468877379 ], [ 18.299900737890713, 40.359213549989747 ], [ 18.300043699022048, 40.359047116952411 ], [ 18.300130171239484, 40.35893814498494 ], [ 18.300742954844253, 40.358041491761149 ], [ 18.300429415952472, 40.357670909424023 ], [ 18.300174783710066, 40.357319092582344 ], [ 18.300142143220693, 40.357273996550042 ], [ 18.300115041578003, 40.357235713564876 ], [ 18.299854409376383, 40.35686756326492 ], [ 18.299748130748782, 40.356732382037038 ], [ 18.299176440395513, 40.356124347547535 ], [ 18.298319612444029, 40.355380089498894 ], [ 18.298445242244277, 40.355220366104739 ], [ 18.298525663920483, 40.355075973123938 ], [ 18.298594632985868, 40.354916678348644 ], [ 18.298668729436926, 40.354676618928508 ], [ 18.298729948240929, 40.354477203825709 ], [ 18.298815920188954, 40.354171884105902 ], [ 18.300777557620776, 40.351133443008038 ], [ 18.302753840377779, 40.348088146889431 ], [ 18.302382826820033, 40.347810366408332 ], [ 18.301989965688065, 40.347517303039048 ], [ 18.301624145121352, 40.347212125986175 ], [ 18.3013829505011, 40.34697539085893 ], [ 18.301148579946815, 40.34679889419079 ], [ 18.300913609807147, 40.34663632969756 ], [ 18.30080620807945, 40.346555346440674 ], [ 18.30072193503775, 40.346466053745658 ], [ 18.300629425527436, 40.346352949866827 ], [ 18.30052950288021, 40.346282117733999 ], [ 18.300569096712987, 40.346261731887694 ], [ 18.300538470215159, 40.346248772305636 ], [ 18.300514149897179, 40.34624515098082 ], [ 18.300493913437517, 40.346240063768924 ], [ 18.300333805643923, 40.346116936787944 ], [ 18.300176602956782, 40.345987908189159 ], [ 18.299982927388026, 40.345813218917932 ], [ 18.299836152778944, 40.345652279841602 ], [ 18.29969601040267, 40.345515846067677 ], [ 18.299534977938929, 40.345413514076327 ], [ 18.299528761038388, 40.345408993656804 ], [ 18.298384404551488, 40.346326921965634 ], [ 18.298236508824996, 40.346447740933122 ], [ 18.297964198889833, 40.346673124441345 ], [ 18.297657295048566, 40.346929082114329 ], [ 18.297524560046522, 40.347074072321647 ], [ 18.296985491139871, 40.346853169474031 ], [ 18.296721163302681, 40.346786598399717 ], [ 18.296439829904148, 40.346722284444141 ], [ 18.296066288597348, 40.346653609220404 ], [ 18.295712762112267, 40.346577489650912 ], [ 18.295563262992189, 40.346546110348456 ], [ 18.295473253035158, 40.346514143719794 ], [ 18.295441047025719, 40.34649841769469 ], [ 18.29543378971676, 40.346486456463438 ], [ 18.295428085634878, 40.346468200190593 ], [ 18.29540648229753, 40.346358169264789 ], [ 18.295390815837802, 40.346316644276911 ], [ 18.295317212861619, 40.346237691087616 ], [ 18.295103364713096, 40.346162398980255 ], [ 18.294619708665273, 40.346047410058297 ], [ 18.294224340818861, 40.345951509262719 ], [ 18.294223754762427, 40.345931982948684 ], [ 18.294119197829314, 40.345907003187897 ], [ 18.29393706029208, 40.345873246783214 ], [ 18.293768583544544, 40.345826067764499 ], [ 18.293641631157723, 40.345831709753838 ], [ 18.293620128901988, 40.345833367384465 ], [ 18.29008910033366, 40.348232399997734 ], [ 18.286542149182441, 40.351123227675032 ], [ 18.284675652842687, 40.353152719389364 ], [ 18.283932454287299, 40.354218313102315 ], [ 18.279748013423035, 40.358338106184235 ], [ 18.279155300262072, 40.358542240010031 ], [ 18.278170868405343, 40.359403503035161 ], [ 18.276661741477312, 40.360647294301039 ], [ 18.274946813416175, 40.36246509421418 ], [ 18.274538125657074, 40.364493538948466 ], [ 18.275281482553112, 40.369816869841515 ], [ 18.261835288420414, 40.376260967631801 ], [ 18.260657833801218, 40.377829678083394 ], [ 18.252107202912882, 40.384603886021168 ], [ 18.242168744718597, 40.393368095070628 ], [ 18.242111745298711, 40.393414924667283 ] ] ] ] } },
{ "type": "Feature", "properties": { "fid": 6.0, "ogc_fid": 6.0, "district": "Borgo Piave", "_mean": -3.1230829882067299, "_stdev": 0.86335242672270895, "_min": -4.7354984283447283, "_max": -0.97225737571716297 }, "geometry": { "type": "MultiPolygon", "coordinates": [ [ [ [ 18.213978689485796, 40.417880220371146 ], [ 18.213978689485796, 40.417880220371146 ], [ 18.216200372377198, 40.416563805080187 ], [ 18.21656898513012, 40.416834782673348 ], [ 18.216652189967991, 40.416787632872605 ], [ 18.217087555655148, 40.417050190224323 ], [ 18.217753738014526, 40.416631758638587 ], [ 18.218520509698184, 40.417270675622213 ], [ 18.2181815881791, 40.41750822873302 ], [ 18.218598570663019, 40.417879091769308 ], [ 18.218968004981242, 40.417636438211645 ], [ 18.219235235047023, 40.417725836547184 ], [ 18.218881377037128, 40.41833538209621 ], [ 18.218421102473993, 40.418090664145822 ], [ 18.218292915877413, 40.418317265485776 ], [ 18.218527970292733, 40.418556922538478 ], [ 18.218185005472279, 40.419024480619044 ], [ 18.220239984464627, 40.419164372198814 ], [ 18.220374585046226, 40.41936115915086 ], [ 18.220225388074791, 40.419598537062463 ], [ 18.220544716898807, 40.419715776528861 ], [ 18.220852426738922, 40.419216748988148 ], [ 18.221209275911491, 40.419138589058512 ], [ 18.221458531016076, 40.418717519487764 ], [ 18.221154774288234, 40.418572050029127 ], [ 18.22066017577227, 40.418384186413157 ], [ 18.221258103109058, 40.417464597456352 ], [ 18.220657950492072, 40.417217850362967 ], [ 18.220019236408611, 40.41660926332758 ], [ 18.220384957800015, 40.416350509064813 ], [ 18.21960973710307, 40.415379357484326 ], [ 18.220726045231729, 40.414835738075247 ], [ 18.220098293798621, 40.414162659313753 ], [ 18.219878398371097, 40.414219469031416 ], [ 18.219467711748493, 40.413815296712784 ], [ 18.219467711748486, 40.413815296712777 ], [ 18.218572678329569, 40.4140030029846 ], [ 18.217048740017443, 40.414391536519652 ], [ 18.216181743851777, 40.41488662053812 ], [ 18.213737459123937, 40.416479900746594 ], [ 18.213544390183262, 40.41705310411065 ], [ 18.213909432707542, 40.417659039825686 ], [ 18.213978689485796, 40.417880220371146 ] ] ] ] } },
{ "type": "Feature", "properties": { "fid": 7.0, "ogc_fid": 7.0, "district": "Fraz. Frigole", "_mean": -6.3858119857286582, "_stdev": 4.4981863838471652, "_min": -20.656635284423828, "_max": 6.2158374786376962 }, "geometry": { "type": "MultiPolygon", "coordinates": [ [ [ [ 18.219467711748486, 40.413815296712777 ], [ 18.219467711748493, 40.413815296712784 ], [ 18.219878398371097, 40.414219469031416 ], [ 18.220098293798621, 40.414162659313753 ], [ 18.220726045231729, 40.414835738075247 ], [ 18.21960973710307, 40.415379357484326 ], [ 18.220384957800015, 40.416350509064813 ], [ 18.220019236408611, 40.41660926332758 ], [ 18.220657950492072, 40.417217850362967 ], [ 18.221258103109058, 40.417464597456352 ], [ 18.22066017577227, 40.418384186413157 ], [ 18.221154774288234, 40.418572050029127 ], [ 18.221458531016076, 40.418717519487764 ], [ 18.221209275911491, 40.419138589058512 ], [ 18.220852426738922, 40.419216748988148 ], [ 18.220544716898807, 40.419715776528861 ], [ 18.220225388074791, 40.419598537062463 ], [ 18.220374585046226, 40.41936115915086 ], [ 18.220239984464627, 40.419164372198814 ], [ 18.218185005472279, 40.419024480619044 ], [ 18.218527970292733, 40.418556922538478 ], [ 18.218292915877413, 40.418317265485776 ], [ 18.218421102473993, 40.418090664145822 ], [ 18.218881377037128, 40.41833538209621 ], [ 18.219235235047023, 40.417725836547184 ], [ 18.218968004981242, 40.417636438211645 ], [ 18.218598570663019, 40.417879091769308 ], [ 18.2181815881791, 40.41750822873302 ], [ 18.218520509698184, 40.417270675622213 ], [ 18.217753738014526, 40.416631758638587 ], [ 18.217087555655148, 40.417050190224323 ], [ 18.216652189967991, 40.416787632872605 ], [ 18.21656898513012, 40.416834782673348 ], [ 18.216200372377198, 40.416563805080187 ], [ 18.213978689485796, 40.417880220371146 ], [ 18.213978689485796, 40.417880220371146 ], [ 18.214283929534513, 40.4188550244466 ], [ 18.211726371708188, 40.422868146146556 ], [ 18.210228747415503, 40.423686449213932 ], [ 18.209229667758787, 40.424289764697946 ], [ 18.204101525124809, 40.426367921068731 ], [ 18.200215326234986, 40.428405980800584 ], [ 18.195891124729766, 40.430735169346534 ], [ 18.194274794196119, 40.43134695261783 ], [ 18.190429333511368, 40.433286779645151 ], [ 18.191026849209276, 40.43366859535778 ], [ 18.190248497360695, 40.434358164375084 ], [ 18.192577877084098, 40.435921088818141 ], [ 18.191859422499768, 40.436546287118695 ], [ 18.193649906638004, 40.437740069704979 ], [ 18.193855140892495, 40.437860723026631 ], [ 18.19526342655362, 40.438612259769251 ], [ 18.195606054062896, 40.438618397504179 ], [ 18.195852849476779, 40.438928785610962 ], [ 18.195725462691271, 40.438983987189104 ], [ 18.195597703496745, 40.439183558696563 ], [ 18.192992999992466, 40.441463655209759 ], [ 18.190201093516958, 40.44102890527715 ], [ 18.189764502848597, 40.442619304641667 ], [ 18.189364027464471, 40.443162522547823 ], [ 18.190915159060211, 40.444349882859363 ], [ 18.188625689887875, 40.446733399754379 ], [ 18.187244962917884, 40.446003255942379 ], [ 18.18788337172472, 40.446722271349081 ], [ 18.189002362791317, 40.449096857587428 ], [ 18.190637885426789, 40.453041073111976 ], [ 18.191669903245902, 40.454576694901064 ], [ 18.192890190791786, 40.455744712753031 ], [ 18.193412745933429, 40.456255111372059 ], [ 18.194238864996748, 40.456393122181439 ], [ 18.199627613636249, 40.456296766235859 ], [ 18.207340702984041, 40.456223847682885 ], [ 18.211172770742376, 40.456164055139908 ], [ 18.211567669592029, 40.456035196572991 ], [ 18.213204569070442, 40.45832969551126 ], [ 18.213937186574022, 40.459202143574302 ], [ 18.214611306378909, 40.459582273351373 ], [ 18.214630892057393, 40.459579307970081 ], [ 18.214637633443171, 40.459586650003587 ], [ 18.214637279678477, 40.459601971455307 ], [ 18.214639214800961, 40.459617814630505 ], [ 18.214649848250062, 40.459626903718352 ], [ 18.214657631724592, 40.459636315330165 ], [ 18.214667308134434, 40.459653519188571 ], [ 18.21468323795067, 40.459667837901321 ], [ 18.214692978578061, 40.459669088882031 ], [ 18.214708398491833, 40.459652951696583 ], [ 18.214718364768814, 40.459632489944205 ], [ 18.214721468936364, 40.459609075847787 ], [ 18.214722493924658, 40.459580144409948 ], [ 18.214742564442968, 40.459548043749855 ], [ 18.214768769088163, 40.459526868721071 ], [ 18.214791747499966, 40.459503567826509 ], [ 18.214786672831305, 40.459487415759249 ], [ 18.214771815152403, 40.459467888287342 ], [ 18.214759740404624, 40.459439961030043 ], [ 18.214761732621565, 40.459378911344615 ], [ 18.214788871135116, 40.459293536680768 ], [ 18.214807468984198, 40.459258252565284 ], [ 18.214837688511604, 40.45922015000243 ], [ 18.214860172542767, 40.459199835111001 ], [ 18.214873526983222, 40.459169821849287 ], [ 18.214875419300231, 40.459139299074479 ], [ 18.214874478038187, 40.459104252701025 ], [ 18.214856071136943, 40.459043951076751 ], [ 18.214840713361188, 40.458969955245543 ], [ 18.214837852305042, 40.458920128076763 ], [ 18.214827872396231, 40.458860483509319 ], [ 18.214827510889204, 40.458820782477964 ], [ 18.214834397752735, 40.458782987245804 ], [ 18.214835144734113, 40.458759350551517 ], [ 18.214858679013094, 40.458719533663462 ], [ 18.214880110674127, 40.458688782135546 ], [ 18.214902392542314, 40.458669670772821 ], [ 18.214946416845063, 40.458634723524412 ], [ 18.214980990836914, 40.458605101209137 ], [ 18.215007457879256, 40.458571642518812 ], [ 18.21503007368803, 40.458546928595403 ], [ 18.215051388507323, 40.45852163842607 ], [ 18.215084947237209, 40.45849693505405 ], [ 18.215117519748109, 40.458475780800633 ], [ 18.215146602583371, 40.458458839821233 ], [ 18.215174705401157, 40.458432234776893 ], [ 18.21519419570275, 40.458404788710105 ], [ 18.215203117303489, 40.458384680249459 ], [ 18.215208102016774, 40.458369049716168 ], [ 18.215212232992542, 40.458352578298587 ], [ 18.215261397721143, 40.458309471728619 ], [ 18.21534956452496, 40.458243554672492 ], [ 18.215427405505348, 40.458188336969478 ], [ 18.21546931680022, 40.458160023346018 ], [ 18.215519736197418, 40.458132094259369 ], [ 18.215576439000621, 40.458103395727775 ], [ 18.215631982712086, 40.458072153494093 ], [ 18.215718272365038, 40.458031894839728 ], [ 18.215848863193674, 40.457951393817801 ], [ 18.215913032585298, 40.457924486699703 ], [ 18.2159812044886, 40.457874716834219 ], [ 18.216024384139232, 40.45785322188221 ], [ 18.216077091474013, 40.45782580527159 ], [ 18.216121603228775, 40.457801093773703 ], [ 18.216157215145103, 40.457778413487311 ], [ 18.216210414731133, 40.457750442696998 ], [ 18.216244320161913, 40.457717704255707 ], [ 18.21627222358218, 40.457681503227029 ], [ 18.216309333978032, 40.457636615360791 ], [ 18.216339970173046, 40.457605544144755 ], [ 18.216429062512447, 40.457526945908789 ], [ 18.216468195844055, 40.45749380959316 ], [ 18.216510726997104, 40.457459479786145 ], [ 18.216543753524075, 40.457422415443808 ], [ 18.216552223262884, 40.457413352829327 ], [ 18.216618131302859, 40.457331743479983 ], [ 18.216637550694376, 40.457301101727182 ], [ 18.216661441188524, 40.457267543307921 ], [ 18.216682412207195, 40.457231120977816 ], [ 18.216698154543717, 40.457203481841766 ], [ 18.216712007805839, 40.457189621728226 ], [ 18.216741342229426, 40.457157965199734 ], [ 18.216755041505081, 40.457128284378946 ], [ 18.216757205753758, 40.457105698019951 ], [ 18.216759674899912, 40.457084805457335 ], [ 18.216767999104583, 40.457076647564008 ], [ 18.216780866625481, 40.457072272068622 ], [ 18.21678956437097, 40.457071444330523 ], [ 18.216805543705032, 40.457072233125018 ], [ 18.216824619546284, 40.457071197339147 ], [ 18.21684071548809, 40.457060598253449 ], [ 18.216847086929057, 40.457049819726848 ], [ 18.216844587181736, 40.457039693637988 ], [ 18.216835344716628, 40.457024666528909 ], [ 18.216825043910113, 40.457012415983421 ], [ 18.216815738984288, 40.456999291052746 ], [ 18.216805936368296, 40.456982162941515 ], [ 18.216805207739011, 40.456963196851582 ], [ 18.216811856016996, 40.456943151598544 ], [ 18.216826965650945, 40.456905226262514 ], [ 18.216848893323402, 40.456870569610892 ], [ 18.216858503566449, 40.456843659702209 ], [ 18.216867943575281, 40.456835164486002 ], [ 18.216887483778315, 40.456828297345162 ], [ 18.216912106575787, 40.456821937100543 ], [ 18.216934932057569, 40.456814483054252 ], [ 18.216962481685279, 40.456798052692903 ], [ 18.216987938657606, 40.456775330812349 ], [ 18.217002002027783, 40.456758465538606 ], [ 18.216966894885122, 40.456731936738535 ], [ 18.216952086460275, 40.456713687138759 ], [ 18.216943526555365, 40.456693939459598 ], [ 18.216941955937767, 40.456674132171521 ], [ 18.216945215484429, 40.45665176748637 ], [ 18.216965620124057, 40.456624727982508 ], [ 18.216996812995937, 40.456592983589488 ], [ 18.217029345712369, 40.456556950639637 ], [ 18.217062798825161, 40.456527106748531 ], [ 18.217088646401809, 40.45650441899852 ], [ 18.217126775719645, 40.456464843535642 ], [ 18.217156237415086, 40.456437344511627 ], [ 18.217182171412169, 40.456428074503052 ], [ 18.217202345501484, 40.456427818673021 ], [ 18.217225083865646, 40.456433607030888 ], [ 18.217242906028932, 40.456428544028014 ], [ 18.217240826084883, 40.456419802309135 ], [ 18.217230776629055, 40.456413309164141 ], [ 18.217219295263892, 40.456408188922559 ], [ 18.217206491377706, 40.456396854789453 ], [ 18.217196598504149, 40.456374379170775 ], [ 18.217195848638614, 40.456349784408822 ], [ 18.217198606182404, 40.456331477767407 ], [ 18.217208437939007, 40.456260563316427 ], [ 18.217220703853918, 40.456242604228173 ], [ 18.217254660423666, 40.456212196839694 ], [ 18.217293109493067, 40.456186978301027 ], [ 18.217337823270736, 40.456158874149331 ], [ 18.217395999729629, 40.456122072573315 ], [ 18.217446156857466, 40.45609832913528 ], [ 18.217492126102055, 40.456082691417343 ], [ 18.217526941798148, 40.456069291918645 ], [ 18.217638753151874, 40.456016395693077 ], [ 18.217677824724522, 40.456003724203327 ], [ 18.217714108778694, 40.4559956427942 ], [ 18.217745991431876, 40.455987738061253 ], [ 18.217774706292285, 40.455978435465852 ], [ 18.217809546767075, 40.455962594342679 ], [ 18.217844100826909, 40.455947175504356 ], [ 18.217878565898484, 40.45593236259284 ], [ 18.217956842988642, 40.45591205052164 ], [ 18.218031362274225, 40.455895022528566 ], [ 18.218112948835575, 40.455883273682844 ], [ 18.218188072470092, 40.455865075873227 ], [ 18.218233561609431, 40.455859142585631 ], [ 18.218294088847507, 40.455844666012723 ], [ 18.218358512432722, 40.455833017039438 ], [ 18.218427456619832, 40.45582516901105 ], [ 18.21845018671538, 40.455822887244516 ], [ 18.218468872282514, 40.455815169997265 ], [ 18.218491332692079, 40.455802799089376 ], [ 18.218515779238317, 40.455783626708374 ], [ 18.218536851049638, 40.455759711718933 ], [ 18.21856271320393, 40.45573808604324 ], [ 18.218601612299285, 40.455713665145161 ], [ 18.218632804945994, 40.45569699774785 ], [ 18.21865152566545, 40.455692485921013 ], [ 18.21867370592442, 40.455675979647779 ], [ 18.218691825833695, 40.455652966530906 ], [ 18.218708750106103, 40.455635778125838 ], [ 18.218724833714674, 40.45561530764639 ], [ 18.218746649787462, 40.45558476086525 ], [ 18.218775307704149, 40.455539963717072 ], [ 18.218816049446268, 40.455495622331981 ], [ 18.218839966400033, 40.455479436897654 ], [ 18.218853781158497, 40.455475647234479 ], [ 18.218863102898673, 40.455478260568675 ], [ 18.2188728876495, 40.45548168061665 ], [ 18.218891162958723, 40.455480928006118 ], [ 18.218907404299522, 40.455486221628121 ], [ 18.218924395916247, 40.455489449784494 ], [ 18.218939431557068, 40.45547740284821 ], [ 18.218939148736109, 40.455469754931741 ], [ 18.21893095534972, 40.455467560491456 ], [ 18.21891751004544, 40.455465755634322 ], [ 18.218911413431723, 40.45546179144764 ], [ 18.218917252510725, 40.455455675170455 ], [ 18.218936375043949, 40.455436128715093 ], [ 18.218936008133728, 40.45541857563633 ], [ 18.218937368547081, 40.455404847341661 ], [ 18.218950982216395, 40.455390678404491 ], [ 18.218961088366097, 40.455370221402525 ], [ 18.218956196832348, 40.455356928583214 ], [ 18.218959125016553, 40.45533529362816 ], [ 18.218972994739577, 40.455316118763477 ], [ 18.219004566494146, 40.455299494740579 ], [ 18.219043936404823, 40.455283950306857 ], [ 18.219085216967553, 40.455268911019999 ], [ 18.219148419140122, 40.455238867698888 ], [ 18.219244324712321, 40.455172948146128 ], [ 18.219293689886587, 40.455141047797383 ], [ 18.219345685168058, 40.455105462366625 ], [ 18.219431054960751, 40.455038179133027 ], [ 18.219465533441198, 40.455009350762204 ], [ 18.219504369375521, 40.454980662091529 ], [ 18.219540966726154, 40.454955710605425 ], [ 18.21960463097863, 40.454926464769038 ], [ 18.219658663337498, 40.454903413942368 ], [ 18.219692541638899, 40.454891886333073 ], [ 18.219720375466956, 40.454886615860488 ], [ 18.219756222791354, 40.454878789177059 ], [ 18.219799092964049, 40.454870622555696 ], [ 18.219860252624212, 40.454853614633379 ], [ 18.219890650463487, 40.454836860981274 ], [ 18.219928863773436, 40.454810693427781 ], [ 18.219959253681889, 40.454785878872286 ], [ 18.219984576076822, 40.454761610921537 ], [ 18.220010114667488, 40.454733725200718 ], [ 18.220043561498926, 40.45470280882391 ], [ 18.220090159179122, 40.454666058579079 ], [ 18.220146679662037, 40.454629698114275 ], [ 18.2201886849038, 40.454601956622326 ], [ 18.220226602329927, 40.454578238072045 ], [ 18.220268724489323, 40.454550970652612 ], [ 18.220308550152925, 40.4545185793312 ], [ 18.220350028093442, 40.454488195473758 ], [ 18.220382466424002, 40.454466034736711 ], [ 18.220423873521046, 40.454444038180924 ], [ 18.220463964487838, 40.454429535964948 ], [ 18.220501082963114, 40.454419448916767 ], [ 18.220580186571773, 40.454409082587659 ], [ 18.220626398041983, 40.454401759183845 ], [ 18.220668185085568, 40.454388947910452 ], [ 18.220705838129664, 40.454371298170138 ], [ 18.220731656825855, 40.454352735548476 ], [ 18.220749616043349, 40.454332302548451 ], [ 18.220758694615977, 40.454313549322841 ], [ 18.220769531546416, 40.454291621686195 ], [ 18.220791290578152, 40.454260895981662 ], [ 18.220820118216743, 40.454235476286165 ], [ 18.22083331658585, 40.454214851816047 ], [ 18.220837914674352, 40.454190918534742 ], [ 18.220838137808602, 40.454171412540248 ], [ 18.220840743995005, 40.454149714467711 ], [ 18.220850682442453, 40.454127244454156 ], [ 18.220869692508359, 40.454081436926749 ], [ 18.220894211145005, 40.454027045363368 ], [ 18.220911727929543, 40.454002292397497 ], [ 18.220930551801516, 40.453973557982557 ], [ 18.220963152611343, 40.453945925411901 ], [ 18.220993614431894, 40.453927071099784 ], [ 18.221051349261394, 40.453879138587673 ], [ 18.221109587164037, 40.453845431800893 ], [ 18.221158637373279, 40.453817340332051 ], [ 18.221200765158315, 40.453794647887115 ], [ 18.221257020826133, 40.45375968132528 ], [ 18.221306656640092, 40.453728303982174 ], [ 18.221342803434581, 40.453702094540667 ], [ 18.221380753634069, 40.453672421193637 ], [ 18.221412934124295, 40.453646115219662 ], [ 18.221442603671477, 40.45362154554693 ], [ 18.221488499673519, 40.453586426543431 ], [ 18.221524139041019, 40.45355971781315 ], [ 18.221572926480299, 40.453532056822247 ], [ 18.221614676208855, 40.453506888892662 ], [ 18.221658240664759, 40.453478247726871 ], [ 18.221685349954683, 40.453454632089716 ], [ 18.221731744090839, 40.453423525143108 ], [ 18.221772433588274, 40.453397639171008 ], [ 18.221818177013233, 40.453373638713941 ], [ 18.221869646522443, 40.453340921996357 ], [ 18.221916492177932, 40.453310631006531 ], [ 18.221953613758416, 40.453286817014373 ], [ 18.221991031855847, 40.453268218693808 ], [ 18.222030190765381, 40.453251012880507 ], [ 18.222071113741851, 40.453240864214713 ], [ 18.222127932810224, 40.453220904893278 ], [ 18.222167767585109, 40.453208958172667 ], [ 18.222177985184473, 40.45321107788908 ], [ 18.222182013257449, 40.453221098166644 ], [ 18.222189736289994, 40.453235158479842 ], [ 18.222199308101683, 40.453239800110445 ], [ 18.222213086318551, 40.453220465295573 ], [ 18.222208874161694, 40.453204622742142 ], [ 18.222207745652678, 40.453189405682501 ], [ 18.222220283933876, 40.453179400505483 ], [ 18.222228976390888, 40.453185624851123 ], [ 18.222236531635438, 40.453194943248114 ], [ 18.22224538691172, 40.453195695908448 ], [ 18.2222523814619, 40.453191069376416 ], [ 18.222265595673797, 40.453186323330819 ], [ 18.222283620974284, 40.453186027506057 ], [ 18.222297333394895, 40.453170495396066 ], [ 18.222298764940017, 40.453154324232145 ], [ 18.222316669780039, 40.453167289805066 ], [ 18.222326372879397, 40.453179115205224 ], [ 18.222332668080764, 40.453180821965354 ], [ 18.222335369883268, 40.453177900416712 ], [ 18.22233582227533, 40.453173060136486 ], [ 18.222327825067239, 40.45315943080459 ], [ 18.222317938312557, 40.453141792122551 ], [ 18.22231688166525, 40.453127338638708 ], [ 18.22233509378832, 40.453124785887439 ], [ 18.22235567548686, 40.453122473242523 ], [ 18.222368503746932, 40.453113108448974 ], [ 18.222373888098069, 40.45309946597979 ], [ 18.222378724571197, 40.453086694446974 ], [ 18.222396647365795, 40.453077844984769 ], [ 18.222410567438377, 40.453071340909027 ], [ 18.222416120012898, 40.453062449345381 ], [ 18.22241068012978, 40.453055945106314 ], [ 18.222397048730528, 40.453053938686942 ], [ 18.22237987065898, 40.453050500076571 ], [ 18.2223523810882, 40.453035334104918 ], [ 18.222331926651318, 40.453014171420413 ], [ 18.222315230983135, 40.45296928795883 ], [ 18.222319589705876, 40.45294899104983 ], [ 18.22233183771683, 40.452923547261477 ], [ 18.222356461120047, 40.452893569966641 ], [ 18.222379271565018, 40.452876225787463 ], [ 18.222433802109013, 40.45281803317372 ], [ 18.222469791023546, 40.452777939271968 ], [ 18.222499785200256, 40.452757215193067 ], [ 18.222539391279138, 40.452739753547135 ], [ 18.222585434652146, 40.45272204018891 ], [ 18.222705209138798, 40.452684723869588 ], [ 18.222733537769546, 40.452679222706884 ], [ 18.222761282032565, 40.452677034342628 ], [ 18.222785026413948, 40.452678236085738 ], [ 18.222822814328715, 40.452677983080513 ], [ 18.222861385626185, 40.452672169004181 ], [ 18.222891404662981, 40.452663801489834 ], [ 18.222926402726589, 40.452649836870606 ], [ 18.222953308325721, 40.452633071809998 ], [ 18.222973990210182, 40.452615354595743 ], [ 18.223050198456878, 40.45256792327374 ], [ 18.223092719256879, 40.452531537817599 ], [ 18.223115783993865, 40.452511628460279 ], [ 18.223154022755168, 40.452482594976964 ], [ 18.223245980673699, 40.45242624850745 ], [ 18.223305717678617, 40.452403225909201 ], [ 18.223364477155879, 40.45238589585697 ], [ 18.223417702715867, 40.452370449558551 ], [ 18.223583002962311, 40.452325583767475 ], [ 18.223640288187124, 40.452313176426983 ], [ 18.223684352083897, 40.452293284202007 ], [ 18.223731796798145, 40.452263471137904 ], [ 18.223782822120427, 40.4522276676337 ], [ 18.22383636734434, 40.452190812014265 ], [ 18.223878443681961, 40.452156240045795 ], [ 18.223969435942433, 40.45209574980889 ], [ 18.22401927139483, 40.452061942908372 ], [ 18.224058154397849, 40.452041213445405 ], [ 18.22411458274788, 40.452011149407362 ], [ 18.224197970920624, 40.45196719165714 ], [ 18.22424702739043, 40.451944214593709 ], [ 18.224283624861091, 40.451929439330783 ], [ 18.224324072586676, 40.451914556550413 ], [ 18.22436970132869, 40.451900519840997 ], [ 18.22440858412611, 40.451879790267178 ], [ 18.224448937968642, 40.451862946578167 ], [ 18.224488324979379, 40.451853002075843 ], [ 18.224531480623501, 40.451840997846574 ], [ 18.224599091299417, 40.451829283453961 ], [ 18.224674047631353, 40.451807474407985 ], [ 18.224753532733711, 40.451786925895796 ], [ 18.224822675011374, 40.451767305648602 ], [ 18.224886913735325, 40.451740319619624 ], [ 18.224931171340781, 40.451719070491528 ], [ 18.22496587935294, 40.451698817594121 ], [ 18.22506037613644, 40.4516689689112 ], [ 18.225129563291059, 40.45164905901018 ], [ 18.225190723584557, 40.451631660984717 ], [ 18.22524207388712, 40.451613266956279 ], [ 18.225313927054952, 40.451581564612937 ], [ 18.225448551702762, 40.451521052456961 ], [ 18.225612134753341, 40.451449004135938 ], [ 18.225685538415849, 40.451419897251867 ], [ 18.225770184002844, 40.451390422246355 ], [ 18.225856992386458, 40.451349727313392 ], [ 18.225922048500454, 40.451320376107653 ], [ 18.225994557157978, 40.451291789406582 ], [ 18.226070823714398, 40.451259936283343 ], [ 18.226148103338939, 40.451237178714543 ], [ 18.226231397075377, 40.451211983352671 ], [ 18.226353732986183, 40.451178275508745 ], [ 18.226440988940816, 40.451152113647332 ], [ 18.226554336653258, 40.451116107793219 ], [ 18.226659189841588, 40.451060533190258 ], [ 18.226704738468076, 40.451035734656983 ], [ 18.226723194596193, 40.451027729779568 ], [ 18.226805673967945, 40.450993686848122 ], [ 18.226968133904826, 40.450928723048854 ], [ 18.227026394946403, 40.450912602984076 ], [ 18.227051250882379, 40.450903297862581 ], [ 18.227079897985487, 40.45089634565069 ], [ 18.227108747848536, 40.45088574901127 ], [ 18.227158141913417, 40.450865427307228 ], [ 18.227204773275766, 40.450849704212743 ], [ 18.227284940140084, 40.45083358428591 ], [ 18.227354558183229, 40.450823442423356 ], [ 18.227426363069011, 40.450800125474437 ], [ 18.227462041349391, 40.450784402167223 ], [ 18.227510569670514, 40.450763239855817 ], [ 18.227597379049655, 40.450744268041831 ], [ 18.227661498075911, 40.45073845885554 ], [ 18.227745455434508, 40.450724682518036 ], [ 18.227804440510781, 40.450711378972585 ], [ 18.227917390854614, 40.450682615371342 ], [ 18.227967161034073, 40.450667200532237 ], [ 18.228016091579669, 40.450646071800712 ], [ 18.228101670936447, 40.450610534430837 ], [ 18.228150920586035, 40.450588685183938 ], [ 18.228217948748931, 40.450566573089731 ], [ 18.228317329850697, 40.450539071100614 ], [ 18.228379498419418, 40.450525777339728 ], [ 18.228427080326686, 40.450517601913141 ], [ 18.228463249430654, 40.450512132347214 ], [ 18.22847664851319, 40.450511757741559 ], [ 18.228502313205858, 40.450511958910241 ], [ 18.228523711303865, 40.450511450731803 ], [ 18.2285546265833, 40.450511243895029 ], [ 18.22858797432761, 40.450507177172312 ], [ 18.228608375263924, 40.450501851190623 ], [ 18.228652879023961, 40.450485781693779 ], [ 18.228678992219866, 40.450474918920811 ], [ 18.228711169313581, 40.450465859090293 ], [ 18.22876493205365, 40.450451593233161 ], [ 18.228805194631985, 40.45043829927247 ], [ 18.228827359535952, 40.450434356014625 ], [ 18.228934390810924, 40.4504196274208 ], [ 18.229000737846953, 40.450413575058185 ], [ 18.229053531077401, 40.450403929652595 ], [ 18.229093172032378, 40.450393165875624 ], [ 18.229119678572854, 40.45037747335865 ], [ 18.229131499293231, 40.450365073681063 ], [ 18.229171620956901, 40.450326204179404 ], [ 18.229182935294087, 40.45031086442166 ], [ 18.229187669027375, 40.450296717444694 ], [ 18.229199039778688, 40.450281078882959 ], [ 18.229221074778906, 40.450270735337249 ], [ 18.229258606069546, 40.450255806302785 ], [ 18.229301184742337, 40.450235737325436 ], [ 18.229417783472538, 40.45018374073976 ], [ 18.229477362831393, 40.450164403173375 ], [ 18.229535303797451, 40.450149011347762 ], [ 18.229611086915902, 40.450129274586118 ], [ 18.229708685690607, 40.450093390876482 ], [ 18.229793294044381, 40.450062472896725 ], [ 18.229861610089259, 40.450032568967913 ], [ 18.229945943713123, 40.450004531735125 ], [ 18.230001628804501, 40.449996687437221 ], [ 18.230076541817841, 40.449975038244681 ], [ 18.230146043474239, 40.449951180585316 ], [ 18.230226788393086, 40.449927972109514 ], [ 18.230381097864949, 40.449885241490676 ], [ 18.230434687146314, 40.449870817591432 ], [ 18.230490661471851, 40.449855237121447 ], [ 18.230574039292538, 40.449826946960648 ], [ 18.230638157732422, 40.449810327968734 ], [ 18.230713404137759, 40.449791461150895 ], [ 18.230785656228282, 40.449771372070003 ], [ 18.230915921970453, 40.449725863813669 ], [ 18.23100408464072, 40.449701231339198 ], [ 18.23107769692021, 40.449676564585744 ], [ 18.231190586360857, 40.449639711390084 ], [ 18.231225033704622, 40.449626624342514 ], [ 18.231292757126049, 40.449595448182784 ], [ 18.231344335619802, 40.449578684317785 ], [ 18.231469624950549, 40.449541528906728 ], [ 18.231524195470804, 40.449528401048298 ], [ 18.231597053229326, 40.449513086138516 ], [ 18.231627027475952, 40.449507770933245 ], [ 18.231741134555346, 40.449483537699216 ], [ 18.232031988022491, 40.449422293405497 ], [ 18.232203759622106, 40.449385295336725 ], [ 18.232290023399276, 40.449376891269786 ], [ 18.232327575161779, 40.449376425612428 ], [ 18.2323793057713, 40.449380787009822 ], [ 18.232421380885267, 40.449381960042253 ], [ 18.232446747714278, 40.449377926465985 ], [ 18.232484467884046, 40.449371385452622 ], [ 18.232621349839334, 40.449344397229616 ], [ 18.23267034717184, 40.449328398555714 ], [ 18.232725964851056, 40.449302207962234 ], [ 18.232766272444405, 40.449285704945609 ], [ 18.232912515620711, 40.449244962112175 ], [ 18.232992599354866, 40.449219068181613 ], [ 18.233076731906994, 40.449194015561822 ], [ 18.233187589159229, 40.449155145756123 ], [ 18.233342000746081, 40.449124450451265 ], [ 18.233373001835556, 40.449123834618824 ], [ 18.233400264875272, 40.449130330742406 ], [ 18.2334254455943, 40.449136182634007 ], [ 18.23346198008592, 40.44913958199335 ], [ 18.233491819638129, 40.449141295389275 ], [ 18.233527447829314, 40.449152835240916 ], [ 18.233568208973939, 40.449163483785384 ], [ 18.23360989324603, 40.449164622295029 ], [ 18.233654542704191, 40.449165884914073 ], [ 18.233704364335491, 40.44916977677812 ], [ 18.233782324801751, 40.449183427613505 ], [ 18.233818942764163, 40.449190039952697 ], [ 18.233856946226009, 40.449195550676968 ], [ 18.233875381462333, 40.449196205298406 ], [ 18.233893386414007, 40.449195755122375 ], [ 18.233909856297092, 40.449193780747628 ], [ 18.233923836189934, 40.449184877810985 ], [ 18.233937750942161, 40.44916134963831 ], [ 18.233887961473066, 40.44908881517793 ], [ 18.233698845316784, 40.44906531722912 ], [ 18.233707807622778, 40.44904201783325 ], [ 18.233721794081152, 40.449021703108968 ], [ 18.233723369857202, 40.449019407280169 ], [ 18.233722794914463, 40.449007768568144 ], [ 18.233722145112587, 40.448994618808321 ], [ 18.233715101915358, 40.448963805591255 ], [ 18.233706327517393, 40.448931311544463 ], [ 18.233704371844979, 40.448902346366594 ], [ 18.233714596339777, 40.448870707346309 ], [ 18.233743213209422, 40.448827528948122 ], [ 18.23377478982022, 40.448788293704546 ], [ 18.233814319593343, 40.448746746155123 ], [ 18.233859053018215, 40.448707502721568 ], [ 18.233932981130053, 40.448646464826091 ], [ 18.233965743553476, 40.448628506435632 ], [ 18.234004493454378, 40.448608056598069 ], [ 18.234067247224619, 40.448577045024365 ], [ 18.23412013659442, 40.448557901446975 ], [ 18.234311792086302, 40.448517425183802 ], [ 18.234354506206355, 40.448504655090588 ], [ 18.234410412189515, 40.448479095103814 ], [ 18.234451244606966, 40.448459298327059 ], [ 18.234540367708245, 40.448399221497489 ], [ 18.234596520730907, 40.448362107772496 ], [ 18.234634494236726, 40.448337770517817 ], [ 18.234684821632964, 40.448310943584119 ], [ 18.234726660607375, 40.448282399925027 ], [ 18.234761834215572, 40.448266787595358 ], [ 18.234812161818983, 40.448237510748967 ], [ 18.234844774069174, 40.44821176542888 ], [ 18.23487030531701, 40.44818292196608 ], [ 18.234889262837619, 40.448161549155799 ], [ 18.234915044371867, 40.448139886105821 ], [ 18.234951376403306, 40.448110830129323 ], [ 18.235000442228301, 40.448074428135683 ], [ 18.23502850318221, 40.448045973119029 ], [ 18.235060758885524, 40.448015013778075 ], [ 18.235096244465844, 40.447971273350333 ], [ 18.235117721833994, 40.447935346961508 ], [ 18.235136128608296, 40.447893661172373 ], [ 18.23517033275877, 40.44782298122815 ], [ 18.235190955480135, 40.447788654960732 ], [ 18.235229198943014, 40.447747602320028 ], [ 18.235270502320596, 40.447709877520616 ], [ 18.23531820623062, 40.447664515748052 ], [ 18.235408976072666, 40.44759285440152 ], [ 18.235464212850911, 40.447559026397691 ], [ 18.23549975564363, 40.447536135008505 ], [ 18.235537823755863, 40.44750739948848 ], [ 18.235578283173524, 40.447471256405393 ], [ 18.235625770743066, 40.447415993079865 ], [ 18.235674791901516, 40.447369837682579 ], [ 18.235720970304683, 40.447330282848576 ], [ 18.23576741120473, 40.447287847469148 ], [ 18.235810150275572, 40.447237310596599 ], [ 18.235838268165711, 40.447198513975138 ], [ 18.235870836408299, 40.447160574384675 ], [ 18.235917601900201, 40.447113608432524 ], [ 18.235969609873937, 40.447072458063978 ], [ 18.236040327934617, 40.447019038487689 ], [ 18.236093663754971, 40.446989586726168 ], [ 18.236144073358748, 40.44696352244236 ], [ 18.236217139922488, 40.446926609473863 ], [ 18.236269855912067, 40.446897265070412 ], [ 18.236314205229498, 40.446872910715051 ], [ 18.236383955477105, 40.446829299448687 ], [ 18.236502055104612, 40.446753799997218 ], [ 18.236559993712707, 40.446710465625792 ], [ 18.236613538094094, 40.446663516560207 ], [ 18.236718832687291, 40.446574487286377 ], [ 18.236758754374076, 40.446541655360868 ], [ 18.236796748487823, 40.446512137914759 ], [ 18.236832642865171, 40.446485786659842 ], [ 18.236882990428494, 40.446461390056541 ], [ 18.236978187734056, 40.446419388910719 ], [ 18.237018894964695, 40.446402918261278 ], [ 18.237075089376091, 40.446375565570811 ], [ 18.237110849069463, 40.446352550525049 ], [ 18.237185507140804, 40.446304369856477 ], [ 18.237216738538677, 40.446281085418441 ], [ 18.237268068655133, 40.446247942515527 ], [ 18.237317946580447, 40.446218929391193 ], [ 18.23737410886848, 40.446185759059844 ], [ 18.237420236909671, 40.446166055974324 ], [ 18.237472671346676, 40.446145599635116 ], [ 18.237607049785574, 40.446090232254527 ], [ 18.237643298551003, 40.446079614715266 ], [ 18.237705292695246, 40.446053242982117 ], [ 18.23775980573388, 40.446021577808366 ], [ 18.237816804910949, 40.445977368474693 ], [ 18.237849908092834, 40.445948636309296 ], [ 18.237874794760714, 40.445920161533806 ], [ 18.23788992853175, 40.445884502574501 ], [ 18.237899786027512, 40.445854107419748 ], [ 18.237907023046215, 40.445826343672366 ], [ 18.237955761667973, 40.445742213539276 ], [ 18.237971019017802, 40.445724834923574 ], [ 18.237998888245915, 40.445705931790663 ], [ 18.238044262284166, 40.445687231343364 ], [ 18.238101902731447, 40.445664232935592 ], [ 18.238166598376615, 40.445630057366941 ], [ 18.238225917617992, 40.445601760854316 ], [ 18.238277681169272, 40.445572262119072 ], [ 18.238336720360895, 40.445534948582562 ], [ 18.238377591616491, 40.445506205589396 ], [ 18.238432377787444, 40.445463309962257 ], [ 18.238470805709795, 40.445440886179689 ], [ 18.238526868207817, 40.445411798178093 ], [ 18.238575510907108, 40.445388997828871 ], [ 18.238605043764636, 40.445372092441346 ], [ 18.238690315061547, 40.445306599310932 ], [ 18.238738261321036, 40.445279612247255 ], [ 18.238773940795959, 40.445256914182323 ], [ 18.238813353442541, 40.445228491156733 ], [ 18.238949021713147, 40.445117838307851 ], [ 18.238984743357989, 40.445088906285818 ], [ 18.23902931543433, 40.445052304404534 ], [ 18.239100239672759, 40.445004740632889 ], [ 18.239135195094832, 40.444976793785216 ], [ 18.239144292521072, 40.444967639883821 ], [ 18.239155441844296, 40.444954573513947 ], [ 18.239188425595657, 40.444916999637613 ], [ 18.239223520466609, 40.44487870903825 ], [ 18.239279871723909, 40.444812225322835 ], [ 18.239326135454849, 40.444776242381032 ], [ 18.239382671106068, 40.444739602000894 ], [ 18.239440596200058, 40.444705381475231 ], [ 18.239558989289936, 40.444632455667083 ], [ 18.239611088128818, 40.444609224681464 ], [ 18.239680875520644, 40.444575553926242 ], [ 18.239718105076129, 40.444555442075817 ], [ 18.239769590806777, 40.444520438310477 ], [ 18.239809838404753, 40.444485857891102 ], [ 18.23983249505125, 40.444457616394793 ], [ 18.239860297892779, 40.444415278972521 ], [ 18.239890429900278, 40.444372101611975 ], [ 18.239914042722482, 40.444341680647092 ], [ 18.239957059312086, 40.444288189259112 ], [ 18.239984953925688, 40.444261989429371 ], [ 18.240014875237815, 40.444236750499492 ], [ 18.240055036145971, 40.444208711369875 ], [ 18.24010646743692, 40.444179941694422 ], [ 18.240152955476798, 40.444161641500592 ], [ 18.24020398226261, 40.444137701773052 ], [ 18.240238594474999, 40.444123724776389 ], [ 18.240289156074407, 40.444093051966519 ], [ 18.240331602908309, 40.444059598558276 ], [ 18.240373829243278, 40.444020332925291 ], [ 18.240438370359652, 40.44396681381992 ], [ 18.240474858790908, 40.443942822578713 ], [ 18.2405335174059, 40.443903041744584 ], [ 18.240589518387587, 40.443870757066819 ], [ 18.240662283185458, 40.443832345657619 ], [ 18.240695634487334, 40.443816422412617 ], [ 18.240740458470878, 40.443798582996052 ], [ 18.240799092769919, 40.443772033708697 ], [ 18.240826137855965, 40.443756863836434 ], [ 18.240873632670148, 40.443724205274592 ], [ 18.240897407025269, 40.443704758875498 ], [ 18.240928106110118, 40.443676093312774 ], [ 18.240963811926505, 40.443641225648555 ], [ 18.24101145806371, 40.443598231978314 ], [ 18.241113920895906, 40.443520401645216 ], [ 18.241138722426022, 40.443501971157822 ], [ 18.241198278698203, 40.443462732225981 ], [ 18.241286183087219, 40.44341483466021 ], [ 18.241357451969932, 40.443362738434921 ], [ 18.241409515783687, 40.443329005697599 ], [ 18.241475519523121, 40.443284604889193 ], [ 18.241519672436993, 40.443255273313774 ], [ 18.241606459644828, 40.443196166373951 ], [ 18.241633576830861, 40.443181768876777 ], [ 18.241672078399549, 40.443161170359218 ], [ 18.241710625774829, 40.443139318597247 ], [ 18.241744324730128, 40.443120340994405 ], [ 18.241778487282058, 40.443102178993854 ], [ 18.241843882079106, 40.443076502205848 ], [ 18.241872270260448, 40.443059610115618 ], [ 18.241909598198372, 40.443042800304454 ], [ 18.241947207716525, 40.443019344561385 ], [ 18.241971904169834, 40.443004375460717 ], [ 18.242000091317514, 40.442986246044214 ], [ 18.242013887555341, 40.442974798374152 ], [ 18.242050133492327, 40.442938924468322 ], [ 18.242062800516351, 40.442929489991393 ], [ 18.242084624855842, 40.442922455433362 ], [ 18.242112283377526, 40.442914905812607 ], [ 18.242158667110083, 40.442901084131748 ], [ 18.242190626922966, 40.442889090466572 ], [ 18.242254231621324, 40.442856105147378 ], [ 18.242276928687989, 40.442843687001975 ], [ 18.242293170641748, 40.44283186440132 ], [ 18.24231551032921, 40.442816673179784 ], [ 18.242353828810764, 40.442792521890574 ], [ 18.242403160119661, 40.442764251500847 ], [ 18.242450780871945, 40.442723212436313 ], [ 18.242477606097154, 40.442706183947465 ], [ 18.242506186810925, 40.442680801888038 ], [ 18.242543340761888, 40.442647883587057 ], [ 18.242570403839856, 40.442619625920372 ], [ 18.242615537064818, 40.44255359069949 ], [ 18.242619975712088, 40.442538523777927 ], [ 18.242621259349161, 40.442524527187878 ], [ 18.242637890327266, 40.442499228443744 ], [ 18.242656813951687, 40.442483115309045 ], [ 18.242687474887251, 40.442463240999245 ], [ 18.24271095440082, 40.442448468036829 ], [ 18.242733986019775, 40.442433941823509 ], [ 18.242770331516247, 40.44241583532493 ], [ 18.242800510753501, 40.442401387601166 ], [ 18.24283836250045, 40.442383716145514 ], [ 18.242879571971564, 40.442363797762006 ], [ 18.242930556316278, 40.442332652594651 ], [ 18.242961898810062, 40.442311020760478 ], [ 18.243019787137474, 40.442255777618229 ], [ 18.243042403559695, 40.442232868662785 ], [ 18.24306691823595, 40.442208005958804 ], [ 18.243084497116918, 40.442189183444391 ], [ 18.243107621270386, 40.442166782612389 ], [ 18.243133582720656, 40.442141609060215 ], [ 18.243163407462031, 40.442117101591691 ], [ 18.24320646361581, 40.442065003961901 ], [ 18.243251693102472, 40.442026472573737 ], [ 18.243294549316019, 40.44198908863779 ], [ 18.243328020047276, 40.441965388417415 ], [ 18.243389517577477, 40.441918528137471 ], [ 18.243448644024276, 40.441878741713481 ], [ 18.243539374116978, 40.441826926196178 ], [ 18.243606051713702, 40.441782379167535 ], [ 18.243709526808981, 40.441718109404292 ], [ 18.243793173153971, 40.441657260688132 ], [ 18.243878936499829, 40.441610276964241 ], [ 18.24393138236676, 40.441579882906701 ], [ 18.243993779275453, 40.441528700801065 ], [ 18.244061319323702, 40.441492289450416 ], [ 18.244147054313157, 40.441446684367648 ], [ 18.244194507963407, 40.441415196502575 ], [ 18.244215630624147, 40.44139776038773 ], [ 18.244241808983126, 40.441372454402163 ], [ 18.244271361999385, 40.44134109110194 ], [ 18.244293376393845, 40.441312056179299 ], [ 18.24433075926769, 40.441258208078608 ], [ 18.24435664737041, 40.441232261732118 ], [ 18.244402265882407, 40.441196204849625 ], [ 18.244435490243099, 40.44117156552079 ], [ 18.244480681815915, 40.441143050290009 ], [ 18.244511578371302, 40.441116828094501 ], [ 18.244552359959975, 40.441086085960379 ], [ 18.244590260135695, 40.44105597418325 ], [ 18.244636367871209, 40.44102420871652 ], [ 18.244671457042401, 40.441000354559144 ], [ 18.244699134839948, 40.440981716410874 ], [ 18.244760646314628, 40.440938367674349 ], [ 18.244780852815165, 40.440924190642029 ], [ 18.244814586344607, 40.440895195620513 ], [ 18.244850273974464, 40.440866388866269 ], [ 18.244895265413263, 40.44083421333044 ], [ 18.244940245864722, 40.44079960624935 ], [ 18.244965334001957, 40.440779824886746 ], [ 18.245003913378177, 40.440752810245023 ], [ 18.245056549345243, 40.440716348764539 ], [ 18.24510611552186, 40.440679298012675 ], [ 18.24513602886822, 40.44065176126805 ], [ 18.245169082979036, 40.44061967789002 ], [ 18.245173210476999, 40.440615058501955 ], [ 18.245185039796976, 40.440603422548378 ], [ 18.245262182364371, 40.440548330760009 ], [ 18.245294506029854, 40.440528012744196 ], [ 18.245335674678195, 40.440504590998273 ], [ 18.245348268661445, 40.440494392641412 ], [ 18.245421627575407, 40.440451557254889 ], [ 18.245527390152539, 40.440398885412158 ], [ 18.245620906336551, 40.440351880677433 ], [ 18.245717812667205, 40.440299880885178 ], [ 18.245796297468921, 40.440252361768877 ], [ 18.245862491844345, 40.440210817297917 ], [ 18.245944814478527, 40.440155606485092 ], [ 18.245983432308531, 40.440131364535425 ], [ 18.245998724238817, 40.440124810084221 ], [ 18.246015348441855, 40.440113363516936 ], [ 18.246036483342024, 40.44008909957482 ], [ 18.24605006835079, 40.440056887682779 ], [ 18.246068452107927, 40.440033754861318 ], [ 18.246095462318809, 40.440003471339985 ], [ 18.246139174449688, 40.439961153601075 ], [ 18.246188427124089, 40.439912474416488 ], [ 18.246238242170044, 40.439873272572271 ], [ 18.246318848322517, 40.439811561803054 ], [ 18.246359559298469, 40.439787954413511 ], [ 18.246398161507713, 40.439767801854693 ], [ 18.246441381498034, 40.439750032366497 ], [ 18.246485024906438, 40.439731998768629 ], [ 18.246512387632166, 40.439717854437291 ], [ 18.246535781881633, 40.439705019568756 ], [ 18.246566115350586, 40.439680352826109 ], [ 18.246589204901181, 40.439658988064885 ], [ 18.246600435020884, 40.439643730066493 ], [ 18.246617169495508, 40.439628947797296 ], [ 18.246625247417924, 40.439617507231297 ], [ 18.24663515104417, 40.439579355204742 ], [ 18.24664831365175, 40.439552577214137 ], [ 18.246664252293719, 40.439529837285733 ], [ 18.246686382506571, 40.439497610252808 ], [ 18.24674569129477, 40.439404415714328 ], [ 18.246776628481665, 40.439354593960751 ], [ 18.246817384472678, 40.439304270973182 ], [ 18.246838799001221, 40.439283376576185 ], [ 18.246924283838958, 40.439197182841824 ], [ 18.246964641747319, 40.439157444981063 ], [ 18.246995283565727, 40.439122789922159 ], [ 18.247031221638579, 40.439086004444881 ], [ 18.247067009855357, 40.439051492884218 ], [ 18.247120335890894, 40.439004689281752 ], [ 18.247166446715369, 40.438974264748623 ], [ 18.247213556818298, 40.438943785078798 ], [ 18.247263393354618, 40.4389070140328 ], [ 18.247352863664464, 40.438808872983195 ], [ 18.247399210544661, 40.438755699547102 ], [ 18.247435657508397, 40.438710154032194 ], [ 18.24752694877618, 40.438603819496038 ], [ 18.247609196764611, 40.438520697539914 ], [ 18.247685395569217, 40.438443410922545 ], [ 18.247727348241554, 40.438415507922954 ], [ 18.247768809779139, 40.438388177142308 ], [ 18.247834183930593, 40.438348510029755 ], [ 18.247925517057592, 40.438289558789371 ], [ 18.247976589053764, 40.438259120502963 ], [ 18.24802016514035, 40.438229685617955 ], [ 18.248068699884008, 40.438192338381548 ], [ 18.248111897081813, 40.438150881032712 ], [ 18.248176764929067, 40.438089458531287 ], [ 18.248227209967101, 40.438043320902196 ], [ 18.248263496229434, 40.438014766478418 ], [ 18.248295556193892, 40.437995869121814 ], [ 18.248365382036013, 40.437964939189634 ], [ 18.248424564219999, 40.437934758949496 ], [ 18.248476384204629, 40.437904686697848 ], [ 18.248529989041401, 40.437873249223038 ], [ 18.2485790570646, 40.437832302068017 ], [ 18.248624268416023, 40.437789355791317 ], [ 18.248664108300996, 40.437745020438349 ], [ 18.248707957203546, 40.437703157245274 ], [ 18.248785083518136, 40.437632932176349 ], [ 18.24881430708384, 40.437604030457059 ], [ 18.248825690222908, 40.437592772365832 ], [ 18.248866951502418, 40.437554944901422 ], [ 18.248901736916388, 40.437529747005996 ], [ 18.249007347137354, 40.437447155721813 ], [ 18.249056137740066, 40.437410737586639 ], [ 18.249078268276342, 40.437395677058433 ], [ 18.249111886374195, 40.437369007806772 ], [ 18.249132614427023, 40.437375233769181 ], [ 18.249164287934153, 40.437381349926191 ], [ 18.249219600001442, 40.437375569511524 ], [ 18.249242477251713, 40.437370134226164 ], [ 18.249270859438571, 40.437379621433003 ], [ 18.249277604446757, 40.437381629314174 ], [ 18.249297577555222, 40.437387574760066 ], [ 18.249314235532907, 40.437392532662422 ], [ 18.249369864360926, 40.437395281709676 ], [ 18.249410558653338, 40.437402197776812 ], [ 18.249495058502422, 40.437411123684996 ], [ 18.249544838941191, 40.437415793535294 ], [ 18.249615536843496, 40.43741349795414 ], [ 18.249665831036609, 40.437408038659406 ], [ 18.249717897752422, 40.4374080506323 ], [ 18.249866376318742, 40.437417121361477 ], [ 18.249944254573386, 40.437422441416309 ], [ 18.250024090953659, 40.437424121605567 ], [ 18.250104324729545, 40.437415216573307 ], [ 18.250146488966191, 40.437414966632375 ], [ 18.250183974308634, 40.437399572827722 ], [ 18.250195917069302, 40.437382249887428 ], [ 18.250177708096786, 40.437379132620741 ], [ 18.250154137168266, 40.437393162086472 ], [ 18.250143523198993, 40.437397703004898 ], [ 18.25013463608661, 40.437396007651536 ], [ 18.250133533227768, 40.43738877920984 ], [ 18.250136063442557, 40.437379890344303 ], [ 18.250129353417982, 40.437367604771332 ], [ 18.250112555601493, 40.437361727726064 ], [ 18.250097928981798, 40.437355897655436 ], [ 18.250084846298989, 40.437346394391682 ], [ 18.250077164246107, 40.437330083111725 ], [ 18.250064290884808, 40.43731391792992 ], [ 18.250036316626876, 40.437303113453311 ], [ 18.250014771413788, 40.437303656743786 ], [ 18.249992876574161, 40.437295968648101 ], [ 18.249976305835485, 40.437287221029877 ], [ 18.249952261510902, 40.437291185168377 ], [ 18.249934574969313, 40.437297438245643 ], [ 18.249781456351336, 40.437287228216142 ], [ 18.24977908325015, 40.43727614457827 ], [ 18.249778324355773, 40.437257954184872 ], [ 18.249795501054567, 40.437237944082042 ], [ 18.249807144207207, 40.437224430481585 ], [ 18.249819695173031, 40.437197714385405 ], [ 18.249817971625394, 40.437178830594341 ], [ 18.249804583260836, 40.437158581780928 ], [ 18.249785052449692, 40.437145891393222 ], [ 18.249761777077229, 40.437144042480611 ], [ 18.249750629643263, 40.437160748547697 ], [ 18.249745935198025, 40.437169491150804 ], [ 18.249720402351588, 40.437189772415238 ], [ 18.249691780045904, 40.437213455112925 ], [ 18.249677714975316, 40.437228568009672 ], [ 18.249666555299669, 40.437238906605764 ], [ 18.249653986955437, 40.437254013409799 ], [ 18.249647696447607, 40.437278310630596 ], [ 18.249297577265086, 40.437254973951639 ], [ 18.249277601424094, 40.437253642765981 ], [ 18.248452420581334, 40.43719862409673 ], [ 18.248546549812154, 40.436964105202662 ], [ 18.248580566917887, 40.436967246401402 ], [ 18.249277602155175, 40.437011017551768 ], [ 18.249297575416598, 40.437012272252986 ], [ 18.249374625033912, 40.43701711433463 ], [ 18.249385042898904, 40.437034186319202 ], [ 18.249396462866169, 40.437058354485664 ], [ 18.249404662527677, 40.437078317017381 ], [ 18.249414260960584, 40.437096240681122 ], [ 18.249424097731399, 40.437114707052601 ], [ 18.249434806747484, 40.437132194159574 ], [ 18.249447266461704, 40.43714418289094 ], [ 18.249462244003794, 40.437148246845226 ], [ 18.249480382011942, 40.437142800755858 ], [ 18.249497928390603, 40.437126301953427 ], [ 18.24951083060585, 40.437103692113745 ], [ 18.249515047722404, 40.437088469048007 ], [ 18.249515843457971, 40.43707245058021 ], [ 18.249518126987621, 40.43705721887423 ], [ 18.249524368285496, 40.43702651920924 ], [ 18.249962365297637, 40.437054012992675 ], [ 18.24999566500718, 40.437042024524239 ], [ 18.250003262326167, 40.437031146667273 ], [ 18.250009937653232, 40.437027136321902 ], [ 18.250021270903517, 40.437020327076553 ], [ 18.250032822070409, 40.437012976693481 ], [ 18.250042205016431, 40.437010776170624 ], [ 18.250056820999731, 40.437013697352484 ], [ 18.250065536983961, 40.437025782368437 ], [ 18.250086403379179, 40.437039524943849 ], [ 18.250119759163905, 40.437044350556313 ], [ 18.250144141991214, 40.437039341075163 ], [ 18.250162421590932, 40.437019227824862 ], [ 18.25015115907895, 40.437001999548094 ], [ 18.250143849587147, 40.436991460151738 ], [ 18.250149929486945, 40.4369828496704 ], [ 18.250147746541195, 40.436951747580075 ], [ 18.250119914833835, 40.436938273097311 ], [ 18.250086525586713, 40.436933241269614 ], [ 18.250052581599949, 40.436932106974766 ], [ 18.250029119318167, 40.436930047212378 ], [ 18.2500146497099, 40.436926005064237 ], [ 18.249987020893485, 40.436920162605283 ], [ 18.249962597640177, 40.436916751832747 ], [ 18.249922677818947, 40.436916605289966 ], [ 18.249877717529252, 40.436911908035746 ], [ 18.249825519964308, 40.436905504985184 ], [ 18.249785560021351, 40.436900612940221 ], [ 18.249754242389908, 40.436901142962803 ], [ 18.249717329138829, 40.436902478926527 ], [ 18.24966467840142, 40.436904771110491 ], [ 18.249616270447085, 40.436901422714328 ], [ 18.249561728353445, 40.436896022223699 ], [ 18.249527124202562, 40.436896842811827 ], [ 18.249478643884586, 40.436896639767255 ], [ 18.249437077417333, 40.436893143825152 ], [ 18.249324793795367, 40.436887863769435 ], [ 18.249316674533294, 40.436845598130162 ], [ 18.249297571680145, 40.436776525652171 ], [ 18.249281900492029, 40.436719859857782 ], [ 18.249284938694096, 40.43669705021582 ], [ 18.249291853863649, 40.436682778019957 ], [ 18.249297573901988, 40.436669658094779 ], [ 18.249299443062625, 40.436665370505899 ], [ 18.249297573091006, 40.436650905057157 ], [ 18.249285585833022, 40.43664517084747 ], [ 18.249277615696315, 40.43664195449746 ], [ 18.249270222299334, 40.436638965103434 ], [ 18.249267136515204, 40.436627766402999 ], [ 18.249275604278381, 40.43661635972115 ], [ 18.249270855099383, 40.43660562213487 ], [ 18.249276428359568, 40.436598971422256 ], [ 18.249274802611016, 40.43658333632348 ], [ 18.249265450986812, 40.436578114298115 ], [ 18.249243605762629, 40.436568758401741 ], [ 18.24923807015708, 40.43655931289959 ], [ 18.249247695571071, 40.436552115851853 ], [ 18.24927257369383, 40.436554451177223 ], [ 18.249277609432703, 40.436552300975201 ], [ 18.249289136817882, 40.436547392178518 ], [ 18.249282963532021, 40.43653425381828 ], [ 18.249277617394466, 40.436531675176454 ], [ 18.249262954751082, 40.436524603071533 ], [ 18.249235882362399, 40.436522230406204 ], [ 18.249211137480717, 40.436518990643833 ], [ 18.249199520736802, 40.436503699691478 ], [ 18.249187589111024, 40.43648260821022 ], [ 18.249191882639032, 40.436422249923091 ], [ 18.249210588802178, 40.436349344963105 ], [ 18.249230218901847, 40.436272865324646 ], [ 18.249267699861868, 40.436184742021481 ], [ 18.249277612973017, 40.436161991137404 ], [ 18.249297570702137, 40.436116210058486 ], [ 18.249332275648353, 40.436036600611082 ], [ 18.249370567504435, 40.435952345397475 ], [ 18.249440563101647, 40.435856750228339 ], [ 18.249515374324705, 40.435768873447181 ], [ 18.249532590749553, 40.435755563325884 ], [ 18.249544675737305, 40.435751710624352 ], [ 18.249557338448742, 40.43575079589634 ], [ 18.249569521431457, 40.435750444080675 ], [ 18.249601023525234, 40.435741523591105 ], [ 18.249630855782929, 40.43572485919708 ], [ 18.249646837810882, 40.435710394895771 ], [ 18.249678277707979, 40.435675482506305 ], [ 18.249695363726325, 40.435658978616118 ], [ 18.249718629120753, 40.435638130688922 ], [ 18.249740357317485, 40.435615470612547 ], [ 18.249759017570529, 40.43559910255042 ], [ 18.249806096958547, 40.435566100805531 ], [ 18.249842470907854, 40.435550900516262 ], [ 18.249869933867551, 40.435531303470334 ], [ 18.249888172981141, 40.435506688002086 ], [ 18.249899805466242, 40.43547681834167 ], [ 18.249917694308792, 40.435435153843954 ], [ 18.249950457615196, 40.435332572067047 ], [ 18.249950479288696, 40.435307343406002 ], [ 18.249961332349297, 40.435280134666492 ], [ 18.249973078740663, 40.435247983072337 ], [ 18.249970437329313, 40.435202473983487 ], [ 18.249977230688366, 40.435160491246435 ], [ 18.249989702522321, 40.435133119860446 ], [ 18.250004396191638, 40.435106847823505 ], [ 18.250028465649358, 40.435074808773351 ], [ 18.250056583961442, 40.435039467365627 ], [ 18.250099072270988, 40.435002442573271 ], [ 18.250119737978288, 40.434990026041746 ], [ 18.250144167932067, 40.434961066155488 ], [ 18.250157231466769, 40.434928120902825 ], [ 18.250168907863451, 40.434897943748467 ], [ 18.250178481442294, 40.434869870317684 ], [ 18.250194816364463, 40.434850262133629 ], [ 18.25022041012944, 40.434838112196786 ], [ 18.250258844169633, 40.434823844549094 ], [ 18.250291145356094, 40.434816351480613 ], [ 18.250313486004242, 40.43481031863093 ], [ 18.250348280972663, 40.434789515361537 ], [ 18.250377579859055, 40.43476962334185 ], [ 18.250419798644451, 40.434731660305388 ], [ 18.250441143188652, 40.434710343904747 ], [ 18.250478085328229, 40.434675888899605 ], [ 18.250504229023544, 40.434654365355613 ], [ 18.250547134742906, 40.434629676977693 ], [ 18.250574258976844, 40.434611134090844 ], [ 18.25061248184425, 40.434598358393025 ], [ 18.250662710135714, 40.434586442662813 ], [ 18.250735494178137, 40.434565623762886 ], [ 18.250768335762146, 40.434551495352068 ], [ 18.250790851252241, 40.434541512510535 ], [ 18.250808223796032, 40.434540987465724 ], [ 18.250825537815064, 40.434549272717184 ], [ 18.250851571011601, 40.434571669368175 ], [ 18.2508760882105, 40.434596360387957 ], [ 18.250899995168584, 40.434607171086547 ], [ 18.250937628576025, 40.434602707138268 ], [ 18.250968810029555, 40.434584950628654 ], [ 18.250990832389149, 40.43455471632813 ], [ 18.251001605240553, 40.434532211301921 ], [ 18.250993663284866, 40.43450146048442 ], [ 18.25098607918034, 40.434471041850919 ], [ 18.250968511117176, 40.434428393822273 ], [ 18.250951850155918, 40.434401626266151 ], [ 18.250930246698744, 40.434389940121768 ], [ 18.250914128078939, 40.434388601506178 ], [ 18.250892365711923, 40.43437948676619 ], [ 18.250887279310419, 40.434352465434074 ], [ 18.250896602168176, 40.43432482232317 ], [ 18.250912022916467, 40.434276724240696 ], [ 18.250931503767735, 40.43422531444994 ], [ 18.250969443189828, 40.434133809158148 ], [ 18.250975271890958, 40.434105570878565 ], [ 18.250988905150024, 40.434074185686661 ], [ 18.251005950895358, 40.434045370442902 ], [ 18.251103852552216, 40.433934830020455 ], [ 18.251166684106114, 40.433941077258687 ], [ 18.251276630096918, 40.433939044812398 ], [ 18.251375728935145, 40.433928148726764 ], [ 18.251582088499728, 40.433896201003954 ], [ 18.251609758358246, 40.433891918294549 ], [ 18.251606993019266, 40.433881503232072 ], [ 18.251605869288838, 40.433877265648036 ], [ 18.25137238968443, 40.433913408538011 ], [ 18.251275002505452, 40.433924112323595 ], [ 18.251167718537523, 40.433926105854084 ], [ 18.251082028308591, 40.433917583914763 ], [ 18.250983004645114, 40.433902168764519 ], [ 18.250848334218336, 40.433866158651348 ], [ 18.250705138312547, 40.433814914668183 ], [ 18.250736613579825, 40.433767805791682 ], [ 18.250721145203833, 40.433754523838196 ], [ 18.250778585285328, 40.433661163710241 ], [ 18.250794660973778, 40.433674329486394 ], [ 18.250804461188491, 40.43366001201823 ], [ 18.250934956607146, 40.433663219853607 ], [ 18.250954195262675, 40.433659354775543 ], [ 18.250969862955859, 40.433655500149698 ], [ 18.250978857703632, 40.433653814863732 ], [ 18.25098680716961, 40.433656608362234 ], [ 18.250989531770191, 40.433663980288813 ], [ 18.251126613947246, 40.433673010023519 ], [ 18.251144787991834, 40.433674200679469 ], [ 18.251245843635672, 40.433678227932468 ], [ 18.251308894441987, 40.433676804135246 ], [ 18.251326275337455, 40.433752728508772 ], [ 18.251357953788716, 40.433760690336179 ], [ 18.251382746647508, 40.433758344080601 ], [ 18.251404434105076, 40.433752707698801 ], [ 18.251418097547937, 40.433747621467177 ], [ 18.251429471083672, 40.433741735051591 ], [ 18.251433037752342, 40.433736257574502 ], [ 18.251427525293781, 40.433731693209744 ], [ 18.251438070692831, 40.433723299197752 ], [ 18.251462983431868, 40.433710483647054 ], [ 18.251488015081691, 40.433718956820854 ], [ 18.251502620805489, 40.433725345734558 ], [ 18.251515815907375, 40.433727658254355 ], [ 18.251534245280659, 40.433729499156314 ], [ 18.251567692395163, 40.433730629007862 ], [ 18.251574902838552, 40.433730317912975 ], [ 18.251583179958029, 40.433725239207526 ], [ 18.251590502381426, 40.433719917177505 ], [ 18.251592326911755, 40.433712777454403 ], [ 18.251543019067235, 40.433675076220972 ], [ 18.251483710243207, 40.433637746608454 ], [ 18.251422486990574, 40.433609846943732 ], [ 18.251357467558421, 40.433576307782651 ], [ 18.251311962753125, 40.433556116681736 ], [ 18.251313145351748, 40.433546419089851 ], [ 18.251305334020223, 40.433530111522678 ], [ 18.251289959137527, 40.433512413680944 ], [ 18.251281413494034, 40.433498477560235 ], [ 18.251278670460618, 40.433482900963391 ], [ 18.251264465073593, 40.433462567227636 ], [ 18.251259415427686, 40.433455915558426 ], [ 18.251251412883335, 40.433445371418657 ], [ 18.251255307214272, 40.433432021784469 ], [ 18.25127005785647, 40.433408170815738 ], [ 18.251288564906492, 40.433373243806827 ], [ 18.25130060825968, 40.433347514576418 ], [ 18.251311462428028, 40.433323034742273 ], [ 18.251327179282931, 40.433288177273177 ], [ 18.251352295980528, 40.433254415191158 ], [ 18.251372860488082, 40.433235759575929 ], [ 18.251392986474155, 40.433227223736033 ], [ 18.251406091906649, 40.433221665048123 ], [ 18.251487789262281, 40.433203864211386 ], [ 18.251503561969514, 40.433204879237216 ], [ 18.251528502413986, 40.433211220360562 ], [ 18.251574678717709, 40.433217963331266 ], [ 18.251619706529333, 40.433220199192171 ], [ 18.251678841868443, 40.433228027343318 ], [ 18.251698540983963, 40.433226626048004 ], [ 18.251691665278617, 40.433220433821333 ], [ 18.251661132749078, 40.433214232171643 ], [ 18.251617264959762, 40.433205253598544 ], [ 18.251599876697696, 40.433200312075826 ], [ 18.25158487146761, 40.43318979129257 ], [ 18.251580219478011, 40.43318058221837 ], [ 18.251585657538616, 40.433170404537194 ], [ 18.251614744467158, 40.433158849469528 ], [ 18.251647884595076, 40.433153863319362 ], [ 18.251683887043193, 40.433149571152207 ], [ 18.251731246593717, 40.43313832118276 ], [ 18.251773346421075, 40.433124814476784 ], [ 18.251791483990523, 40.433130140181035 ], [ 18.25177168805844, 40.433160086771167 ], [ 18.251753665430854, 40.433181832272027 ], [ 18.251736416938733, 40.433202277007204 ], [ 18.25174074134566, 40.433219358235995 ], [ 18.251754020634657, 40.433240528600841 ], [ 18.251770138887586, 40.433259952768815 ], [ 18.251780282070587, 40.433262774512123 ], [ 18.251801960314541, 40.433253040222112 ], [ 18.251816074585314, 40.43324190669351 ], [ 18.251838671488759, 40.433229957876904 ], [ 18.25184002394391, 40.433213518410142 ], [ 18.251862798704341, 40.433189126188573 ], [ 18.251873475208019, 40.433177098705222 ], [ 18.251869408192086, 40.433160955948154 ], [ 18.251859775038415, 40.433147689975542 ], [ 18.251856711517842, 40.43313011390066 ], [ 18.251871663285435, 40.433118749626935 ], [ 18.251886675687864, 40.433112553547794 ], [ 18.251896383838471, 40.433104399233429 ], [ 18.251889907694412, 40.433095493727286 ], [ 18.251882285852023, 40.433084828127981 ], [ 18.251880417331265, 40.433074189668879 ], [ 18.251900411213288, 40.433090145152079 ], [ 18.251918840417463, 40.433091985999155 ], [ 18.25192888553325, 40.433073221188813 ], [ 18.251927129326504, 40.433050735624469 ], [ 18.251911115832002, 40.43303617220073 ], [ 18.251876200301055, 40.433015584068215 ], [ 18.25170695349782, 40.432982611094708 ], [ 18.251568183980307, 40.432955426797129 ], [ 18.251523574897693, 40.432939137520812 ], [ 18.251489449651523, 40.432914401903346 ], [ 18.251467535508798, 40.432893330506417 ], [ 18.251450352395612, 40.432866974015788 ], [ 18.251482503208219, 40.432862006761077 ], [ 18.251479736229864, 40.43280462126733 ], [ 18.251482157926141, 40.432766598421814 ], [ 18.25148200435973, 40.432734079183099 ], [ 18.251497513993922, 40.432672927662729 ], [ 18.251525614865056, 40.432608170180472 ], [ 18.251585117595198, 40.432527072891723 ], [ 18.251722886990471, 40.432404961568842 ], [ 18.251777366714666, 40.432357321774646 ], [ 18.251826951370287, 40.432315476059649 ], [ 18.251867142774245, 40.432283180830254 ], [ 18.251909104408387, 40.432251421182876 ], [ 18.251951654005662, 40.432221833617199 ], [ 18.251979724895374, 40.432204128405118 ], [ 18.25204442332506, 40.432165774971132 ], [ 18.252066093633807, 40.432151240232372 ], [ 18.252075674144049, 40.432143864082917 ], [ 18.252084472577042, 40.432136401874089 ], [ 18.252100176573684, 40.432121332607643 ], [ 18.252140151369417, 40.432076974270061 ], [ 18.252160548823237, 40.432056332718801 ], [ 18.252175318897027, 40.432043406340334 ], [ 18.25218320062984, 40.432037221884251 ], [ 18.252191480772431, 40.432031233364668 ], [ 18.252209229780092, 40.432019709215723 ], [ 18.252228559905269, 40.432008464783316 ], [ 18.252260456811758, 40.431991399324552 ], [ 18.252295378953516, 40.431973519111139 ], [ 18.252331084334489, 40.431956238299222 ], [ 18.252354009463108, 40.431945973420575 ], [ 18.25237556009856, 40.431937269395597 ], [ 18.252396193999445, 40.431930086313116 ], [ 18.252416610035709, 40.43192425137601 ], [ 18.252437508811987, 40.43191962776509 ], [ 18.25244835785379, 40.431917782063351 ], [ 18.252459635730798, 40.431916518732265 ], [ 18.252471464430815, 40.431916167587829 ], [ 18.252483953737336, 40.431917049782861 ], [ 18.252497249180166, 40.431919494470222 ], [ 18.252511460977331, 40.431923831797178 ], [ 18.252526722021102, 40.431930373258709 ], [ 18.252543153867393, 40.431939439675773 ], [ 18.252564639739795, 40.431957496646596 ], [ 18.252578070984232, 40.431949804848294 ], [ 18.252594339164897, 40.431926397341691 ], [ 18.252601790048409, 40.431885377677361 ], [ 18.252596677576538, 40.431848782922422 ], [ 18.252594432469429, 40.431822762456669 ], [ 18.252596967443303, 40.431806406764473 ], [ 18.252606262811248, 40.431776503585141 ], [ 18.252609148544117, 40.431753490994275 ], [ 18.25261137915323, 40.431737423084719 ], [ 18.252618297559525, 40.431710045706282 ], [ 18.252639494915147, 40.431683022741531 ], [ 18.252658811436337, 40.431656593153981 ], [ 18.252685965808844, 40.431619161670582 ], [ 18.252713980198742, 40.431583921631692 ], [ 18.252736880147285, 40.431557499185573 ], [ 18.252766110401616, 40.431531339772391 ], [ 18.252809303535148, 40.431499716247203 ], [ 18.252838960520826, 40.431490468576655 ], [ 18.252862338702563, 40.431493755081028 ], [ 18.252875260171031, 40.431503109468984 ], [ 18.252888953462062, 40.431505984239301 ], [ 18.252920987801048, 40.431494219735946 ], [ 18.252950379216724, 40.431468226866663 ], [ 18.252957243614798, 40.431453172294269 ], [ 18.252966164106144, 40.431433583426816 ], [ 18.252987115581067, 40.431405621611269 ], [ 18.252997263771491, 40.431395113043386 ], [ 18.253010336067689, 40.431383648449973 ], [ 18.253014207826428, 40.43136984004699 ], [ 18.253012197049845, 40.431355521830753 ], [ 18.253001182627333, 40.431341475238483 ], [ 18.252988893275969, 40.431322744992542 ], [ 18.25297914254741, 40.431301664518308 ], [ 18.252977019691773, 40.43127622605833 ], [ 18.252984102028762, 40.431251762244734 ], [ 18.253005680350725, 40.431227511585121 ], [ 18.253030919854488, 40.431202680433977 ], [ 18.253065277391354, 40.431172863870067 ], [ 18.253143240840092, 40.431123165897191 ], [ 18.253184262493804, 40.431103222176048 ], [ 18.25323121826791, 40.431084858599256 ], [ 18.253268082654934, 40.431076713777827 ], [ 18.253295411336349, 40.431077601183539 ], [ 18.253320852204464, 40.43108699914923 ], [ 18.253331876416741, 40.431098316374552 ], [ 18.253335131786937, 40.431111068368168 ], [ 18.253334410666934, 40.431121041197677 ], [ 18.253335430188599, 40.431127515387821 ], [ 18.253355103316242, 40.431122412752586 ], [ 18.253383051517929, 40.431090209711378 ], [ 18.253392460953155, 40.431064878712455 ], [ 18.253390024313017, 40.431048086622859 ], [ 18.253390458235501, 40.431024098294188 ], [ 18.253381956634684, 40.431000082475229 ], [ 18.253362443263228, 40.430990904834324 ], [ 18.25334345841534, 40.43098877363353 ], [ 18.253328349647585, 40.430990027878373 ], [ 18.253314475528345, 40.430994886088712 ], [ 18.253303306046213, 40.430993750639175 ], [ 18.253293715748359, 40.43098210479981 ], [ 18.253293031431703, 40.430964254583017 ], [ 18.253306331321912, 40.430928924528637 ], [ 18.25333667593841, 40.430877010157495 ], [ 18.253364241253443, 40.430827587895806 ], [ 18.2533797543649, 40.430796113444003 ], [ 18.253406383381208, 40.430759534227093 ], [ 18.253432520937075, 40.430723518264074 ], [ 18.253464225414916, 40.430691488596047 ], [ 18.253489737988858, 40.430666217327492 ], [ 18.253527798417256, 40.430630342816585 ], [ 18.253564494036297, 40.43061137648214 ], [ 18.253599197223267, 40.430591178295522 ], [ 18.253626861596636, 40.430571421585569 ], [ 18.253630462034629, 40.430555657323566 ], [ 18.25370377799814, 40.430478790297613 ], [ 18.25370489462135, 40.430458205317834 ], [ 18.253820788892781, 40.430318189853743 ], [ 18.253853590279746, 40.430292046644688 ], [ 18.253871167093163, 40.430281121545612 ], [ 18.253945784907632, 40.430273263828035 ], [ 18.254006751962248, 40.430193790319109 ], [ 18.254017723389808, 40.430178854142106 ], [ 18.254027649458703, 40.430169855879939 ], [ 18.25403856206772, 40.430160784785855 ], [ 18.254050625462884, 40.430152113592221 ], [ 18.25407043412109, 40.430139567401298 ], [ 18.254100828963292, 40.430127551547983 ], [ 18.254149222656238, 40.43008355876681 ], [ 18.254156193065889, 40.430047992651602 ], [ 18.254178491834299, 40.430028918401433 ], [ 18.254216260415294, 40.430025359287114 ], [ 18.254267704016375, 40.430008913382999 ], [ 18.254313159482994, 40.429984638154664 ], [ 18.25437461277415, 40.42995067112625 ], [ 18.254449058673309, 40.429912392958016 ], [ 18.254499730433878, 40.429883863561621 ], [ 18.254554261804728, 40.4298600890491 ], [ 18.25461166092709, 40.429833216416142 ], [ 18.254637560931286, 40.429823803963423 ], [ 18.254650943293232, 40.429819508869933 ], [ 18.254660311614266, 40.429823378977076 ], [ 18.254662481951989, 40.429832693892834 ], [ 18.254663692999305, 40.429843134672623 ], [ 18.254670534957071, 40.429851804546338 ], [ 18.254684700990225, 40.429850315499095 ], [ 18.254686914049135, 40.429844885077785 ], [ 18.254684792876969, 40.429833902518851 ], [ 18.254683323948765, 40.429822514286009 ], [ 18.254692063067111, 40.429829221251211 ], [ 18.254703068450254, 40.429836729000684 ], [ 18.254710976957053, 40.429835749551451 ], [ 18.254714338747569, 40.429827990021828 ], [ 18.254707317060568, 40.429817794059758 ], [ 18.25470028831549, 40.429803788419484 ], [ 18.254695231358038, 40.429793762256594 ], [ 18.254705041660944, 40.429789450736052 ], [ 18.254736024457006, 40.429776679590113 ], [ 18.254773257192106, 40.429762021004358 ], [ 18.25484132473483, 40.429739585171035 ], [ 18.254872160419854, 40.429731825916043 ], [ 18.254906492570132, 40.429720563538766 ], [ 18.254941554289843, 40.429705858005001 ], [ 18.254971042211796, 40.429695083403928 ], [ 18.255000387406259, 40.429678665554285 ], [ 18.255026120654524, 40.429661160601697 ], [ 18.255050733723902, 40.429647064765824 ], [ 18.255068600250688, 40.429646056815365 ], [ 18.255077516614271, 40.429651551844401 ], [ 18.255088616126496, 40.429657102428337 ], [ 18.255099878536587, 40.429665539602716 ], [ 18.255089460011433, 40.429679226364875 ], [ 18.255081602148266, 40.429692976055144 ], [ 18.255077651109659, 40.429704643140873 ], [ 18.2550576651055, 40.429718392405235 ], [ 18.255043489281647, 40.429731887838621 ], [ 18.255045694923325, 40.429743642594552 ], [ 18.255054176616589, 40.42974941107358 ], [ 18.255066475778815, 40.42974440790465 ], [ 18.255083818837399, 40.429725716343327 ], [ 18.255099891796593, 40.429710257991829 ], [ 18.255111091388777, 40.429705916286103 ], [ 18.255125227187783, 40.429700627167598 ], [ 18.255144020364575, 40.42968951447773 ], [ 18.255162325172638, 40.429672435034767 ], [ 18.255190962036007, 40.429635726767948 ], [ 18.25519194202149, 40.429622576238103 ], [ 18.255187991809006, 40.429603980455795 ], [ 18.255188242818569, 40.429582564216837 ], [ 18.255192334216119, 40.429562084520683 ], [ 18.255203722268838, 40.429532833691724 ], [ 18.255223015727498, 40.429509133395243 ], [ 18.255245607836493, 40.429483448689638 ], [ 18.255281652795095, 40.429449071508664 ], [ 18.255333550395878, 40.429405907175607 ], [ 18.255357173831577, 40.429389137130684 ], [ 18.255380121090766, 40.429370323583747 ], [ 18.255398275785286, 40.429355509042402 ], [ 18.255419920156619, 40.429342667694712 ], [ 18.255432282176379, 40.429341166360963 ], [ 18.25544537665554, 40.429341409711853 ], [ 18.255460983617684, 40.429331683764865 ], [ 18.255466750184134, 40.429322469379713 ], [ 18.255467182891767, 40.429307749077815 ], [ 18.255474579941879, 40.429289094638818 ], [ 18.255483630538201, 40.429263431331535 ], [ 18.255500007924933, 40.429232796892776 ], [ 18.255520728368698, 40.429204967235322 ], [ 18.255532130041669, 40.429180885894148 ], [ 18.255549587090616, 40.429157480494638 ], [ 18.255580747671221, 40.429122520365148 ], [ 18.255601110161244, 40.42910363552982 ], [ 18.255630426865388, 40.429076869512777 ], [ 18.255663659564771, 40.429045282539256 ], [ 18.255688443728516, 40.429016914975456 ], [ 18.25571697460483, 40.428982173051288 ], [ 18.255756113595304, 40.42893255005788 ], [ 18.255789645675932, 40.42888714718454 ], [ 18.255815724943854, 40.428860706565757 ], [ 18.255834676969915, 40.428844590513606 ], [ 18.255907335863309, 40.428798390780486 ], [ 18.255923943418544, 40.428803047443061 ], [ 18.255935786663077, 40.428801056301097 ], [ 18.255956513477869, 40.428795581264922 ], [ 18.255982477976374, 40.428783122398229 ], [ 18.256005226204735, 40.428768250312288 ], [ 18.256021020269891, 40.42875459205127 ], [ 18.256033691292345, 40.428736545457866 ], [ 18.256041455194847, 40.428706207828078 ], [ 18.256060331935267, 40.428695858214041 ], [ 18.256090296768694, 40.428679350567997 ], [ 18.256121641216673, 40.428656265080583 ], [ 18.256138782544095, 40.428636336113385 ], [ 18.256146838706012, 40.428609367786692 ], [ 18.256150836550482, 40.428590863184695 ], [ 18.256158232908703, 40.428572199715781 ], [ 18.25617303529501, 40.428541420447345 ], [ 18.256185900702658, 40.428520810425823 ], [ 18.256220777107355, 40.428484952762304 ], [ 18.256241895223813, 40.428470252686886 ], [ 18.256273555403926, 40.428462253653507 ], [ 18.256301432760484, 40.428458171147128 ], [ 18.256331123194393, 40.428451362493135 ], [ 18.256353447455894, 40.42843918632029 ], [ 18.256383345110571, 40.428417141311876 ], [ 18.25644434196575, 40.428355219956238 ], [ 18.256453431742948, 40.428341606568409 ], [ 18.256478626339945, 40.42830637309104 ], [ 18.256497912102429, 40.428284726353453 ], [ 18.256524655966899, 40.428263760985651 ], [ 18.256570003065569, 40.428237038089129 ], [ 18.256593735184499, 40.428225218471091 ], [ 18.256597032059254, 40.4282180731811 ], [ 18.2565914155944, 40.428213304835822 ], [ 18.256576729131151, 40.428211818531373 ], [ 18.25655743793633, 40.428213092054222 ], [ 18.256532776405944, 40.428210545006166 ], [ 18.256504607984073, 40.428204935451383 ], [ 18.256477891871818, 40.428202797590551 ], [ 18.256458601110882, 40.428204080091419 ], [ 18.256446171650886, 40.428208573692203 ], [ 18.256436242334949, 40.428214807162355 ], [ 18.25644922745899, 40.42819912045605 ], [ 18.256471853346603, 40.428184161661761 ], [ 18.256486767444006, 40.428180354569534 ], [ 18.256497285135257, 40.428184354242639 ], [ 18.256508387860602, 40.428185824521151 ], [ 18.25652679036132, 40.428178838734198 ], [ 18.25653725681267, 40.428179336203371 ], [ 18.256552179307914, 40.428186931474329 ], [ 18.256562907828773, 40.428186998231809 ], [ 18.256594263904386, 40.428174657402714 ], [ 18.25660838841539, 40.428159379883382 ], [ 18.256638592424444, 40.428112440384162 ], [ 18.256645308375031, 40.428092382003854 ], [ 18.256655752933831, 40.42807387573248 ], [ 18.256667811929962, 40.428056584886953 ], [ 18.256687087920952, 40.428040108297026 ], [ 18.256720295177278, 40.428018510283792 ], [ 18.256789530620839, 40.427959779011232 ], [ 18.256828828000167, 40.427936162832744 ], [ 18.256869758189801, 40.427905844570112 ], [ 18.256926361252049, 40.427866933149893 ], [ 18.25695998535107, 40.427838838417827 ], [ 18.256990462957909, 40.427815633036289 ], [ 18.257027626208977, 40.427790293630643 ], [ 18.25707809240312, 40.427762687612386 ], [ 18.257125097048046, 40.427739304311615 ], [ 18.257154237847359, 40.427727223959117 ], [ 18.257167005722859, 40.42772363943228 ], [ 18.257180311889964, 40.42773315362227 ], [ 18.257244515438561, 40.427777926024525 ], [ 18.25733215269728, 40.42784716642462 ], [ 18.257361084767979, 40.427870785850921 ], [ 18.257376673025657, 40.427885576683281 ], [ 18.257389256213152, 40.427891589581527 ], [ 18.257405210593166, 40.42789639055033 ], [ 18.257407048954569, 40.427903706260409 ], [ 18.25741330347843, 40.427914608212689 ], [ 18.257423468337507, 40.427914474625489 ], [ 18.257427400328606, 40.427922433813961 ], [ 18.257439767322495, 40.427936171630854 ], [ 18.257449798642366, 40.4279369334809 ], [ 18.257460123423066, 40.427929373777665 ], [ 18.257473829700675, 40.427937165355523 ], [ 18.257483232888394, 40.427950788614424 ], [ 18.257494124819345, 40.427956191707977 ], [ 18.257509349933702, 40.427947845292195 ], [ 18.257518217335797, 40.427938174065879 ], [ 18.257544051715659, 40.42796256533547 ], [ 18.257560700048202, 40.427975632963097 ], [ 18.25756844835481, 40.427976954572522 ], [ 18.257576153148754, 40.427962002123934 ], [ 18.257568146011824, 40.427952149370775 ], [ 18.257529720599617, 40.427932076244545 ], [ 18.257528300961603, 40.427925865569009 ], [ 18.25753851033517, 40.427925433491694 ], [ 18.257545250924167, 40.427915407940198 ], [ 18.257539118120203, 40.42790117004656 ], [ 18.25752614713862, 40.427886152297638 ], [ 18.257519630539001, 40.427875681063313 ], [ 18.257509061551723, 40.427868179285738 ], [ 18.257490700195323, 40.427859663366839 ], [ 18.25748038690578, 40.427845498350138 ], [ 18.257470431484471, 40.427834106339304 ], [ 18.25745634142282, 40.427830081420666 ], [ 18.25744158560946, 40.427818860832296 ], [ 18.257426137234763, 40.427806966252383 ], [ 18.257400016261283, 40.42779469718274 ], [ 18.257370918382694, 40.427774721189152 ], [ 18.257347144604413, 40.427753703350653 ], [ 18.25731784513906, 40.427732481083851 ], [ 18.257283387465812, 40.42771109806079 ], [ 18.257165292414268, 40.42762812561169 ], [ 18.257089909158552, 40.427572473005497 ], [ 18.257095587638592, 40.427548751070994 ], [ 18.257109446388142, 40.427521141671392 ], [ 18.257126203013996, 40.427496674976567 ], [ 18.257151248793118, 40.427471307998317 ], [ 18.257178459960492, 40.427447339045571 ], [ 18.257207145258498, 40.427424121109418 ], [ 18.257239407542315, 40.427401757003018 ], [ 18.257270899844301, 40.42737247936865 ], [ 18.257282729248939, 40.427355321030909 ], [ 18.257298311870496, 40.427325582418376 ], [ 18.257316762909785, 40.427292763637837 ], [ 18.257314312961196, 40.427272783601104 ], [ 18.257315179628087, 40.427257051298923 ], [ 18.257318519575108, 40.427242014817516 ], [ 18.257326804756445, 40.427225902151676 ], [ 18.25733488548379, 40.427217514078983 ], [ 18.257352892051738, 40.427214295165477 ], [ 18.257371731051951, 40.427214646483613 ], [ 18.257379195410024, 40.427221560331283 ], [ 18.257388300157231, 40.427223149926874 ], [ 18.257395441309104, 40.427207997223846 ], [ 18.257386749997465, 40.427184707594577 ], [ 18.257393393003991, 40.427166317487121 ], [ 18.257401366149907, 40.427154726023574 ], [ 18.25739206566368, 40.427148107148753 ], [ 18.257395751217306, 40.427133394168926 ], [ 18.25739236193785, 40.427128373901219 ], [ 18.257386644717297, 40.427124202884343 ], [ 18.257389579014838, 40.4271156537311 ], [ 18.257406690066048, 40.427105362709334 ], [ 18.257434555813926, 40.427086166852497 ], [ 18.257463804480754, 40.427063149127264 ], [ 18.257494124899839, 40.427038407886762 ], [ 18.257522694950847, 40.427022326509835 ], [ 18.257552800916681, 40.427012911869049 ], [ 18.257580590708582, 40.427004346143356 ], [ 18.257607101626149, 40.426992483968178 ], [ 18.257626914733638, 40.426980306331195 ], [ 18.257663722652474, 40.426943231881701 ], [ 18.257676667730419, 40.426924042524952 ], [ 18.257689388473917, 40.426901184720521 ], [ 18.257686905727596, 40.426883943683983 ], [ 18.257686626510907, 40.426861569663338 ], [ 18.257688598033432, 40.426843824697507 ], [ 18.257701498574342, 40.426824933818679 ], [ 18.257705268487044, 40.426810993034501 ], [ 18.257706034703329, 40.426795867018605 ], [ 18.257711149367175, 40.426782194533175 ], [ 18.257724365044425, 40.426773976826809 ], [ 18.257735940767283, 40.426768651527226 ], [ 18.257734907131869, 40.426763844032543 ], [ 18.257729695879959, 40.42675257941567 ], [ 18.257730546096926, 40.426738216608058 ], [ 18.257738826105175, 40.426723464085974 ], [ 18.257750109836685, 40.426712337635799 ], [ 18.257769408364787, 40.426700732911875 ], [ 18.257796068112945, 40.426718796090853 ], [ 18.257844543145964, 40.426729290633318 ], [ 18.257899368400533, 40.426724852882963 ], [ 18.257947741542431, 40.426697736061023 ], [ 18.25786039850064, 40.426703498238233 ], [ 18.257819490955832, 40.426690340384923 ], [ 18.257799935389681, 40.426677102607954 ], [ 18.257770143852753, 40.426652273597135 ], [ 18.257779551405463, 40.426638416966611 ], [ 18.2577892520247, 40.426615743418417 ], [ 18.257806164871724, 40.426592812383092 ], [ 18.25783367429554, 40.426556729727366 ], [ 18.257857886154586, 40.426527774396376 ], [ 18.257884716121023, 40.426498610103963 ], [ 18.257912268560666, 40.426476351653847 ], [ 18.257944525069007, 40.42645314988534 ], [ 18.257981102257439, 40.426430339609531 ], [ 18.258008268644417, 40.426406677959889 ], [ 18.258038865577007, 40.426372543693844 ], [ 18.258057188898292, 40.426346852779034 ], [ 18.258075047558684, 40.426312762619069 ], [ 18.258088715866489, 40.426286347374678 ], [ 18.258115255425281, 40.426256542732922 ], [ 18.258133950178287, 40.426241226167534 ], [ 18.25815938394468, 40.426232447561198 ], [ 18.258179226743898, 40.426228942541783 ], [ 18.258231636481064, 40.426214278011571 ], [ 18.258256260915637, 40.42620436033986 ], [ 18.258281866256926, 40.426188155263588 ], [ 18.258308739983008, 40.4261586834089 ], [ 18.258327739359753, 40.426135035935786 ], [ 18.258365702629842, 40.426097009978008 ], [ 18.258388119374324, 40.426077012908664 ], [ 18.258419568092965, 40.42606027366184 ], [ 18.258446179277268, 40.426047814020102 ], [ 18.258474575216098, 40.426031557188495 ], [ 18.258481526206065, 40.426017598682726 ], [ 18.258484166406177, 40.425995646676171 ], [ 18.258507065790813, 40.425966124786854 ], [ 18.258522789756331, 40.425944452117207 ], [ 18.25853056637574, 40.42593026315739 ], [ 18.258531355575627, 40.42591756832384 ], [ 18.25846387020518, 40.425889984118079 ], [ 18.258459938228594, 40.425882024962696 ], [ 18.258468836040045, 40.425862013001534 ], [ 18.258482596826479, 40.425847763288431 ], [ 18.258494497106099, 40.425847940918487 ], [ 18.258503880072858, 40.425847730225023 ], [ 18.258515577270213, 40.425839068905773 ], [ 18.258527312146374, 40.425826308428547 ], [ 18.2585350233363, 40.425815156605836 ], [ 18.258595274146142, 40.425838144271296 ], [ 18.258599155580498, 40.425826028692448 ], [ 18.258609838529818, 40.425802228531026 ], [ 18.25862914730234, 40.425766449127885 ], [ 18.258649626987161, 40.425747344296212 ], [ 18.258672085375, 40.425736019545631 ], [ 18.258721447956439, 40.425687323019481 ], [ 18.258740041997495, 40.425670171812506 ], [ 18.258756227163243, 40.425641703978549 ], [ 18.258768667100234, 40.425615485438463 ], [ 18.258783631102929, 40.425591015049505 ], [ 18.258802669669599, 40.425568429196488 ], [ 18.258845175111055, 40.425529293177078 ], [ 18.258852334026063, 40.425520372589965 ], [ 18.258852603640811, 40.425507170021262 ], [ 18.258845937240967, 40.425498963792371 ], [ 18.25883821096879, 40.425494921590584 ], [ 18.258820696291814, 40.425497577436808 ], [ 18.258804666706766, 40.425503406803003 ], [ 18.258787420910441, 40.425509432606965 ], [ 18.258766210454727, 40.425510238252457 ], [ 18.258756902806546, 40.425499809811484 ], [ 18.25876201076921, 40.425482345607179 ], [ 18.258781547505478, 40.425462997155549 ], [ 18.258806043061522, 40.425452614652187 ], [ 18.258822900189397, 40.425454156517326 ], [ 18.258844961794061, 40.42546316226931 ], [ 18.258870143810938, 40.425473818279052 ], [ 18.258886727058673, 40.425473350339949 ], [ 18.258914878864079, 40.425463756315892 ], [ 18.258934544148051, 40.425447313407581 ], [ 18.2589482078325, 40.425422276234727 ], [ 18.258954316611671, 40.425369179903775 ], [ 18.258955779582831, 40.425312620955907 ], [ 18.258951869193634, 40.425258762558471 ], [ 18.25893822259906, 40.425200972722365 ], [ 18.258928821407995, 40.425154213505209 ], [ 18.258917802033167, 40.425131773273399 ], [ 18.258902506914154, 40.42510621124444 ], [ 18.258893052531338, 40.425089085895202 ], [ 18.258891896047405, 40.4250658809854 ], [ 18.258888643300178, 40.425048562626429 ], [ 18.258875941504794, 40.425036914975912 ], [ 18.258857496770087, 40.425027636040426 ], [ 18.258849697872908, 40.425022821303138 ], [ 18.258860150151015, 40.42501571722741 ], [ 18.258872453345955, 40.424999355973277 ], [ 18.258886457671245, 40.424978443316213 ], [ 18.258889663665862, 40.424964302243168 ], [ 18.258902838144074, 40.424930848514798 ], [ 18.258920203539905, 40.424913885065088 ], [ 18.258941733705893, 40.424895795329668 ], [ 18.258957971899093, 40.424878431355459 ], [ 18.258967522834162, 40.424882187884563 ], [ 18.258978389255603, 40.424877557988687 ], [ 18.258994002571786, 40.424861652730449 ], [ 18.259015876034262, 40.424838716642718 ], [ 18.259038837946502, 40.424812696531006 ], [ 18.259035495808956, 40.424798406983129 ], [ 18.25902228180442, 40.424790061284035 ], [ 18.259011165904791, 40.424780989874598 ], [ 18.259013389777042, 40.424771305155772 ], [ 18.259015508528869, 40.424762079147307 ], [ 18.259021453083328, 40.424760956679023 ], [ 18.259031149291541, 40.424763817430453 ], [ 18.259038877421236, 40.424775461306979 ], [ 18.259046928441609, 40.424773054470542 ], [ 18.259150707658936, 40.424807621191803 ], [ 18.259220716660799, 40.424710128419107 ], [ 18.259092959729113, 40.424662259843231 ], [ 18.259093879163629, 40.424652506553635 ], [ 18.259099366136795, 40.424632644836876 ], [ 18.259111047402765, 40.424608780430468 ], [ 18.259132474265773, 40.424583677278434 ], [ 18.259154476552968, 40.424561214890112 ], [ 18.259214379493166, 40.424502385285976 ], [ 18.2592441292182, 40.424481235401252 ], [ 18.259281915456313, 40.424452013788894 ], [ 18.259315904289444, 40.424421521291443 ], [ 18.259347416214965, 40.424391720155413 ], [ 18.259380432112593, 40.424354752187639 ], [ 18.259392384111706, 40.424341859401771 ], [ 18.259403611259021, 40.424328599779066 ], [ 18.259413309998802, 40.424322489655033 ], [ 18.259425198580324, 40.424320235686054 ], [ 18.259434323843617, 40.424319086478036 ], [ 18.259438640554727, 40.424306715403226 ], [ 18.259445598059624, 40.42429655752607 ], [ 18.259459739880523, 40.424287520889393 ], [ 18.259474444851183, 40.424278675513847 ], [ 18.25947651320514, 40.424269286095125 ], [ 18.259481739984754, 40.424257456762632 ], [ 18.259501271280843, 40.424241909215148 ], [ 18.259509653039824, 40.424236592823213 ], [ 18.259511443032, 40.424229003613178 ], [ 18.25951513487745, 40.424218091259021 ], [ 18.259526078732819, 40.424210432842578 ], [ 18.259549500056444, 40.424194172043173 ], [ 18.259564364700147, 40.424177900547029 ], [ 18.259572845232817, 40.42416438517521 ], [ 18.259586649957544, 40.424149836869098 ], [ 18.259600730472119, 40.424142459196872 ], [ 18.259610003977187, 40.424131452352498 ], [ 18.259616381098621, 40.424122454709426 ], [ 18.259630417101214, 40.42411537551434 ], [ 18.2596365440508, 40.42410924909327 ], [ 18.259642402082452, 40.424099752711975 ], [ 18.259647584318412, 40.424088221853772 ], [ 18.259656763917377, 40.424081612974334 ], [ 18.259665840092172, 40.424082131391742 ], [ 18.259670420781028, 40.424076931277213 ], [ 18.25967132885928, 40.42406987133694 ], [ 18.25968012922916, 40.424063219118324 ], [ 18.259689254886904, 40.424062078886166 ], [ 18.259697781885965, 40.424055866708343 ], [ 18.25971342303421, 40.424041032378511 ], [ 18.259722731145814, 40.424034888220305 ], [ 18.259731704968765, 40.424028411238162 ], [ 18.259736821985815, 40.424021871983811 ], [ 18.259742138677918, 40.424015074903053 ], [ 18.259749559924668, 40.424007296124913 ], [ 18.259769485956188, 40.423986408968929 ], [ 18.259789581129368, 40.42397107062812 ], [ 18.259805605977718, 40.423958324040306 ], [ 18.259818521858456, 40.423937090729353 ], [ 18.259829673001018, 40.423930309100221 ], [ 18.259848535625714, 40.423919950271667 ], [ 18.259874091216588, 40.423904691968652 ], [ 18.259901739880966, 40.423890068104086 ], [ 18.259947892866393, 40.423864744236901 ], [ 18.259988163980321, 40.423848178865583 ], [ 18.260027440970685, 40.423830308535464 ], [ 18.260067008160789, 40.423813078490063 ], [ 18.260103623898999, 40.423795742601932 ], [ 18.260186654556271, 40.423761920023786 ], [ 18.260237059822433, 40.423744113771818 ], [ 18.260281889260025, 40.42372505984028 ], [ 18.260315742484426, 40.423708846658656 ], [ 18.260380581925411, 40.423670259490862 ], [ 18.260404193704144, 40.4236613607058 ], [ 18.260427097058795, 40.423653166432011 ], [ 18.260447542572496, 40.423640204889814 ], [ 18.260464698919229, 40.423626489561649 ], [ 18.260476328364529, 40.423600590947402 ], [ 18.260480707249101, 40.423573906276268 ], [ 18.26048293181627, 40.423548246151412 ], [ 18.260490645742617, 40.423517900635126 ], [ 18.260510832126151, 40.423478610517321 ], [ 18.260545427860396, 40.423438751473732 ], [ 18.260556304475269, 40.423423123842497 ], [ 18.260575203090706, 40.423401811613374 ], [ 18.260599711892329, 40.42337490088692 ], [ 18.260633304507998, 40.423345743194595 ], [ 18.260655764845435, 40.423327167537956 ], [ 18.260675110816607, 40.42331486747532 ], [ 18.260719317116262, 40.423283905968141 ], [ 18.26079694963876, 40.423224980300596 ], [ 18.260874995822437, 40.423168519771899 ], [ 18.261000469505408, 40.423088986650718 ], [ 18.261055974133267, 40.423062344502199 ], [ 18.261099350179435, 40.423042250480577 ], [ 18.261136173274501, 40.423027511379729 ], [ 18.261176077152179, 40.423013360784715 ], [ 18.261243808851027, 40.422986112091699 ], [ 18.261331708765439, 40.422973083004351 ], [ 18.261382441368223, 40.422970353402754 ], [ 18.261425616055142, 40.422971692118942 ], [ 18.261493314775173, 40.422976670535668 ], [ 18.261527169709083, 40.422985856126047 ], [ 18.261554328713743, 40.422997194284349 ], [ 18.26157459682064, 40.423003971450015 ], [ 18.26159677567124, 40.423004687116936 ], [ 18.2616157568361, 40.422997522069146 ], [ 18.261631621603154, 40.42298050152381 ], [ 18.261671628469788, 40.422916324094267 ], [ 18.261693729958665, 40.422878880124763 ], [ 18.261720190152651, 40.422842862222666 ], [ 18.261757899077313, 40.422796727230661 ], [ 18.261835421297697, 40.422695823305574 ], [ 18.261852338192849, 40.422666442709144 ], [ 18.261882449419552, 40.4226325733542 ], [ 18.261911143978526, 40.422606940189262 ], [ 18.261950070134205, 40.422576721796212 ], [ 18.262010874793194, 40.422533212884616 ], [ 18.262069694080285, 40.422492272914603 ], [ 18.262093748910949, 40.422471103023035 ], [ 18.262174812518136, 40.422414448320829 ], [ 18.262221318671987, 40.4223867177746 ], [ 18.262271705268155, 40.422361003205133 ], [ 18.262295721235741, 40.422348048569454 ], [ 18.262447879545263, 40.422277667618829 ], [ 18.262552828611049, 40.42224362951309 ], [ 18.262724612911175, 40.422173585459099 ], [ 18.262777050940571, 40.422151550538615 ], [ 18.262839455618625, 40.42212262303385 ], [ 18.262905570713652, 40.422090223027709 ], [ 18.262948267920684, 40.422069299959063 ], [ 18.26299372513968, 40.42205668512559 ], [ 18.263039671732979, 40.422050045967914 ], [ 18.263177783118422, 40.422033795484509 ], [ 18.263226889363757, 40.422027427250406 ], [ 18.263258479890546, 40.422018311457506 ], [ 18.263290487027827, 40.422005139832883 ], [ 18.263337409548505, 40.421982621020021 ], [ 18.263436748253859, 40.421918135547699 ], [ 18.263475439555151, 40.42188941841269 ], [ 18.263512648658363, 40.421862706629362 ], [ 18.26354195455604, 40.421848998803306 ], [ 18.263576826319763, 40.421839258803715 ], [ 18.263629247117066, 40.421818584013366 ], [ 18.263666273059453, 40.421807819386466 ], [ 18.263694195418921, 40.42178865647324 ], [ 18.263710688147246, 40.421768798775162 ], [ 18.26371592779029, 40.421753600351785 ], [ 18.263725554566026, 40.421738467094741 ], [ 18.263748666920574, 40.421719512149117 ], [ 18.263793751690351, 40.421688002263423 ], [ 18.263831970872609, 40.421661955357692 ], [ 18.263933879590233, 40.421589957222281 ], [ 18.263989589007171, 40.421560776983867 ], [ 18.264037667647997, 40.421528795101445 ], [ 18.264082003666587, 40.42149837807478 ], [ 18.264118224075045, 40.421484609787505 ], [ 18.264154772632452, 40.421465689334127 ], [ 18.264265195478053, 40.421419146666508 ], [ 18.264315411211246, 40.421396264179307 ], [ 18.264349864078934, 40.421381771193658 ], [ 18.264382464296553, 40.421369420139058 ], [ 18.264454129764299, 40.421342914043279 ], [ 18.264496105675704, 40.421318039700751 ], [ 18.264525601922276, 40.421299750795725 ], [ 18.264550871390732, 40.421275943104078 ], [ 18.264566760608506, 40.421254337013266 ], [ 18.264589384739519, 40.421217265022975 ], [ 18.264614718981349, 40.421182377128225 ], [ 18.264646233740415, 40.421137371021487 ], [ 18.264736222010331, 40.421015361156485 ], [ 18.264751531658202, 40.420996392401435 ], [ 18.264787667818389, 40.420958244893193 ], [ 18.264810480008762, 40.42094162197715 ], [ 18.264843078079917, 40.420924118968379 ], [ 18.264942422126353, 40.420879041714841 ], [ 18.264980387845956, 40.420862873048243 ], [ 18.265047090968032, 40.420836362765975 ], [ 18.265132194681762, 40.420799235624244 ], [ 18.265222268052913, 40.420763499074127 ], [ 18.265305744679715, 40.420730011517925 ], [ 18.265373224200907, 40.420696904137976 ], [ 18.265504553101763, 40.420630440636096 ], [ 18.265626781447228, 40.420566603095708 ], [ 18.265703909768778, 40.420529304745379 ], [ 18.265757321602919, 40.420495054759478 ], [ 18.265804878846236, 40.420458907743154 ], [ 18.265854178846453, 40.420427602116575 ], [ 18.265899239403268, 40.420407314572486 ], [ 18.266067552377951, 40.420327321190491 ], [ 18.266197629588412, 40.420274465546242 ], [ 18.266284342564244, 40.420235067376652 ], [ 18.266355264870587, 40.420212724258093 ], [ 18.266416741043972, 40.420198520191811 ], [ 18.266522024450651, 40.420170035260163 ], [ 18.266538598200786, 40.420164288521043 ], [ 18.266554234195919, 40.42015256077093 ], [ 18.266641282531239, 40.420110117561379 ], [ 18.26670097796773, 40.420074230318114 ], [ 18.266763833386701, 40.420026697947549 ], [ 18.266820992585604, 40.419984676700224 ], [ 18.266895573652004, 40.419934714008164 ], [ 18.266981362101895, 40.4198969266684 ], [ 18.267070225999763, 40.419857187861766 ], [ 18.2671088555145, 40.419847934956955 ], [ 18.26717491455382, 40.419840283890572 ], [ 18.267427121130897, 40.419790267678685 ], [ 18.2674952301753, 40.419774092047732 ], [ 18.267545770679245, 40.419758449452715 ], [ 18.26761803157806, 40.419730672625043 ], [ 18.267706536717963, 40.419684755816661 ], [ 18.267751285286554, 40.419650993216123 ], [ 18.267792599280423, 40.419612986502443 ], [ 18.267882600883912, 40.419547365391885 ], [ 18.267951428028976, 40.419501257617988 ], [ 18.268019124194993, 40.419468295695751 ], [ 18.268182950396739, 40.419401603160537 ], [ 18.268320132580872, 40.419347337188178 ], [ 18.268518554726349, 40.41925432004836 ], [ 18.268612383082587, 40.41921079182152 ], [ 18.268772284797773, 40.419148253575642 ], [ 18.26883219859489, 40.419134182521255 ], [ 18.268903740728646, 40.419122241167045 ], [ 18.268957690537128, 40.419113256558134 ], [ 18.269053316757446, 40.419071091155949 ], [ 18.269114648758233, 40.419043244456958 ], [ 18.269164487919031, 40.419009012981171 ], [ 18.269184600371482, 40.418987782100494 ], [ 18.269263789544311, 40.418904812674498 ], [ 18.269314814076147, 40.418853948064779 ], [ 18.269359613139681, 40.418811527894917 ], [ 18.269477550702664, 40.41872397582091 ], [ 18.269549325772388, 40.418672595745456 ], [ 18.269589269999436, 40.418638941430132 ], [ 18.269621365737027, 40.418621820588839 ], [ 18.26966497728511, 40.418603779277255 ], [ 18.269708560075539, 40.418592196632645 ], [ 18.269726346584775, 40.41858814441094 ], [ 18.269728789628509, 40.418598189873045 ], [ 18.269747131054523, 40.418606073949626 ], [ 18.269779895452707, 40.418606884668584 ], [ 18.269799940126529, 40.418599823283749 ], [ 18.269821602215796, 40.418585042318284 ], [ 18.269821765571681, 40.418571635588648 ], [ 18.26981492948941, 40.418560669714061 ], [ 18.269810111449747, 40.418551952443984 ], [ 18.269807336717097, 40.418543330440393 ], [ 18.269816585976105, 40.418528954939823 ], [ 18.269843108158685, 40.418494581705929 ], [ 18.269877788759256, 40.418467336033977 ], [ 18.269906478493247, 40.418443646519798 ], [ 18.269924661872615, 40.418422010782713 ], [ 18.269933414190817, 40.418404920284914 ], [ 18.269930465535193, 40.418395384515748 ], [ 18.269921648484736, 40.4183846368554 ], [ 18.269917425773432, 40.418369237709221 ], [ 18.26993106756473, 40.418355773618039 ], [ 18.269994809530978, 40.418309106088486 ], [ 18.270009888265218, 40.418290278290669 ], [ 18.27001454257606, 40.418268386106064 ], [ 18.270014554482653, 40.418236537756258 ], [ 18.27001782978288, 40.41821926006525 ], [ 18.270035207522472, 40.418188784439067 ], [ 18.270051572903871, 40.418173649018229 ], [ 18.270101344242935, 40.418137554660142 ], [ 18.270112757927262, 40.418130638523621 ], [ 18.270127438674997, 40.418153685543373 ], [ 18.27014144634369, 40.418165276967279 ], [ 18.270160437929121, 40.418167855584279 ], [ 18.270176750060934, 40.41814919099172 ], [ 18.27017989014033, 40.418126693186473 ], [ 18.270193609074489, 40.418121387033089 ], [ 18.270211386896754, 40.418132718582498 ], [ 18.270234131734199, 40.418143684318515 ], [ 18.270250903825215, 40.41813742705633 ], [ 18.270252314930495, 40.418122048536141 ], [ 18.270243113673427, 40.418094865379182 ], [ 18.270245868995506, 40.41808242103837 ], [ 18.270257142665226, 40.418069213105532 ], [ 18.270256744139051, 40.418057101249481 ], [ 18.270246906146053, 40.418033070485023 ], [ 18.270241434279537, 40.418021804810387 ], [ 18.270251754010815, 40.418021008226248 ], [ 18.270267563903548, 40.41803039598188 ], [ 18.270286786183334, 40.418045271322441 ], [ 18.270316766589271, 40.418052834753361 ], [ 18.270333083628312, 40.418047400975738 ], [ 18.270313841332698, 40.418035759647665 ], [ 18.270294374155043, 40.418025070396951 ], [ 18.270307680606177, 40.418009796385732 ], [ 18.270326337659757, 40.417998423922668 ], [ 18.270314786853636, 40.417982574795658 ], [ 18.270296666900581, 40.417970505385718 ], [ 18.270314314926946, 40.417958008626528 ], [ 18.270297791049661, 40.417943615304665 ], [ 18.270274337678973, 40.417940883835946 ], [ 18.270253444667144, 40.417949887768501 ], [ 18.270228842876556, 40.417951908366604 ], [ 18.270209493847386, 40.417940738395743 ], [ 18.270208881684884, 40.417922030610534 ], [ 18.270228553838198, 40.417910692468553 ], [ 18.270252806090141, 40.417911185655733 ], [ 18.270276070768706, 40.417917318032018 ], [ 18.27030172516633, 40.417917807533868 ], [ 18.270311661108636, 40.417900584418398 ], [ 18.270310842322314, 40.417881747382765 ], [ 18.2702992797735, 40.417865898586221 ], [ 18.270282462615764, 40.41785323386317 ], [ 18.270261929830102, 40.417842196493979 ], [ 18.270242070436726, 40.417830464544593 ], [ 18.27024129003085, 40.417811932652221 ], [ 18.270241586624206, 40.417793739543036 ], [ 18.270227998272439, 40.417778884805671 ], [ 18.270233204763489, 40.417761093080671 ], [ 18.270254159616382, 40.417752393632057 ], [ 18.270242715651065, 40.417736073118391 ], [ 18.270219267597671, 40.417734422301969 ], [ 18.270198474893277, 40.417744035845757 ], [ 18.27018645205867, 40.41775977787988 ], [ 18.270163179196899, 40.417756879154467 ], [ 18.27013797173128, 40.417726951779507 ], [ 18.270087191571459, 40.417661748312049 ], [ 18.270043480989713, 40.417591174759885 ], [ 18.270017645037118, 40.417549006907826 ], [ 18.269995839702336, 40.41748593725606 ], [ 18.26998720612831, 40.417458548859251 ], [ 18.269970268762801, 40.417436349299173 ], [ 18.269952789573765, 40.417404671918092 ], [ 18.269944276305015, 40.417374659134914 ], [ 18.269949652721206, 40.417342379688982 ], [ 18.269961635653836, 40.417296637184648 ], [ 18.269965444365653, 40.417272373134352 ], [ 18.269980622614938, 40.417241986808818 ], [ 18.270000850226928, 40.417218284668166 ], [ 18.27001691511812, 40.417205949866236 ], [ 18.270037988380867, 40.417196778752235 ], [ 18.270038004782425, 40.417178152241988 ], [ 18.270037182580154, 40.417156081860242 ], [ 18.270023039139289, 40.417141440961444 ], [ 18.270044442325869, 40.41713299906224 ], [ 18.270037067606559, 40.417115779721016 ], [ 18.270057910709415, 40.417106480018276 ], [ 18.270048616514988, 40.417089774370773 ], [ 18.270051331260973, 40.417071629882663 ], [ 18.270076423540477, 40.417073414318054 ], [ 18.270100291468474, 40.417069631189214 ], [ 18.270100818675402, 40.417051575657574 ], [ 18.270079705641194, 40.417042905453584 ], [ 18.270070855137991, 40.417025385640791 ], [ 18.270092880248921, 40.417018106013906 ], [ 18.270116844962125, 40.417019237849949 ], [ 18.270106815494071, 40.417002922303872 ], [ 18.2700881405821, 40.416991066718886 ], [ 18.270110658204413, 40.416985439400506 ], [ 18.270133193801403, 40.416990880916323 ], [ 18.270134057471761, 40.416972473599785 ], [ 18.27011798281314, 40.416958346738852 ], [ 18.270138719078489, 40.416949518400145 ], [ 18.270144200557649, 40.416931079409608 ], [ 18.270132258155375, 40.416914196559652 ], [ 18.270152764276496, 40.416905239632896 ], [ 18.270168835594315, 40.416891823813408 ], [ 18.270193347283865, 40.41689597543575 ], [ 18.270216913153458, 40.416897145564839 ], [ 18.270213546463452, 40.416878740940462 ], [ 18.270199222608813, 40.416864267293221 ], [ 18.270180827976141, 40.416852845119671 ], [ 18.270175092906452, 40.416834687688798 ], [ 18.270199345619677, 40.416833010241518 ], [ 18.270207879326595, 40.416815790810645 ], [ 18.270197066195379, 40.416797407885213 ], [ 18.270195898800992, 40.416778913967768 ], [ 18.270220543767195, 40.4167782792045 ], [ 18.270251167503773, 40.416761929424538 ], [ 18.270285046924172, 40.41673908362209 ], [ 18.270300776464428, 40.41672493890519 ], [ 18.270366451354111, 40.416673451856006 ], [ 18.270426979345334, 40.416598197479018 ], [ 18.270445319090385, 40.416552085780445 ], [ 18.270444453088672, 40.416584786944263 ], [ 18.270436750284283, 40.416608692924022 ], [ 18.270434962754063, 40.416630891242207 ], [ 18.270454146290419, 40.416645461427315 ], [ 18.270482538504385, 40.416608116896448 ], [ 18.270484225912906, 40.416565620103597 ], [ 18.270474364926855, 40.416536978526423 ], [ 18.270464802387018, 40.416500150330002 ], [ 18.270468067569062, 40.416488258973018 ], [ 18.270466459858255, 40.416466273884573 ], [ 18.270474339368747, 40.416426808168914 ], [ 18.270487989170682, 40.416397960186231 ], [ 18.270511396652484, 40.416369610477275 ], [ 18.270575284698115, 40.416301691480882 ], [ 18.27063142534702, 40.41625092461117 ], [ 18.270677882951251, 40.41620995210387 ], [ 18.270729510541898, 40.416173048348391 ], [ 18.270773803064301, 40.416124607437943 ], [ 18.270789854733334, 40.41610228437299 ], [ 18.270809312789147, 40.416072200058203 ], [ 18.270841211809493, 40.416035251503153 ], [ 18.270884005256995, 40.416006208601132 ], [ 18.270929744120643, 40.415978856605399 ], [ 18.270995012945072, 40.415928497548556 ], [ 18.271079284400066, 40.415880716615398 ], [ 18.271191872355768, 40.415817137310619 ], [ 18.271243568076141, 40.415791615984432 ], [ 18.271298672280903, 40.415775878544565 ], [ 18.271347199380699, 40.415767154518456 ], [ 18.271418885057006, 40.415750722192634 ], [ 18.271468439396209, 40.415742041073678 ], [ 18.271528890405534, 40.415726971692592 ], [ 18.271591246995854, 40.415701382410319 ], [ 18.271681169222283, 40.415652531291272 ], [ 18.271731050728718, 40.415629213763751 ], [ 18.271778004177552, 40.415590955833224 ], [ 18.271807627020557, 40.415543776733735 ], [ 18.27184176813925, 40.415495974257382 ], [ 18.271863556740332, 40.415475325913121 ], [ 18.27191095726268, 40.415439487098269 ], [ 18.271962043862306, 40.415410650197671 ], [ 18.272039898279687, 40.415358628030226 ], [ 18.272042293047878, 40.415366215958308 ], [ 18.272052679958904, 40.415378963527665 ], [ 18.272069701698257, 40.415381759766959 ], [ 18.272090985529037, 40.415373789229022 ], [ 18.272099168263708, 40.415359065479826 ], [ 18.272113201325933, 40.415346643846249 ], [ 18.272134201556856, 40.4153425452484 ], [ 18.27215297613213, 40.415342850975478 ], [ 18.272167820218826, 40.415340349855207 ], [ 18.272179135053619, 40.415330680241574 ], [ 18.272194649583383, 40.415297780217635 ], [ 18.272210010540789, 40.415294760068008 ], [ 18.272238206973974, 40.415293745049397 ], [ 18.272261340060901, 40.415276039787301 ], [ 18.272284629107276, 40.415245999805322 ], [ 18.272293141690845, 40.415219855093397 ], [ 18.272295729056076, 40.415193265794883 ], [ 18.272291341145472, 40.415173737297138 ], [ 18.272275049371469, 40.41515732015425 ], [ 18.27224796662496, 40.415148981599671 ], [ 18.27221463041742, 40.415149466729332 ], [ 18.272212326841576, 40.415133553946205 ], [ 18.272208191421857, 40.415094446534376 ], [ 18.272205126911341, 40.415056767881751 ], [ 18.272201040412117, 40.415020126943993 ], [ 18.272213626829956, 40.414928306385754 ], [ 18.272224921162298, 40.414897561457252 ], [ 18.272240187489398, 40.414873152856231 ], [ 18.272264157121995, 40.41484135528539 ], [ 18.272292115731702, 40.414804824208865 ], [ 18.272314521073813, 40.41477211622788 ], [ 18.272363480452011, 40.414697485849445 ], [ 18.272446013043915, 40.414587417201233 ], [ 18.272503510881819, 40.414520957182091 ], [ 18.272518357119964, 40.414501982536322 ], [ 18.272542415322125, 40.414478333545574 ], [ 18.272553787713381, 40.414453575890086 ], [ 18.272554765545543, 40.414419313369976 ], [ 18.272558372185554, 40.414361991032145 ], [ 18.272565164679406, 40.414313260970921 ], [ 18.272588881309009, 40.414204093157643 ], [ 18.272610270402037, 40.414171332854629 ], [ 18.272639145969368, 40.414124562012489 ], [ 18.272683659457844, 40.41407733004101 ], [ 18.27275656819743, 40.414005983865891 ], [ 18.272795169189862, 40.413970475103348 ], [ 18.272848796727434, 40.413927974570917 ], [ 18.272922853277962, 40.413878356175324 ], [ 18.272965054145676, 40.413844915981777 ], [ 18.273017650955989, 40.413806677772989 ], [ 18.273065688376072, 40.413765542466798 ], [ 18.273136408535745, 40.413694276092038 ], [ 18.27317927097522, 40.413648000409161 ], [ 18.273212764662603, 40.413606565672552 ], [ 18.273249100604602, 40.413528987183675 ], [ 18.273259134835776, 40.413500214328245 ], [ 18.273264096537964, 40.413472296766749 ], [ 18.273263246074748, 40.413444318755175 ], [ 18.27326519111012, 40.413426844497423 ], [ 18.273273969242634, 40.413397440736546 ], [ 18.273288834236471, 40.413362586489249 ], [ 18.273319000249845, 40.413313770394424 ], [ 18.273343881470584, 40.413265806599071 ], [ 18.273361936229797, 40.413231609504415 ], [ 18.273394453038467, 40.413176115780672 ], [ 18.27341575782188, 40.413136530573418 ], [ 18.273456274437432, 40.413056239576399 ], [ 18.273479236132228, 40.413032108085325 ], [ 18.273516341487831, 40.412991534626258 ], [ 18.273555775421741, 40.412936051964408 ], [ 18.273579608033184, 40.412900484164695 ], [ 18.273601582322321, 40.412850414056315 ], [ 18.273623833735996, 40.412815044179567 ], [ 18.273648782841033, 40.412771888022455 ], [ 18.273673491815831, 40.412729369141701 ], [ 18.273699594492495, 40.41269396214485 ], [ 18.273737400883324, 40.412633112472086 ], [ 18.273757638893311, 40.412601420369256 ], [ 18.273784775354088, 40.412567893491115 ], [ 18.273838049960531, 40.412504551791422 ], [ 18.273866220765967, 40.412481902800145 ], [ 18.273917447438706, 40.412434642196537 ], [ 18.27397997929215, 40.41238262976664 ], [ 18.274010778354995, 40.412359023573067 ], [ 18.27405025966064, 40.412327119183175 ], [ 18.274106647937376, 40.412266760414305 ], [ 18.274140360012741, 40.412238108867669 ], [ 18.274202837029549, 40.412199301829951 ], [ 18.274251908107097, 40.412171250626884 ], [ 18.274350205455331, 40.412117620626958 ], [ 18.274414661437842, 40.412087548001203 ], [ 18.274473685810538, 40.41205772840528 ], [ 18.274516410866035, 40.412024930291388 ], [ 18.274543310623898, 40.411986780459053 ], [ 18.274574021237342, 40.411956502593405 ], [ 18.274599272999431, 40.411922758758614 ], [ 18.274632139675301, 40.411882278102738 ], [ 18.274644018878096, 40.411879158202673 ], [ 18.274669390593036, 40.411871926944535 ], [ 18.274701697956711, 40.411854159240328 ], [ 18.274736766129507, 40.411829666238177 ], [ 18.27475778744536, 40.411809516474683 ], [ 18.274769004229313, 40.411789104291529 ], [ 18.274764178756776, 40.411781207052186 ], [ 18.27475618592938, 40.41176922947313 ], [ 18.274762516426961, 40.411749622334952 ], [ 18.27475909699595, 40.411737190840725 ], [ 18.274747265099471, 40.411725259063374 ], [ 18.274735777173401, 40.411714830673034 ], [ 18.274734899076158, 40.411703777216786 ], [ 18.274731526036526, 40.411687930832457 ], [ 18.274729559037247, 40.411667550193833 ], [ 18.274723896093754, 40.41164967915919 ], [ 18.274712119047773, 40.411624550873675 ], [ 18.27470716403996, 40.411590915895083 ], [ 18.274709371239904, 40.411552142126254 ], [ 18.274711865124225, 40.411518304957312 ], [ 18.274727803940152, 40.411486419344776 ], [ 18.27476177059463, 40.411443601726802 ], [ 18.274807786513467, 40.411394858249004 ], [ 18.274842794708455, 40.411346796144159 ], [ 18.274865098034144, 40.411291879824816 ], [ 18.274881882419745, 40.411239542813483 ], [ 18.274902502498222, 40.411183449290469 ], [ 18.274913050050447, 40.411132252842606 ], [ 18.274923414522803, 40.4110865106936 ], [ 18.274926892665277, 40.411021968479609 ], [ 18.274949832011401, 40.410948354024008 ], [ 18.274974073501625, 40.410880448974503 ], [ 18.27501109371002, 40.410778433128407 ], [ 18.275033613110132, 40.410726275734476 ], [ 18.275047073764792, 40.410690677495346 ], [ 18.27507845657912, 40.410639061362964 ], [ 18.275106775506451, 40.410602735566393 ], [ 18.275140349371071, 40.410555479622644 ], [ 18.275168802277875, 40.410522401463815 ], [ 18.275216478040818, 40.410466603476038 ], [ 18.27524840548616, 40.410432769274685 ], [ 18.27530704044262, 40.410373354984365 ], [ 18.275341224182597, 40.410342311927302 ], [ 18.275410191746328, 40.410297204581511 ], [ 18.275469159478707, 40.410259946487358 ], [ 18.275516200745521, 40.41022021647467 ], [ 18.275628506568168, 40.410124396626088 ], [ 18.275691068071367, 40.410071607865618 ], [ 18.275833697241737, 40.409954563459699 ], [ 18.275891935417587, 40.409913209741646 ], [ 18.27605725975739, 40.409784316916003 ], [ 18.276123950917093, 40.409743551945311 ], [ 18.276276512509323, 40.409652498080405 ], [ 18.276332019621321, 40.40962237202082 ], [ 18.276410473782246, 40.409588730833491 ], [ 18.276492378955982, 40.409537104208887 ], [ 18.276530697752921, 40.409513590268567 ], [ 18.276572130149997, 40.409484070525693 ], [ 18.276619011973391, 40.409443750146849 ], [ 18.2766511184401, 40.409420907778241 ], [ 18.276685981621089, 40.409392475038139 ], [ 18.27672075697334, 40.409366359524576 ], [ 18.276761355501204, 40.409341024509054 ], [ 18.276797375013093, 40.409315053811504 ], [ 18.276844407424619, 40.409292400393667 ], [ 18.276899778059668, 40.409258504091923 ], [ 18.27695228543001, 40.409224364755801 ], [ 18.27699959820244, 40.409195839900633 ], [ 18.277088581581932, 40.409144894700226 ], [ 18.277145506506578, 40.409119717789423 ], [ 18.277189289347405, 40.409096877224201 ], [ 18.27725260602454, 40.40907594123599 ], [ 18.277348481134279, 40.409036869387322 ], [ 18.27741160312808, 40.409006103422207 ], [ 18.277475531186983, 40.408974467911541 ], [ 18.277526312937365, 40.408934405783249 ], [ 18.27761080534184, 40.408858206491445 ], [ 18.277636754425476, 40.408813399894775 ], [ 18.277677613975552, 40.408751723764382 ], [ 18.277706122521629, 40.408700422678578 ], [ 18.277750263980053, 40.408631844254721 ], [ 18.277787010582973, 40.408587622877121 ], [ 18.277836822755305, 40.408537068200353 ], [ 18.27788220314849, 40.40849279091325 ], [ 18.277913543720345, 40.40844958757021 ], [ 18.277948737376629, 40.408416335451143 ], [ 18.277994390383363, 40.408364331565124 ], [ 18.278026792760674, 40.408324070297823 ], [ 18.278068911413364, 40.408279597293237 ], [ 18.278098926745027, 40.408256417579835 ], [ 18.27815866106631, 40.40821778535971 ], [ 18.278232695859085, 40.408180053206841 ], [ 18.278304412326992, 40.408132920673275 ], [ 18.278359266760649, 40.408100317299237 ], [ 18.278424284094893, 40.408060084898018 ], [ 18.278471609123862, 40.408022624366815 ], [ 18.278521093206784, 40.407959027875613 ], [ 18.278538825098195, 40.407928694062569 ], [ 18.278577267390482, 40.407860700422461 ], [ 18.278603270991248, 40.407820674671648 ], [ 18.27863750418458, 40.407785855408861 ], [ 18.278684070754299, 40.407745885414521 ], [ 18.278734054269641, 40.407705917479291 ], [ 18.278843226872521, 40.407614173513451 ], [ 18.278868553782754, 40.407593450450378 ], [ 18.278917978282998, 40.407549256108709 ], [ 18.278972559446714, 40.407495764455248 ], [ 18.279010034783148, 40.407452990115509 ], [ 18.279051839812645, 40.407415181680776 ], [ 18.279113108214226, 40.407370804125968 ], [ 18.279176488722158, 40.407326006303144 ], [ 18.279239902160203, 40.40728043292728 ], [ 18.279366126585561, 40.407192896886848 ], [ 18.279477600972349, 40.40711946082876 ], [ 18.279559188767852, 40.407061653413798 ], [ 18.279605568988377, 40.407033388164869 ], [ 18.279659543440935, 40.407001376598267 ], [ 18.279716633290743, 40.406969708869447 ], [ 18.279841553275773, 40.406907725590507 ], [ 18.279896932633431, 40.406873836635107 ], [ 18.280019939336817, 40.40679794697499 ], [ 18.280079920376018, 40.406761288264939 ], [ 18.280154957362363, 40.406714654751504 ], [ 18.280209638888969, 40.406684838521087 ], [ 18.28033729792045, 40.406616201969406 ], [ 18.280382703694535, 40.406588990861877 ], [ 18.280453687240506, 40.406540418732114 ], [ 18.280551696434994, 40.406467066864614 ], [ 18.280602332243742, 40.406437167210761 ], [ 18.280668265857546, 40.406403725680278 ], [ 18.280730630356253, 40.40638121164973 ], [ 18.280825174843866, 40.406339851002109 ], [ 18.280881337301352, 40.406312154021208 ], [ 18.28094565391919, 40.406275993182007 ], [ 18.281096083188615, 40.406203898870018 ], [ 18.281162036954193, 40.406163368146821 ], [ 18.281260988241606, 40.406103120820156 ], [ 18.281416598040316, 40.4060147297537 ], [ 18.281510962455744, 40.405962898773772 ], [ 18.281620978867103, 40.405903426593504 ], [ 18.281739060215138, 40.405835357856851 ], [ 18.281877398383173, 40.405765668637031 ], [ 18.281972277521088, 40.405710868433815 ], [ 18.282066384121322, 40.405664898743481 ], [ 18.282165362355972, 40.4056229246576 ], [ 18.282330204896574, 40.405538124918593 ], [ 18.282433045260806, 40.405492717347769 ], [ 18.282487308962835, 40.405457742032148 ], [ 18.282532055145762, 40.405431053216681 ], [ 18.282578396466061, 40.40541051571919 ], [ 18.282619921713597, 40.405399968502572 ], [ 18.282720873674407, 40.405362738468817 ], [ 18.282774854329048, 40.405339633001873 ], [ 18.282846146869748, 40.405303047680384 ], [ 18.282907040609903, 40.405264380088724 ], [ 18.282998643052579, 40.405207888843151 ], [ 18.283037486626466, 40.405189446695374 ], [ 18.283090817887356, 40.405164864414488 ], [ 18.283165878258092, 40.405137926148505 ], [ 18.283277115752949, 40.405095863845453 ], [ 18.283354367598356, 40.405067476117964 ], [ 18.283424529233198, 40.405042532338371 ], [ 18.283631756774497, 40.404964929192559 ], [ 18.283698114582535, 40.404938814424305 ], [ 18.283768540476853, 40.404903081802999 ], [ 18.283853602148284, 40.404859655547014 ], [ 18.283926587425409, 40.404821075974738 ], [ 18.283994463482028, 40.40478573095109 ], [ 18.284137157094605, 40.404717023056598 ], [ 18.284184934048955, 40.404700344039377 ], [ 18.284257425332026, 40.404674865164992 ], [ 18.284328996641595, 40.404659779214171 ], [ 18.2844846533661, 40.40462504515498 ], [ 18.284596294260794, 40.404602929156184 ], [ 18.284747805930309, 40.404583498056823 ], [ 18.284831838427934, 40.404575839275282 ], [ 18.284886032547266, 40.404569011025927 ], [ 18.284927079981109, 40.404561737030811 ], [ 18.284963764560811, 40.404548579578901 ], [ 18.284996789653956, 40.404527771353912 ], [ 18.285023211092799, 40.404504665063122 ], [ 18.285095389077952, 40.404450003591144 ], [ 18.285188940639319, 40.404373343045926 ], [ 18.285293063136123, 40.404288753007016 ], [ 18.285361062090516, 40.404218196176956 ], [ 18.285378305068125, 40.404184434657083 ], [ 18.285383967883039, 40.404153605484652 ], [ 18.285382989739603, 40.404105429001234 ], [ 18.285384694119148, 40.404004405469415 ], [ 18.285385026734922, 40.403971782444394 ], [ 18.285399275356546, 40.403943068831147 ], [ 18.285424688280752, 40.403914983365425 ], [ 18.28547715628719, 40.403881417767508 ], [ 18.28556416512815, 40.403809059133337 ], [ 18.285598041156419, 40.403778634309994 ], [ 18.285637066984698, 40.403729112711083 ], [ 18.285665576233693, 40.403677989829404 ], [ 18.285706178310882, 40.403587271373986 ], [ 18.285718175978104, 40.403537248657308 ], [ 18.285731333899076, 40.403501864984143 ], [ 18.285746377835, 40.403470615811976 ], [ 18.28577786651789, 40.403426730661486 ], [ 18.285862846212602, 40.403338118246509 ], [ 18.285898593833682, 40.403309360389251 ], [ 18.285954848441644, 40.403259447624585 ], [ 18.286041451587032, 40.403194512763484 ], [ 18.286086003984614, 40.403164144330539 ], [ 18.286153663110447, 40.403118833720363 ], [ 18.286254036012988, 40.403068124951318 ], [ 18.286305030366883, 40.403033835335798 ], [ 18.286359023398592, 40.402995317257883 ], [ 18.286406067289516, 40.402959987130785 ], [ 18.28650074759399, 40.402871251360068 ], [ 18.286552889428073, 40.402818672237203 ], [ 18.286617321150672, 40.402751611743589 ], [ 18.286685843474352, 40.402676860110859 ], [ 18.286720427770788, 40.402647936957464 ], [ 18.286755714100533, 40.402621092397411 ], [ 18.286789429247037, 40.402598516717973 ], [ 18.286838843076318, 40.402562992883531 ], [ 18.286883703948902, 40.402524941590869 ], [ 18.28691285075007, 40.402501216914118 ], [ 18.286952094291198, 40.402468540376461 ], [ 18.286987207680752, 40.402439115721648 ], [ 18.287028380438493, 40.402407347982916 ], [ 18.287090925184799, 40.402346555610826 ], [ 18.287119276993849, 40.40231739539697 ], [ 18.287153511383789, 40.402284681211917 ], [ 18.287187137032841, 40.402257370397642 ], [ 18.287221146010975, 40.402231399681725 ], [ 18.28729615631396, 40.402179340275779 ], [ 18.28734838442568, 40.402145249270816 ], [ 18.287395832897946, 40.402103008037614 ], [ 18.287438940488151, 40.402061142524367 ], [ 18.287492356007728, 40.402017326361459 ], [ 18.287523465463998, 40.401992059552853 ], [ 18.287583074562672, 40.401948175145463 ], [ 18.287642154103299, 40.401900676047504 ], [ 18.287715837373316, 40.401857426752024 ], [ 18.287773507046676, 40.401825009045574 ], [ 18.287826840491139, 40.401795723007211 ], [ 18.287885253328319, 40.401778082235147 ], [ 18.287935553878974, 40.401755466438161 ], [ 18.288004893706479, 40.401722221041403 ], [ 18.288050670670909, 40.401687763952197 ], [ 18.288086660340685, 40.401653369300632 ], [ 18.288129324256801, 40.401622243242478 ], [ 18.288154084100789, 40.401605461278621 ], [ 18.288202802799709, 40.401573352216445 ], [ 18.288256434605042, 40.401543427013927 ], [ 18.288326698046497, 40.401511010776865 ], [ 18.288362246747489, 40.401495623898533 ], [ 18.288406578512017, 40.401466332673948 ], [ 18.288450820958179, 40.401432306408211 ], [ 18.288497382230375, 40.401389531569151 ], [ 18.288570632796286, 40.401330892458652 ], [ 18.288603023787342, 40.401311632427799 ], [ 18.288653805716699, 40.401282706876131 ], [ 18.288693214768749, 40.401263616278833 ], [ 18.288751330584105, 40.401241101855163 ], [ 18.288795221778294, 40.401212930862307 ], [ 18.288844465871566, 40.401185814344515 ], [ 18.288912449494095, 40.40114458198429 ], [ 18.288967355039354, 40.401101398232036 ], [ 18.289035648750634, 40.401055410396815 ], [ 18.289082430965049, 40.401029273567069 ], [ 18.289141429202139, 40.400990782811903 ], [ 18.289187164961476, 40.40096565747875 ], [ 18.28925641117203, 40.400933179583369 ], [ 18.289303988206868, 40.400912478140235 ], [ 18.289373949343066, 40.400886212508361 ], [ 18.289443646422633, 40.400866376189519 ], [ 18.289524933672379, 40.40084648895575 ], [ 18.289569516821086, 40.400832771863335 ], [ 18.289634434033108, 40.400804785322357 ], [ 18.289694334566175, 40.400775392459686 ], [ 18.289805858175193, 40.400724200941553 ], [ 18.289890739077901, 40.400690547811273 ], [ 18.289954334906302, 40.40065213285007 ], [ 18.29002262778695, 40.40061026056194 ], [ 18.290108381156386, 40.400568890631746 ], [ 18.290162141436333, 40.400538492544143 ], [ 18.290221432707185, 40.400510386722445 ], [ 18.290309080182503, 40.400486129613533 ], [ 18.290396239831114, 40.400461291887837 ], [ 18.290462389740838, 40.400443141201649 ], [ 18.290544852277794, 40.400417653584618 ], [ 18.290678489028906, 40.400360445207887 ], [ 18.290737031865838, 40.400332702704453 ], [ 18.290794658024996, 40.400305490668039 ], [ 18.290878972065549, 40.40026240485733 ], [ 18.290945933974783, 40.40023457549384 ], [ 18.290964339051751, 40.400225284798466 ], [ 18.290972103708139, 40.400221364482903 ], [ 18.290999652609489, 40.400208411394132 ], [ 18.291028159340158, 40.400195773265438 ], [ 18.291057215203583, 40.400183524788538 ], [ 18.291086422391473, 40.400171722331663 ], [ 18.291143606268648, 40.40014970162337 ], [ 18.291160273616395, 40.40014360221376 ], [ 18.289091628769171, 40.398465326351278 ], [ 18.285435417785621, 40.397583238656757 ], [ 18.282841833583319, 40.397323210599971 ], [ 18.279594449317301, 40.397011733621433 ], [ 18.27722077374538, 40.396883924969174 ], [ 18.271975977026678, 40.395168036343541 ], [ 18.270692871055182, 40.394511138834567 ], [ 18.269223614856738, 40.394528814382646 ], [ 18.267932458059729, 40.394350212346311 ], [ 18.265761992988189, 40.394100799968882 ], [ 18.262392836797368, 40.393646249525283 ], [ 18.259253171100042, 40.393700603046533 ], [ 18.256268306604564, 40.394389794221091 ], [ 18.253669129000986, 40.395899872198491 ], [ 18.250762265515373, 40.398212528747891 ], [ 18.249991935381935, 40.397629282154426 ], [ 18.248420080064662, 40.396841573415152 ], [ 18.248381936684936, 40.39604866824908 ], [ 18.247393664077563, 40.395146709904765 ], [ 18.246447180044907, 40.39480405121855 ], [ 18.245597204504548, 40.394260296346609 ], [ 18.243977971043964, 40.393873058229104 ], [ 18.242159637009976, 40.393427832949698 ], [ 18.242111745298711, 40.393414924667283 ], [ 18.237230199858921, 40.397425171395327 ], [ 18.226913611513169, 40.405341433964871 ], [ 18.220423780643642, 40.413614781376566 ], [ 18.219467711748486, 40.413815296712777 ] ] ] ] } },
{ "type": "Feature", "properties": { "fid": 8.0, "ogc_fid": 8.0, "district": "Contesto dell'Entroterra Costiero", "_mean": 0.62261952994882597, "_stdev": 2.7538266331289809, "_min": -11.961191177368164, "_max": 9.1519184112548828 }, "geometry": { "type": "MultiPolygon", "coordinates": [ [ [ [ 18.129825588724014, 40.460093375073832 ], [ 18.129825595689422, 40.460093381626116 ], [ 18.130010171162372, 40.460298751742059 ], [ 18.130656150906141, 40.460006731576534 ], [ 18.131495832510613, 40.459450882809008 ], [ 18.136688059991378, 40.458285804936018 ], [ 18.143703643447523, 40.456607487758589 ], [ 18.1492217739947, 40.451956764557089 ], [ 18.153316570999632, 40.448463313647871 ], [ 18.157369868620204, 40.446769185119301 ], [ 18.160111005519614, 40.445713477306285 ], [ 18.164530788781338, 40.444344346634487 ], [ 18.170649424129664, 40.443208769166866 ], [ 18.176667828075981, 40.442637033134766 ], [ 18.179051980657039, 40.441789818275439 ], [ 18.183412569257829, 40.439840704541474 ], [ 18.184356780243395, 40.438475848307995 ], [ 18.185892779943881, 40.4374428206118 ], [ 18.190359615065141, 40.433321946669658 ], [ 18.194274794196119, 40.43134695261783 ], [ 18.195891124729766, 40.430735169346534 ], [ 18.200215326234986, 40.428405980800584 ], [ 18.204101525124809, 40.426367921068731 ], [ 18.209229667758787, 40.424289764697946 ], [ 18.210228747415503, 40.423686449213932 ], [ 18.211726371708188, 40.422868146146556 ], [ 18.214283929534513, 40.4188550244466 ], [ 18.213909432707542, 40.417659039825686 ], [ 18.213544390183262, 40.41705310411065 ], [ 18.213737459123937, 40.416479900746594 ], [ 18.216181743851777, 40.41488662053812 ], [ 18.217048740017443, 40.414391536519652 ], [ 18.218572678329569, 40.4140030029846 ], [ 18.220423780643642, 40.413614781376566 ], [ 18.226913611513169, 40.405341433964871 ], [ 18.237230199858921, 40.397425171395327 ], [ 18.242168744718597, 40.393368095070628 ], [ 18.252107202912882, 40.384603886021168 ], [ 18.260657833801218, 40.377829678083394 ], [ 18.261835288420414, 40.376260967631801 ], [ 18.275281482553112, 40.369816869841515 ], [ 18.274538125657074, 40.364493538948466 ], [ 18.274946813416175, 40.36246509421418 ], [ 18.276661741477312, 40.360647294301039 ], [ 18.278170868405343, 40.359403503035161 ], [ 18.279155300262072, 40.358542240010031 ], [ 18.279748013423035, 40.358338106184235 ], [ 18.283932454287299, 40.354218313102315 ], [ 18.284675652842687, 40.353152719389364 ], [ 18.286542149182441, 40.351123227675032 ], [ 18.29008910033366, 40.348232399997734 ], [ 18.293620128901988, 40.345833367384465 ], [ 18.293417834314543, 40.345848962279668 ], [ 18.293289697242059, 40.34585585357361 ], [ 18.293218951994152, 40.345855409378075 ], [ 18.292995278858484, 40.34573443328528 ], [ 18.292830576727756, 40.34561939589674 ], [ 18.292588013232276, 40.345467253300995 ], [ 18.292264188537338, 40.345290799707477 ], [ 18.292211271223337, 40.345145786155094 ], [ 18.292208135050991, 40.345116709582641 ], [ 18.292214902120957, 40.345092976495579 ], [ 18.292271946505497, 40.345073337379915 ], [ 18.292455698974241, 40.345051335951922 ], [ 18.292636286116707, 40.345064668182353 ], [ 18.29274392647876, 40.345080192528336 ], [ 18.29284396460482, 40.345020072468216 ], [ 18.293068402102076, 40.344842374889559 ], [ 18.293257863236565, 40.344689046559225 ], [ 18.293420348416888, 40.344580544694431 ], [ 18.29400155421596, 40.344229602946108 ], [ 18.294370794613329, 40.34401295951794 ], [ 18.294903956024914, 40.343736524052304 ], [ 18.295071645100482, 40.343658882026148 ], [ 18.295189634936843, 40.343776759826085 ], [ 18.295321885499092, 40.343834290302262 ], [ 18.295646818362663, 40.343871308579907 ], [ 18.296054122058663, 40.343901951901046 ], [ 18.295892558483651, 40.343540795122138 ], [ 18.2963885874649, 40.343343472511236 ], [ 18.296549335801, 40.343252155860057 ], [ 18.296600941031645, 40.343219802655895 ], [ 18.29686913588213, 40.34307777733153 ], [ 18.296969507401336, 40.342993235724222 ], [ 18.297117166393171, 40.342905092923409 ], [ 18.297331554014551, 40.342786308450727 ], [ 18.297398059553405, 40.342732875204213 ], [ 18.297489517863561, 40.342696601135877 ], [ 18.297509491666595, 40.342651169871154 ], [ 18.297513729099407, 40.342584470445978 ], [ 18.297489527233616, 40.34229602928562 ], [ 18.297454475050628, 40.342000629254265 ], [ 18.297423720882151, 40.34180016103474 ], [ 18.297416471187418, 40.341754784358343 ], [ 18.297386739570801, 40.341606249151603 ], [ 18.297366680076021, 40.341569452271983 ], [ 18.297340055222588, 40.341548215611446 ], [ 18.297307984749988, 40.341537692158624 ], [ 18.297279000877456, 40.341534709399539 ], [ 18.297245536269564, 40.341535671596233 ], [ 18.296896160898847, 40.341615739638769 ], [ 18.296595884100874, 40.341691091265744 ], [ 18.296470989261884, 40.341734686416423 ], [ 18.295948330726752, 40.341948359752692 ], [ 18.295722318483893, 40.342033661589582 ], [ 18.295459704361431, 40.342130013538693 ], [ 18.295293524476318, 40.34218925712608 ], [ 18.295188932126976, 40.342224381880591 ], [ 18.294696920203894, 40.342378416795817 ], [ 18.294457412930971, 40.342451824677802 ], [ 18.294371919911903, 40.342477002780299 ], [ 18.294293180268923, 40.342493366926902 ], [ 18.293935019978072, 40.342550761356982 ], [ 18.29393041333034, 40.342591578364434 ], [ 18.293921724291906, 40.342725510934926 ], [ 18.293952393914825, 40.343303394197605 ], [ 18.293316221481774, 40.343188606150122 ], [ 18.292041991498099, 40.3429665073972 ], [ 18.291943752345617, 40.343037958336424 ], [ 18.291550158646022, 40.343275778377446 ], [ 18.291327439335003, 40.343435788683259 ], [ 18.29122366039687, 40.343535860239307 ], [ 18.291137997903377, 40.343691645360266 ], [ 18.291103924829986, 40.343822680065777 ], [ 18.291088798494439, 40.343986761580197 ], [ 18.290987385608346, 40.343948460125738 ], [ 18.290946957716635, 40.343934073040685 ], [ 18.29094347182561, 40.343932830310145 ], [ 18.290336426009361, 40.343705678928082 ], [ 18.29010275524724, 40.343636643196959 ], [ 18.28978852018524, 40.343637790871767 ], [ 18.289448272159166, 40.343650054160364 ], [ 18.289376464531735, 40.343711278845575 ], [ 18.289079997059154, 40.344003628738875 ], [ 18.288845900192005, 40.344238244834344 ], [ 18.288737599970077, 40.344344495490795 ], [ 18.28859755999018, 40.34446635582097 ], [ 18.288537256814426, 40.344447014198252 ], [ 18.288418486491167, 40.344518787146384 ], [ 18.288319757256886, 40.344564493033332 ], [ 18.288233488613976, 40.34459193140782 ], [ 18.288146523760403, 40.344605048837821 ], [ 18.288053040676939, 40.344608786431806 ], [ 18.28795109815481, 40.344607524500411 ], [ 18.287821230214099, 40.344607154400329 ], [ 18.287722577414957, 40.34461302934772 ], [ 18.287636365230991, 40.344619353632332 ], [ 18.287457562306109, 40.344643854563706 ], [ 18.287248655770735, 40.344666140366911 ], [ 18.287034413113169, 40.34469227761236 ], [ 18.286859547554151, 40.344708910712768 ], [ 18.286731906908148, 40.344716591192203 ], [ 18.286557699424723, 40.344726711181323 ], [ 18.286425135686812, 40.344730946634868 ], [ 18.286319233824063, 40.344733964247936 ], [ 18.286129715446851, 40.344732774151268 ], [ 18.285973744288622, 40.344731315988291 ], [ 18.285872672580901, 40.344722297779143 ], [ 18.285802607604342, 40.344708402265027 ], [ 18.285677191581684, 40.344674884048736 ], [ 18.285392115541185, 40.344592500525906 ], [ 18.284779238607143, 40.344411312389163 ], [ 18.284328496033027, 40.344281428615361 ], [ 18.284205444786323, 40.344254157160506 ], [ 18.283530851576963, 40.344044188730322 ], [ 18.283114599067432, 40.34392027507343 ], [ 18.282746632595078, 40.343809679986087 ], [ 18.282430093812788, 40.343713114493539 ], [ 18.282288482508395, 40.343671072806394 ], [ 18.282158726235984, 40.343658849121638 ], [ 18.28208187806856, 40.34365800399376 ], [ 18.281815236491799, 40.343705316142284 ], [ 18.281426611156306, 40.34377576849365 ], [ 18.281226496385486, 40.343857957660347 ], [ 18.281221555183372, 40.343859955196692 ], [ 18.281127375799723, 40.343818699693784 ], [ 18.278803500954158, 40.342988068937743 ], [ 18.278552243069463, 40.344142283239144 ], [ 18.278009479227869, 40.344025134627074 ], [ 18.277996147339728, 40.344022079447846 ], [ 18.277959938016302, 40.34401380263968 ], [ 18.275813451103737, 40.343522877447732 ], [ 18.275564442763592, 40.344527924198388 ], [ 18.27476972762614, 40.344298655503806 ], [ 18.273250000572467, 40.343807011728998 ], [ 18.273185369499426, 40.343783807190974 ], [ 18.273355460526798, 40.343644734056426 ], [ 18.273530285550489, 40.343450546850441 ], [ 18.27363464827387, 40.343306728060689 ], [ 18.273652227063067, 40.343272717262948 ], [ 18.273625682651659, 40.34325446485375 ], [ 18.273570852727481, 40.343218466894228 ], [ 18.272979520678248, 40.342906736869381 ], [ 18.272658057270984, 40.342803728624339 ], [ 18.271787815094953, 40.342613180308959 ], [ 18.271540101780037, 40.342576795736477 ], [ 18.271323354715008, 40.342496131600285 ], [ 18.270758785052294, 40.34241568345324 ], [ 18.269915111842529, 40.342199392712615 ], [ 18.269423714986644, 40.342086461746135 ], [ 18.269089874025582, 40.342014944838596 ], [ 18.268406654734541, 40.341885760641816 ], [ 18.268305081962442, 40.341863218200913 ], [ 18.268627844574414, 40.341430084026157 ], [ 18.268864937348404, 40.341080740783553 ], [ 18.269133895948102, 40.340662317049237 ], [ 18.26931050994477, 40.340417014736516 ], [ 18.269553479785518, 40.340523882119335 ], [ 18.269752566032054, 40.34000437747639 ], [ 18.270046222633571, 40.340019893846751 ], [ 18.270207928524016, 40.339628933229996 ], [ 18.270262161675461, 40.339382141121668 ], [ 18.270011558350276, 40.339343512933922 ], [ 18.269728234691492, 40.339299699864306 ], [ 18.269426035162567, 40.339256740843048 ], [ 18.269115400989161, 40.339207977853064 ], [ 18.26903330717321, 40.339186403448217 ], [ 18.268991231359195, 40.33916455246495 ], [ 18.268966971939506, 40.339137695777524 ], [ 18.268956488596086, 40.339114394352073 ], [ 18.268954227305365, 40.33909609510858 ], [ 18.268959107626394, 40.339028279371178 ], [ 18.268985250351484, 40.338855766016358 ], [ 18.268991700822848, 40.338771677264475 ], [ 18.268992861966147, 40.338543521852252 ], [ 18.268998884105866, 40.338338700828999 ], [ 18.269003948025073, 40.338071950405642 ], [ 18.269026372613098, 40.337710327544791 ], [ 18.269039988356756, 40.337502913848738 ], [ 18.269051946961842, 40.337369610585718 ], [ 18.269085088332783, 40.337263521251813 ], [ 18.269132764955991, 40.337147185157662 ], [ 18.269238412098478, 40.337086501615168 ], [ 18.269390495807279, 40.337098486561288 ], [ 18.269446448815998, 40.337098688526638 ], [ 18.269651954996561, 40.337099426873003 ], [ 18.269942645643528, 40.337096649948244 ], [ 18.270079742232571, 40.33709613324514 ], [ 18.270126119660979, 40.337095957382196 ], [ 18.270141490819871, 40.33699312498171 ], [ 18.27016507325288, 40.336924349365574 ], [ 18.270198027379088, 40.336852903672629 ], [ 18.270228961994334, 40.336790864264707 ], [ 18.270242315907598, 40.336726224057323 ], [ 18.270248418717017, 40.336635461970609 ], [ 18.270252984678592, 40.336535062787988 ], [ 18.270265244549456, 40.336402685799406 ], [ 18.270291958641284, 40.336232090648934 ], [ 18.270333309924975, 40.336045086803871 ], [ 18.270366318355578, 40.335941169732834 ], [ 18.270378140705485, 40.335908015863097 ], [ 18.271746269868157, 40.336085673600543 ], [ 18.27177139144187, 40.335956707978141 ], [ 18.271954041079436, 40.336001149513095 ], [ 18.272139270083173, 40.336023912021169 ], [ 18.272365298177686, 40.335948930867829 ], [ 18.272440465339447, 40.33584067947627 ], [ 18.272446856725519, 40.335717736568888 ], [ 18.272434068392258, 40.335632670345902 ], [ 18.272428878816537, 40.335611516061789 ], [ 18.27131530495743, 40.335201931044203 ], [ 18.271582335737023, 40.334492277515821 ], [ 18.271533876990841, 40.334480283336106 ], [ 18.271837850120882, 40.334078272358369 ], [ 18.271987645891947, 40.333842354008915 ], [ 18.27202129113801, 40.33378940637531 ], [ 18.272183364854783, 40.333546260647836 ], [ 18.272369498898001, 40.333234285475903 ], [ 18.275619579438988, 40.334367046949112 ], [ 18.275802182135962, 40.333973124730782 ], [ 18.275906367252183, 40.333758084435757 ], [ 18.276214812569982, 40.333792453419399 ], [ 18.277021962635285, 40.333966565077787 ], [ 18.277811281243409, 40.334182615666869 ], [ 18.278124137377318, 40.334270075963289 ], [ 18.278826562786968, 40.33445361820236 ], [ 18.278886609951588, 40.334459418790701 ], [ 18.279004610350686, 40.334335509746033 ], [ 18.279089069197781, 40.334226412214768 ], [ 18.279207238673056, 40.334050098023319 ], [ 18.279341474389394, 40.333847487044743 ], [ 18.27948220172388, 40.333628028967162 ], [ 18.279550331820495, 40.333531013403501 ], [ 18.279600897448166, 40.333471793765298 ], [ 18.27969318236843, 40.333371903865135 ], [ 18.279705138035965, 40.333352433935069 ], [ 18.279708970190846, 40.33334068108735 ], [ 18.279710543154255, 40.333324568191244 ], [ 18.279711213889961, 40.333301932911965 ], [ 18.27971056136705, 40.333282883897056 ], [ 18.279704392337973, 40.333259289877034 ], [ 18.279676272978641, 40.333200426522801 ], [ 18.279604827703789, 40.333079528650529 ], [ 18.279562598855293, 40.333011959789609 ], [ 18.279504739821075, 40.33292713603435 ], [ 18.279348243078744, 40.332646674183444 ], [ 18.279241679714065, 40.332478613007609 ], [ 18.279224572103939, 40.332460983900717 ], [ 18.279204713114776, 40.332448703692442 ], [ 18.279154121223556, 40.332427901485183 ], [ 18.278732584874383, 40.332284548978649 ], [ 18.278342513966429, 40.332153632349822 ], [ 18.278019258202651, 40.332043950371578 ], [ 18.27787713327454, 40.332001133880041 ], [ 18.277804473407802, 40.33198394556581 ], [ 18.277553450907117, 40.331939962877151 ], [ 18.277250603059368, 40.331897071243532 ], [ 18.276811376605032, 40.331834048461829 ], [ 18.276348715913137, 40.331769220579304 ], [ 18.27603484792121, 40.331732337751262 ], [ 18.275791523034275, 40.331706804209141 ], [ 18.275558142734432, 40.331680530697973 ], [ 18.275451046514739, 40.331661867199088 ], [ 18.275257961832096, 40.331610501546905 ], [ 18.274922487199589, 40.331493510295815 ], [ 18.274395191814065, 40.331300627224486 ], [ 18.273823485834395, 40.331105854767941 ], [ 18.273781489779878, 40.331092874989281 ], [ 18.273608700120672, 40.331053723105413 ], [ 18.273559840236217, 40.331048719642986 ], [ 18.273421982347546, 40.331045893346257 ], [ 18.273365907011275, 40.331042571334912 ], [ 18.273317517811527, 40.331039707079569 ], [ 18.27328769244361, 40.331037948980537 ], [ 18.27310759850559, 40.331018393261509 ], [ 18.272554154430527, 40.330947597435269 ], [ 18.272136361067968, 40.330901972462421 ], [ 18.271812534777737, 40.330862443628718 ], [ 18.271769366467584, 40.330859286781902 ], [ 18.271562327344661, 40.330851714147961 ], [ 18.271396626954743, 40.330845044179945 ], [ 18.271389739694541, 40.330795764369064 ], [ 18.271434828031072, 40.330791166116391 ], [ 18.271457781467713, 40.330782482127312 ], [ 18.271776745097981, 40.330497224625972 ], [ 18.271834912303976, 40.330437151799316 ], [ 18.27186385500141, 40.330407268879227 ], [ 18.271986512819925, 40.330236570372954 ], [ 18.271647305000673, 40.330075399113127 ], [ 18.271556496495123, 40.330032501629923 ], [ 18.27138400763857, 40.329946168803879 ], [ 18.270126162431847, 40.329381015481893 ], [ 18.269268013841355, 40.329005130996762 ], [ 18.268574743782679, 40.328677596230769 ], [ 18.26852378459159, 40.328737767986212 ], [ 18.268480072331414, 40.328726728037005 ], [ 18.267786839358926, 40.328570060689138 ], [ 18.267332206198706, 40.328513940087362 ], [ 18.267010277717613, 40.328462723240158 ], [ 18.266539570076926, 40.328525211762354 ], [ 18.26646479399118, 40.328564017839682 ], [ 18.265017546202778, 40.328570985419887 ], [ 18.264989100943488, 40.328491881802101 ], [ 18.264943746785772, 40.328473382352222 ], [ 18.264249165889193, 40.328232619903041 ], [ 18.263707100709539, 40.328080066260519 ], [ 18.263368590294341, 40.327992577405148 ], [ 18.262951096801878, 40.327853708814501 ], [ 18.262098633623808, 40.327540603927638 ], [ 18.262027665570198, 40.327614307656972 ], [ 18.261922937064728, 40.327755334391426 ], [ 18.261641971438635, 40.328107343256328 ], [ 18.260913553428566, 40.32911891792952 ], [ 18.259874720221809, 40.33034704389263 ], [ 18.259558740529425, 40.330758198542455 ], [ 18.255807148782306, 40.329767071484511 ], [ 18.255406316445765, 40.329652763307202 ], [ 18.255421425596502, 40.329818709601973 ], [ 18.255432736453596, 40.329864533322031 ], [ 18.255464384612576, 40.330143689805801 ], [ 18.25548542916907, 40.330356538946106 ], [ 18.255525405480491, 40.330720051805578 ], [ 18.255545296681223, 40.330868202591837 ], [ 18.255561630639775, 40.331041537820525 ], [ 18.25555492955792, 40.331071537667349 ], [ 18.256023571512461, 40.335151056494055 ], [ 18.256016518569716, 40.335218507949229 ], [ 18.255999503995849, 40.335266055647075 ], [ 18.255959564223765, 40.335316392975493 ], [ 18.255906559606668, 40.335401899283937 ], [ 18.255856011820423, 40.335497667254891 ], [ 18.255819175155203, 40.335556680811436 ], [ 18.255793868591766, 40.335593833981484 ], [ 18.255732129370553, 40.335658331843995 ], [ 18.255711760902141, 40.335696111446019 ], [ 18.25568092855584, 40.335779382491097 ], [ 18.255609581867766, 40.336055717634004 ], [ 18.255583761249905, 40.336094668608538 ], [ 18.255563010037978, 40.336125964994586 ], [ 18.255518082111372, 40.336193735959554 ], [ 18.255447371347721, 40.336297529545739 ], [ 18.255380556546616, 40.336391837146252 ], [ 18.255316794930302, 40.336476412304151 ], [ 18.255280749191265, 40.33651523696426 ], [ 18.255183367232956, 40.336606071480482 ], [ 18.255168247451689, 40.336648055258131 ], [ 18.255224271798468, 40.33666750806475 ], [ 18.255227201997766, 40.336668524356895 ], [ 18.255308604525649, 40.336672017089441 ], [ 18.255480540636917, 40.336684478913497 ], [ 18.255606317642322, 40.336690152840532 ], [ 18.25570430619576, 40.336690457892992 ], [ 18.255875358267819, 40.336673293328687 ], [ 18.2560419561669, 40.336660182834429 ], [ 18.256171026507335, 40.336654558761957 ], [ 18.256299414873251, 40.336659221626618 ], [ 18.256438192435557, 40.33667461599682 ], [ 18.256580686693095, 40.336697975628233 ], [ 18.2566306443561, 40.336706161770614 ], [ 18.256766032196197, 40.336725172976891 ], [ 18.256879741292842, 40.336734192151305 ], [ 18.257002700372666, 40.336735359468832 ], [ 18.257155445468268, 40.336729402017745 ], [ 18.257301490002341, 40.336731638582037 ], [ 18.257493578067134, 40.336740946134377 ], [ 18.257790916360982, 40.336754214068606 ], [ 18.258051122365806, 40.33676092642159 ], [ 18.258214616631076, 40.336753763788288 ], [ 18.258315986649226, 40.336741918243099 ], [ 18.258466051842063, 40.336705195021672 ], [ 18.258646034285466, 40.336661097897256 ], [ 18.258870216374245, 40.336589212401762 ], [ 18.258991237292001, 40.336543057806516 ], [ 18.259103806516652, 40.336489754017194 ], [ 18.259251474960504, 40.336406225513585 ], [ 18.259363269645014, 40.336332013104418 ], [ 18.259466999141999, 40.336260142915883 ], [ 18.259600654233182, 40.33616158226441 ], [ 18.259698221822923, 40.336093991039704 ], [ 18.259714846688833, 40.3361332010045 ], [ 18.259799506411632, 40.336251467182386 ], [ 18.259860292490526, 40.336415864605904 ], [ 18.259919379268403, 40.336569609745332 ], [ 18.259976208432693, 40.336748313591414 ], [ 18.259995776320572, 40.336821239737908 ], [ 18.260038915875601, 40.336934687549665 ], [ 18.260076296438108, 40.337046595524697 ], [ 18.260114963418918, 40.337191551300727 ], [ 18.260150264536083, 40.337288827677149 ], [ 18.260174774173795, 40.337349545120929 ], [ 18.260183232980051, 40.337386838168428 ], [ 18.260184530880046, 40.337401805226328 ], [ 18.260183620473175, 40.337414422546473 ], [ 18.260181659373767, 40.337424043196769 ], [ 18.260172843891642, 40.33746098599778 ], [ 18.260185079508112, 40.337504844786132 ], [ 18.260210052228054, 40.337607854517465 ], [ 18.260218527698175, 40.33766386160697 ], [ 18.260221272682841, 40.337773837545228 ], [ 18.260248105059546, 40.337907425423474 ], [ 18.260264387512787, 40.338067313858758 ], [ 18.260289543370238, 40.338200057342966 ], [ 18.260337730976573, 40.338376708025329 ], [ 18.260355588387377, 40.338489887302948 ], [ 18.260409405195702, 40.338699369539576 ], [ 18.260481866903199, 40.338906363923428 ], [ 18.260483995450489, 40.338907789996853 ], [ 18.260487239469359, 40.338912823376873 ], [ 18.260494832681822, 40.338921643020839 ], [ 18.260505217024949, 40.338944416636032 ], [ 18.260520813819447, 40.338999440941436 ], [ 18.260557138701564, 40.339131896192875 ], [ 18.260597051120126, 40.33925008235795 ], [ 18.260611292936506, 40.339271125868009 ], [ 18.260620735393147, 40.339282901619242 ], [ 18.260636522438237, 40.339335470662718 ], [ 18.260650314367268, 40.339383520505557 ], [ 18.260669097061115, 40.33942917778699 ], [ 18.260683380566544, 40.339483030400771 ], [ 18.260699256857791, 40.339569003460632 ], [ 18.260715143606106, 40.339636582356469 ], [ 18.26073508003444, 40.33972786297776 ], [ 18.260748209588368, 40.339791277431786 ], [ 18.260762942351956, 40.339854936661993 ], [ 18.260767064802323, 40.339860854938671 ], [ 18.260773597330918, 40.339866957394221 ], [ 18.260779237193489, 40.339871878118132 ], [ 18.260782453307009, 40.339876624055641 ], [ 18.260838373714929, 40.339999186051479 ], [ 18.260903294986061, 40.340170069937081 ], [ 18.260926609247011, 40.340226216596896 ], [ 18.26096598592034, 40.340319875760919 ], [ 18.260968910742186, 40.340325854850072 ], [ 18.260971114799535, 40.340337393515895 ], [ 18.260969344635793, 40.340427654645246 ], [ 18.260964889233907, 40.340510362724899 ], [ 18.260951063985367, 40.340557604925202 ], [ 18.260954882482928, 40.340615141229229 ], [ 18.260961003746189, 40.340691831436438 ], [ 18.260968759112121, 40.340742105163798 ], [ 18.26100538432058, 40.341065656246116 ], [ 18.261013359818126, 40.341137637553977 ], [ 18.261027443315772, 40.341264784777501 ], [ 18.261038750943172, 40.341360423194608 ], [ 18.261059668245291, 40.341486485856542 ], [ 18.26107068131121, 40.341552862006338 ], [ 18.26109248793383, 40.341668019241766 ], [ 18.261116061265472, 40.341782757325106 ], [ 18.261143589229455, 40.34191677560726 ], [ 18.261156577637053, 40.341982321399442 ], [ 18.26117650049251, 40.342066989433889 ], [ 18.261193331244279, 40.342139279209398 ], [ 18.261202733359649, 40.342197333412095 ], [ 18.261214116455292, 40.342250331078759 ], [ 18.261222465725304, 40.342289230332504 ], [ 18.26123063125506, 40.342320704092259 ], [ 18.261230535924877, 40.342347295103899 ], [ 18.261227676137189, 40.342390525999924 ], [ 18.26122788595562, 40.342395122595406 ], [ 18.261228320335285, 40.342404621604281 ], [ 18.261232406886105, 40.342493591546521 ], [ 18.261237376098979, 40.342601847332631 ], [ 18.261241812752942, 40.342698274096875 ], [ 18.261245183444476, 40.342768486690112 ], [ 18.261241883944997, 40.342807235560628 ], [ 18.261240356802961, 40.342810962479646 ], [ 18.26123606766177, 40.342821369401705 ], [ 18.26123068347027, 40.342834455255137 ], [ 18.261222939654456, 40.342853289250591 ], [ 18.261209896461779, 40.342883794424814 ], [ 18.261178267225734, 40.342985659716128 ], [ 18.261169052835307, 40.343054811636051 ], [ 18.261156449701286, 40.343161888109059 ], [ 18.261147647506473, 40.343266011125699 ], [ 18.26114308119805, 40.343404527159151 ], [ 18.261146182594562, 40.34347227946504 ], [ 18.261156432991527, 40.343582646912026 ], [ 18.261198687404605, 40.343774035851688 ], [ 18.261206965025391, 40.343810955605825 ], [ 18.261271427015334, 40.34396317004596 ], [ 18.26129471335469, 40.3440853558347 ], [ 18.261296303771783, 40.344110287027242 ], [ 18.26133536721925, 40.344373226562581 ], [ 18.261376805863247, 40.344549868950445 ], [ 18.261369210587954, 40.344568124121835 ], [ 18.261363650480124, 40.344575854049836 ], [ 18.261355990493119, 40.344615034031982 ], [ 18.261355967359822, 40.34473296898512 ], [ 18.261360798988036, 40.344810280974038 ], [ 18.261366312320288, 40.344898264887398 ], [ 18.261386055765076, 40.345008481422333 ], [ 18.261398554398955, 40.345071465011223 ], [ 18.261406468632689, 40.345138440152006 ], [ 18.261409768040068, 40.34520130511477 ], [ 18.261430535403829, 40.345379141610955 ], [ 18.261434550916192, 40.345423116943202 ], [ 18.261440158121928, 40.345490094150847 ], [ 18.261449738068571, 40.34565147741651 ], [ 18.261468004579793, 40.345759862182739 ], [ 18.261479551250613, 40.345891719413594 ], [ 18.261488805437601, 40.346003862245063 ], [ 18.261482244421142, 40.346052358548057 ], [ 18.261477873610279, 40.346095253795234 ], [ 18.261479412794543, 40.346178981531622 ], [ 18.261484872195531, 40.346280731257494 ], [ 18.261486599567334, 40.346366408172457 ], [ 18.261502699916011, 40.346614231916242 ], [ 18.261513762499863, 40.346877151075823 ], [ 18.261521667750443, 40.347000129413409 ], [ 18.261462099909231, 40.347087041181041 ], [ 18.261444324901952, 40.347113417887719 ], [ 18.261663941929793, 40.347207479390761 ], [ 18.261938925577109, 40.347287881140829 ], [ 18.262133751008044, 40.347360437890153 ], [ 18.262324702711858, 40.34744004798258 ], [ 18.262665809991319, 40.347461859236532 ], [ 18.262901091658932, 40.347451097120953 ], [ 18.263215929321991, 40.347458129754727 ], [ 18.263483190109657, 40.347489227904703 ], [ 18.263987073858534, 40.347539208066671 ], [ 18.264020261025106, 40.347539983642598 ], [ 18.264141582741765, 40.347534866554902 ], [ 18.264379981432182, 40.347561615256737 ], [ 18.264663029623328, 40.347618816877713 ], [ 18.264642534508443, 40.347767636499277 ], [ 18.264624915898779, 40.34799141830289 ], [ 18.264631698319665, 40.348209054278065 ], [ 18.264596108302502, 40.348477612633395 ], [ 18.264579797428382, 40.34887224124644 ], [ 18.264577572160238, 40.348992228820009 ], [ 18.264577449519113, 40.349048514426066 ], [ 18.26455544422922, 40.349114057716349 ], [ 18.264547973892139, 40.349166110541923 ], [ 18.264534878454771, 40.349210693482128 ], [ 18.264521131969193, 40.349281982176656 ], [ 18.264504831392301, 40.349348452302479 ], [ 18.264453494623602, 40.349499953661663 ], [ 18.264438426423386, 40.349546105483476 ], [ 18.264431358764547, 40.349567723512664 ], [ 18.264398506036841, 40.349668336174908 ], [ 18.264384404108341, 40.349724460117528 ], [ 18.264365684284233, 40.349805885131929 ], [ 18.264336222312501, 40.349880166761032 ], [ 18.264292686221719, 40.349973785664467 ], [ 18.264254650507922, 40.350079950642794 ], [ 18.264218759492518, 40.350192015763632 ], [ 18.264172058963219, 40.350346473568116 ], [ 18.264125844075469, 40.350493191539243 ], [ 18.264101986245848, 40.350596226839443 ], [ 18.264092576264222, 40.350687910619619 ], [ 18.264082677417566, 40.350737951432116 ], [ 18.263984478227222, 40.35095182144893 ], [ 18.263864702525279, 40.351192150623078 ], [ 18.263793316078534, 40.351392033746507 ], [ 18.263669468568018, 40.351669746372579 ], [ 18.263579505997342, 40.351801611810515 ], [ 18.263542486349653, 40.351789379563392 ], [ 18.263449187639807, 40.351763122647625 ], [ 18.263288937380068, 40.351758959084925 ], [ 18.263097946803551, 40.351771103069154 ], [ 18.262930555812531, 40.351851717003761 ], [ 18.262747570629198, 40.351962985524764 ], [ 18.262550321511199, 40.352072604779885 ], [ 18.262462245220011, 40.352106918520391 ], [ 18.262401354832662, 40.352122254465485 ], [ 18.262338480649621, 40.352126973250243 ], [ 18.262271834289866, 40.352126709627598 ], [ 18.262069099560257, 40.352104326925556 ], [ 18.261937892366451, 40.352090167092975 ], [ 18.2618649652971, 40.352083874820131 ], [ 18.261818439165495, 40.352080450721004 ], [ 18.261760264087531, 40.352080569118129 ], [ 18.261695395137849, 40.352085424928333 ], [ 18.261603312354559, 40.3520981895931 ], [ 18.261458449417475, 40.352137744406157 ], [ 18.261321015440611, 40.352168522001776 ], [ 18.261222805628286, 40.352187529946242 ], [ 18.261160988043422, 40.35219463210808 ], [ 18.261100005812427, 40.352198306060544 ], [ 18.261032291236869, 40.352195667037186 ], [ 18.26087224714832, 40.352185544363238 ], [ 18.26069645690233, 40.352170901264465 ], [ 18.260592801727427, 40.352162629214341 ], [ 18.260513777038501, 40.352145654882698 ], [ 18.260476977100023, 40.352139828341606 ], [ 18.260428984887415, 40.352129680891039 ], [ 18.260389074874581, 40.352120636563491 ], [ 18.260344377023319, 40.352115575066072 ], [ 18.260240644005862, 40.352110374437281 ], [ 18.260180382414031, 40.352109704267875 ], [ 18.260102227430263, 40.352114186508402 ], [ 18.260071076840529, 40.352115604082314 ], [ 18.260061447687232, 40.352115623589768 ], [ 18.25996284930795, 40.352091653413048 ], [ 18.259867194558701, 40.352050595116729 ], [ 18.259808463806912, 40.352027706632335 ], [ 18.259732497430971, 40.352001341370396 ], [ 18.25967705013214, 40.35198990699508 ], [ 18.259598700714253, 40.35197105756297 ], [ 18.259510529348741, 40.351954088393747 ], [ 18.259199901950907, 40.35188022036742 ], [ 18.258755598886019, 40.3518515030893 ], [ 18.25860719444734, 40.351852278734526 ], [ 18.258488426905902, 40.351852670498232 ], [ 18.258392044678917, 40.351848532658188 ], [ 18.258292419741768, 40.351844286232307 ], [ 18.258173561817106, 40.351836692920656 ], [ 18.2580640759045, 40.351822960919257 ], [ 18.257947236105352, 40.351790055176934 ], [ 18.25790555245516, 40.351776196281506 ], [ 18.25783222552321, 40.351762860337452 ], [ 18.25773961706447, 40.351742186993818 ], [ 18.257635576167392, 40.351734245594074 ], [ 18.257556639186109, 40.351728354215346 ], [ 18.257440369227002, 40.351729512118006 ], [ 18.257370726799643, 40.351734986446182 ], [ 18.257237723749267, 40.351744614007679 ], [ 18.257122099271481, 40.351758930457429 ], [ 18.256953916309715, 40.351773627751975 ], [ 18.256851604050933, 40.351788624274292 ], [ 18.25667628948564, 40.351800396806233 ], [ 18.256483439556337, 40.351813320814628 ], [ 18.256278490575816, 40.351829492916373 ], [ 18.256130607071043, 40.35184255589099 ], [ 18.256018098280347, 40.351856062879648 ], [ 18.255916982138032, 40.351870969024851 ], [ 18.255820640761698, 40.351878192764495 ], [ 18.255650989108105, 40.351890517507542 ], [ 18.255501326808126, 40.351891090419109 ], [ 18.255390117414571, 40.351890997620814 ], [ 18.255298696133554, 40.351888372878129 ], [ 18.255187008729127, 40.351891067471499 ], [ 18.255150194561985, 40.35189593979981 ], [ 18.255126791436169, 40.35190207533504 ], [ 18.255096384759561, 40.351906523938737 ], [ 18.25500125273415, 40.351906590280564 ], [ 18.254911759985994, 40.35190323538329 ], [ 18.25482101762508, 40.351903024795085 ], [ 18.254727534347865, 40.351914355308026 ], [ 18.254603555032844, 40.351936596473436 ], [ 18.254518633036778, 40.351945534811115 ], [ 18.25442952643651, 40.351952895860748 ], [ 18.254328267519, 40.351962888681562 ], [ 18.254211393338299, 40.351980370015049 ], [ 18.25417855458959, 40.351988347323022 ], [ 18.254078284326454, 40.351989773553349 ], [ 18.253112597873766, 40.352124461095578 ], [ 18.253026407334424, 40.352174341526919 ], [ 18.252936352415315, 40.352200912792874 ], [ 18.252835334196256, 40.352225027533144 ], [ 18.252674390429441, 40.352263736110203 ], [ 18.252563768880226, 40.352291300400438 ], [ 18.252429869193151, 40.352309250220209 ], [ 18.252288880125789, 40.352320547005043 ], [ 18.25213970704716, 40.352337631227932 ], [ 18.252027410475247, 40.352344814535989 ], [ 18.251884181173818, 40.352349678115594 ], [ 18.25174904245976, 40.352356801516031 ], [ 18.251556163990237, 40.35236771857894 ], [ 18.251425496104126, 40.352379192202818 ], [ 18.251312972207604, 40.352392424834939 ], [ 18.251233236020141, 40.352410320793773 ], [ 18.251081869371788, 40.352441343191508 ], [ 18.250872089819154, 40.352477835078957 ], [ 18.250753434086587, 40.352500417716115 ], [ 18.250630051005921, 40.352520908532618 ], [ 18.250583043308975, 40.352523382146487 ], [ 18.250522064787109, 40.352521520176168 ], [ 18.250389710154124, 40.352509128596552 ], [ 18.25024840497661, 40.352496228473683 ], [ 18.250094827639344, 40.352490574471432 ], [ 18.250010592382182, 40.352485169228224 ], [ 18.24987741538034, 40.352453946969732 ], [ 18.249732525481431, 40.352416668117996 ], [ 18.249596045474338, 40.352375551594434 ], [ 18.249499267454503, 40.352340594070746 ], [ 18.249436514804191, 40.352310870868983 ], [ 18.249327966193011, 40.352266203355725 ], [ 18.248840029742517, 40.352224944828095 ], [ 18.248646206379004, 40.352192864875178 ], [ 18.248603238148601, 40.35219462964578 ], [ 18.248522682192029, 40.352183706716552 ], [ 18.248425371497024, 40.352172739604384 ], [ 18.248300675042469, 40.352175449222095 ], [ 18.248085745867261, 40.352179009315996 ], [ 18.247930315173864, 40.352174899665506 ], [ 18.247833049222205, 40.352167803758057 ], [ 18.247744331606896, 40.352156812481795 ], [ 18.247663204753156, 40.35215311951869 ], [ 18.24755423233033, 40.352152305986088 ], [ 18.247476970783431, 40.35215212501722 ], [ 18.247401455680798, 40.35215104826203 ], [ 18.247373975086141, 40.352153683268895 ], [ 18.247352027709301, 40.352157299422068 ], [ 18.247343799915825, 40.352163457209038 ], [ 18.247205366075278, 40.352118337842306 ], [ 18.246707109583994, 40.352048831861254 ], [ 18.245944795510795, 40.352005111082605 ], [ 18.245737849175683, 40.352001618898996 ], [ 18.24502836096455, 40.352044812539887 ], [ 18.244672761741764, 40.352007444667329 ], [ 18.244719831469094, 40.351830088396234 ], [ 18.244728912385909, 40.3518043618677 ], [ 18.244703442057528, 40.3517563894695 ], [ 18.244302662567236, 40.351673606472673 ], [ 18.244002817803842, 40.351630967292984 ], [ 18.243966652766879, 40.351618463337097 ], [ 18.243902362925297, 40.351610133800911 ], [ 18.24389120184437, 40.351611446925915 ], [ 18.243786876799955, 40.351623712461787 ], [ 18.243695113006307, 40.351627972994081 ], [ 18.243343081568479, 40.351644318849658 ], [ 18.243335540406878, 40.351512554235775 ], [ 18.243283067968616, 40.351451393203497 ], [ 18.243234951454305, 40.351400738016267 ], [ 18.243143943279961, 40.35134562862801 ], [ 18.242961684633357, 40.351324573940417 ], [ 18.242796919995438, 40.35129570716034 ], [ 18.242671025430198, 40.351281259130332 ], [ 18.242510124435984, 40.351321186298968 ], [ 18.242439497083236, 40.351350581767939 ], [ 18.242339508760306, 40.351197235080008 ], [ 18.242131091077717, 40.350850726388117 ], [ 18.242018160949804, 40.350664065741221 ], [ 18.241918272951537, 40.350517434988625 ], [ 18.241787182359129, 40.350363310400645 ], [ 18.241642753841269, 40.350204265609648 ], [ 18.241595066858576, 40.350146365112273 ], [ 18.241547663107934, 40.350142514284649 ], [ 18.241519702255349, 40.350148135443206 ], [ 18.241478626718429, 40.350163823160734 ], [ 18.241350415714123, 40.350233390200962 ], [ 18.241194281501624, 40.350340126509941 ], [ 18.240887541395228, 40.350553481266161 ], [ 18.240846878343142, 40.350590314410852 ], [ 18.240824350880953, 40.350600493610401 ], [ 18.240801207646538, 40.350637474810426 ], [ 18.24086793336399, 40.350661679987503 ], [ 18.240557091967073, 40.351161815276903 ], [ 18.240828484493278, 40.351320050929985 ], [ 18.240932296307342, 40.351380549427134 ], [ 18.24100414150287, 40.351407258941272 ], [ 18.240902453877908, 40.351611057149142 ], [ 18.240843945354271, 40.351698550306082 ], [ 18.240701142757104, 40.352053165701498 ], [ 18.240643206211704, 40.352193194393315 ], [ 18.240645525254564, 40.352206702752021 ], [ 18.24066392387283, 40.352217220163276 ], [ 18.240693098088858, 40.352228301798149 ], [ 18.240702725261585, 40.352227257177582 ], [ 18.24069968380838, 40.352233314062339 ], [ 18.240686757114524, 40.352268540555436 ], [ 18.240616551150893, 40.352373002846512 ], [ 18.240524522326346, 40.35246187734672 ], [ 18.240601825038247, 40.352499957462378 ], [ 18.240584361865121, 40.352547535349991 ], [ 18.240415949743213, 40.35268730286257 ], [ 18.24026775186632, 40.352773524628141 ], [ 18.240168247986219, 40.352759873947164 ], [ 18.240099286001207, 40.352750414156894 ], [ 18.240083636013363, 40.352746844961146 ], [ 18.239860189310907, 40.352695882832592 ], [ 18.239589295094078, 40.352604155983165 ], [ 18.239554792277676, 40.352595871505379 ], [ 18.239427679593796, 40.352576185067988 ], [ 18.239077657524227, 40.352525183640012 ], [ 18.238949068444349, 40.352506620691464 ], [ 18.238845601897285, 40.352487009292986 ], [ 18.238671235490923, 40.352453352915333 ], [ 18.238585411615613, 40.352438112271194 ], [ 18.238564460195711, 40.352436725226369 ], [ 18.238536296320682, 40.352435181866021 ], [ 18.238501746506188, 40.352437220302058 ], [ 18.238111735825907, 40.352510972778354 ], [ 18.23719742335744, 40.352679971060105 ], [ 18.237096757846032, 40.352699245293792 ], [ 18.236970423804951, 40.352725773988965 ], [ 18.236955388972397, 40.352726051095722 ], [ 18.236597906623341, 40.352769074295665 ], [ 18.236496793039095, 40.352776532687876 ], [ 18.236146960315509, 40.352777982287712 ], [ 18.235988857290621, 40.352779848925977 ], [ 18.235765256736475, 40.352806414611848 ], [ 18.23574159472992, 40.352807725778405 ], [ 18.235463005844935, 40.352852122542131 ], [ 18.235457755089389, 40.352863194961238 ], [ 18.234896243173537, 40.352957097631716 ], [ 18.234001212786108, 40.353076381914335 ], [ 18.23386457203112, 40.353075955208617 ], [ 18.232167348028842, 40.349506116071531 ], [ 18.232375549038601, 40.349518833310896 ], [ 18.23268471268273, 40.349505013824697 ], [ 18.232724863436829, 40.349499842751833 ], [ 18.232660167929222, 40.349263697278367 ], [ 18.232153941559069, 40.34862878488412 ], [ 18.231800042474489, 40.348148075489689 ], [ 18.231609196135452, 40.347870304284584 ], [ 18.231909325685645, 40.347648254638564 ], [ 18.231695474871486, 40.347476264805941 ], [ 18.231518334028927, 40.347415681262824 ], [ 18.231237888159239, 40.34721277688044 ], [ 18.231348283177972, 40.347123480714771 ], [ 18.231406273118552, 40.347043428448494 ], [ 18.231463314395135, 40.346973780461063 ], [ 18.231707444090276, 40.346675690273088 ], [ 18.231404384289718, 40.346434184594933 ], [ 18.231153542501065, 40.346823815470337 ], [ 18.231098294907117, 40.346899029865611 ], [ 18.230875510866632, 40.347076645182185 ], [ 18.230677844213403, 40.347200472777509 ], [ 18.230435762651826, 40.347374316118362 ], [ 18.230115232017113, 40.347525988373313 ], [ 18.230024638453319, 40.347535481511585 ], [ 18.229984715503768, 40.347557482809009 ], [ 18.229961634432936, 40.347555688957591 ], [ 18.229531010032915, 40.347342120630202 ], [ 18.229507348060004, 40.347336196135494 ], [ 18.229452241467349, 40.347343943956133 ], [ 18.229424113135174, 40.347349901918697 ], [ 18.229386839566125, 40.34733439257927 ], [ 18.229290756686392, 40.347283989395535 ], [ 18.229232295982886, 40.347221481366255 ], [ 18.229157690817917, 40.347132528024723 ], [ 18.229074134587695, 40.346972016172273 ], [ 18.228918209866496, 40.346533627408903 ], [ 18.228947143377752, 40.346529154830677 ], [ 18.229268991113329, 40.346413889239052 ], [ 18.229870724197269, 40.346221968381847 ], [ 18.230241464602976, 40.346093256884572 ], [ 18.230814923924946, 40.345891142148389 ], [ 18.230775300056848, 40.345819611050189 ], [ 18.230674033771894, 40.345558415363982 ], [ 18.230561903423652, 40.345271295159705 ], [ 18.230546318326304, 40.34522570552123 ], [ 18.230491659488028, 40.34518861203366 ], [ 18.230332238732132, 40.345118641305511 ], [ 18.230232676056076, 40.345067885807119 ], [ 18.230157509452074, 40.344996977037638 ], [ 18.230153471719756, 40.3449794723686 ], [ 18.230128676865128, 40.344984072730924 ], [ 18.230108503439396, 40.34497057687787 ], [ 18.23008865398354, 40.344957702449371 ], [ 18.230069120303774, 40.344947989627798 ], [ 18.230032560516666, 40.344942867128815 ], [ 18.230012958296211, 40.344938769330049 ], [ 18.22995249536277, 40.344947652462338 ], [ 18.229671564390006, 40.344994676408831 ], [ 18.229529512708844, 40.345014801723131 ], [ 18.229370187999024, 40.345053088425395 ], [ 18.229187945474809, 40.345100779146414 ], [ 18.228970653018482, 40.345158461409675 ], [ 18.228787548496005, 40.345215479748433 ], [ 18.2284826191005, 40.345308501493342 ], [ 18.228384069352128, 40.34533715719121 ], [ 18.228327035655589, 40.345345044770205 ], [ 18.228276725164211, 40.345343593438493 ], [ 18.228221926708432, 40.34533048641233 ], [ 18.22819443134463, 40.34531525830041 ], [ 18.228166262560158, 40.345292825439557 ], [ 18.228144414050778, 40.345271603060105 ], [ 18.2281173071908, 40.345237627862076 ], [ 18.228086056713892, 40.345191268605646 ], [ 18.228041582304439, 40.3451327771675 ], [ 18.228000618001733, 40.345080447464241 ], [ 18.227851993372166, 40.344919619595132 ], [ 18.227762012210746, 40.344839204658371 ], [ 18.227674874121618, 40.344764341361625 ], [ 18.22761715161991, 40.344720728187731 ], [ 18.227535308825107, 40.344681346477486 ], [ 18.227468329518107, 40.344675928987449 ], [ 18.227400796548167, 40.344667788816423 ], [ 18.226828713572271, 40.345018992119556 ], [ 18.224809265880538, 40.343730769546923 ], [ 18.223198076902346, 40.34463406847577 ], [ 18.2230711227492, 40.344435015019954 ], [ 18.222959814613649, 40.34425441434189 ], [ 18.222895141952534, 40.344160762737395 ], [ 18.22286156162906, 40.344141514833041 ], [ 18.22277418430598, 40.344106220104372 ], [ 18.222636840263522, 40.344038811305111 ], [ 18.222452163137888, 40.343924239867597 ], [ 18.222335113376094, 40.343823958626963 ], [ 18.222306684296711, 40.343810340347119 ], [ 18.22227076331356, 40.343773132855816 ], [ 18.222258203950609, 40.343719470291482 ], [ 18.222260248730212, 40.343694932408937 ], [ 18.222269073108755, 40.343657282306523 ], [ 18.222281873344777, 40.343600543707304 ], [ 18.222309875665257, 40.343492762162022 ], [ 18.222389889965363, 40.343405085505005 ], [ 18.222488069010076, 40.343307563803059 ], [ 18.222513361055434, 40.343271145916155 ], [ 18.22276851669357, 40.343022856134041 ], [ 18.222723254682389, 40.342981555358826 ], [ 18.222666652408474, 40.342961852447282 ], [ 18.222599523341326, 40.34294835525489 ], [ 18.222458351286932, 40.342879161512222 ], [ 18.2223758314904, 40.342835588712632 ], [ 18.222335499088729, 40.342818989641039 ], [ 18.222223914261001, 40.342794994142693 ], [ 18.222151497738107, 40.342812882004722 ], [ 18.222119737695461, 40.342791252115042 ], [ 18.222050309483901, 40.3427039203725 ], [ 18.221918915980456, 40.342513971039089 ], [ 18.221702722095095, 40.342219023250919 ], [ 18.221662124385983, 40.342248552277013 ], [ 18.221569607254619, 40.342361147963288 ], [ 18.221465561965807, 40.342397722149727 ], [ 18.221327388583646, 40.342361246670002 ], [ 18.221047579598196, 40.34241839612092 ], [ 18.220610579723111, 40.342568837463702 ], [ 18.220465935433403, 40.342677873733109 ], [ 18.220287138109189, 40.342701009525484 ], [ 18.220173033792335, 40.342691477144925 ], [ 18.219752096388575, 40.342519026253328 ], [ 18.219576943214832, 40.343033620548006 ], [ 18.219475454689075, 40.343257086044346 ], [ 18.219468508679785, 40.343311778792234 ], [ 18.219514759757441, 40.343703951188886 ], [ 18.219523641165534, 40.343819828432338 ], [ 18.219521155185774, 40.343907389338305 ], [ 18.219455666886574, 40.344111657689758 ], [ 18.219399640130757, 40.344275806662658 ], [ 18.219168685157364, 40.344370907544167 ], [ 18.219194488596109, 40.344399115342043 ], [ 18.219169228446425, 40.344428729588003 ], [ 18.219188196864643, 40.344453710579614 ], [ 18.219234728041268, 40.344450711870032 ], [ 18.219259950931061, 40.344467016039715 ], [ 18.21919306955844, 40.34449935891233 ], [ 18.219002908077616, 40.344615272846724 ], [ 18.218973691227994, 40.344620665926357 ], [ 18.218849161594665, 40.34452247554443 ], [ 18.218801338883491, 40.344480520398164 ], [ 18.218845197909701, 40.344447091570338 ], [ 18.218997260775733, 40.344354304498438 ], [ 18.219005162109351, 40.344340260519502 ], [ 18.218998108590334, 40.344329819824097 ], [ 18.218973196094826, 40.344308706247908 ], [ 18.218956324480754, 40.344282121213787 ], [ 18.218934842163314, 40.344264568887681 ], [ 18.218900911191565, 40.344144714827095 ], [ 18.21887886648544, 40.344067546788757 ], [ 18.218839933748633, 40.344001394534473 ], [ 18.218695235667706, 40.343823870612702 ], [ 18.218504002794006, 40.343586595447007 ], [ 18.218547403526809, 40.343551954554776 ], [ 18.218644321454963, 40.343491190705357 ], [ 18.218707087489534, 40.343383055870994 ], [ 18.218712984217948, 40.343343704197039 ], [ 18.218681472405848, 40.343255872602008 ], [ 18.21863748339252, 40.343154141373049 ], [ 18.218577427445634, 40.34308265804934 ], [ 18.218543121307903, 40.343052125367088 ], [ 18.218534154985772, 40.343036558926975 ], [ 18.218528921316533, 40.343023293368525 ], [ 18.218529421714578, 40.343005852793247 ], [ 18.218535943599921, 40.342982361154661 ], [ 18.218542827539235, 40.342958562201588 ], [ 18.218561272205463, 40.342921184803608 ], [ 18.218560451296678, 40.342901950821812 ], [ 18.21854292685541, 40.342877516746213 ], [ 18.218515374087207, 40.342846120418898 ], [ 18.218276854495318, 40.342607539128288 ], [ 18.218071035427499, 40.342360466347927 ], [ 18.218067724743534, 40.342361887977752 ], [ 18.217877191638767, 40.342130077403951 ], [ 18.217652700403249, 40.341829165099639 ], [ 18.217536723601992, 40.341689092298914 ], [ 18.217456607335276, 40.341578889449046 ], [ 18.21723452286594, 40.341296823845717 ], [ 18.217110469829422, 40.341026131835847 ], [ 18.209957165216093, 40.342930975927473 ], [ 18.203719662181093, 40.344522506034814 ], [ 18.208789226365568, 40.351288197000279 ], [ 18.209839820428673, 40.352547538623206 ], [ 18.216438416724731, 40.357165157102983 ], [ 18.218822989261337, 40.358941805154444 ], [ 18.219522372096652, 40.359536004952204 ], [ 18.220167411152275, 40.360786420776513 ], [ 18.220589725486008, 40.362156682560304 ], [ 18.220809588300973, 40.363562431434985 ], [ 18.220366742931766, 40.364727418426575 ], [ 18.219776775565514, 40.366827843954333 ], [ 18.219477396848614, 40.367910395236215 ], [ 18.218965180756111, 40.369293841941193 ], [ 18.218384069861941, 40.370813897516541 ], [ 18.217463842200285, 40.372625902540911 ], [ 18.216300089134002, 40.373637325115062 ], [ 18.214984759158845, 40.374884974922594 ], [ 18.214413283839772, 40.375377297512962 ], [ 18.212446195929605, 40.376586105714679 ], [ 18.210819414029217, 40.377416819787527 ], [ 18.208610242507792, 40.378475247975977 ], [ 18.206430721243162, 40.379512822465799 ], [ 18.204715384305597, 40.38041072456361 ], [ 18.198510201880751, 40.383348288380233 ], [ 18.197140483153795, 40.383704947877568 ], [ 18.193874605966641, 40.384355070117131 ], [ 18.188410971437978, 40.385278605083506 ], [ 18.183833450183755, 40.386076772834386 ], [ 18.180078841844992, 40.386684135483158 ], [ 18.17520954449407, 40.387505794704531 ], [ 18.170760323942545, 40.387699987033152 ], [ 18.168063675845534, 40.387773965419981 ], [ 18.164264497608801, 40.387471815444194 ], [ 18.160623508195233, 40.386097080304637 ], [ 18.15715032573905, 40.38401115261437 ], [ 18.153663036952683, 40.381618348092502 ], [ 18.152357387126543, 40.380473096433484 ], [ 18.15163798497127, 40.378834006294724 ], [ 18.150433064810517, 40.378776505993407 ], [ 18.147371114790019, 40.37838384478605 ], [ 18.147370930174159, 40.378385746721385 ], [ 18.147369776494035, 40.378407755248958 ], [ 18.147354629078151, 40.378541224824268 ], [ 18.147343681016828, 40.378636959526759 ], [ 18.147316273586046, 40.378862982232263 ], [ 18.1472717856145, 40.379228617684404 ], [ 18.147234521421147, 40.379529820151184 ], [ 18.147227080653149, 40.379657315268382 ], [ 18.14720362302673, 40.379932039292157 ], [ 18.147085717592041, 40.380412058652048 ], [ 18.147071958565061, 40.38044740585935 ], [ 18.147051287895138, 40.380500495995712 ], [ 18.146986099623803, 40.380667942996098 ], [ 18.146899288478149, 40.38088827722823 ], [ 18.146781967719999, 40.381222066020683 ], [ 18.146658460807803, 40.38151055402426 ], [ 18.146543423845316, 40.381767432603183 ], [ 18.146458026767988, 40.381952685336849 ], [ 18.146415090370642, 40.382066889033837 ], [ 18.146372842434349, 40.382228503049298 ], [ 18.146365842259822, 40.382259020282405 ], [ 18.146303701114142, 40.382529697851361 ], [ 18.145987112595606, 40.382776189086378 ], [ 18.145749696129229, 40.382960511800789 ], [ 18.145738178021215, 40.382992508473208 ], [ 18.14595844452413, 40.383199859421325 ], [ 18.145959175431894, 40.383206196661114 ], [ 18.14596356525885, 40.383213203461203 ], [ 18.145970415892869, 40.383220950277121 ], [ 18.14689871304121, 40.384128313820995 ], [ 18.147125243495204, 40.38434031055121 ], [ 18.147367706997521, 40.384566815352805 ], [ 18.147747223775426, 40.384930680034195 ], [ 18.148020733535343, 40.385195206275455 ], [ 18.148251403340634, 40.385030625973933 ], [ 18.148739116013491, 40.384680931599725 ], [ 18.149107205043418, 40.384428914637411 ], [ 18.149110298052829, 40.384420070118594 ], [ 18.149920392176369, 40.383916494268753 ], [ 18.149923731995251, 40.383915522321075 ], [ 18.150245648661603, 40.383746718984668 ], [ 18.15035474177472, 40.383695821473047 ], [ 18.150423607726669, 40.383659394460985 ], [ 18.150703133319045, 40.38351437145031 ], [ 18.150749051046972, 40.383490951121651 ], [ 18.150822097717242, 40.383494118100856 ], [ 18.150860182728376, 40.383529184823715 ], [ 18.150916380164656, 40.383555402637093 ], [ 18.151002075652372, 40.383595562114131 ], [ 18.151033435769154, 40.383609072913984 ], [ 18.151220280928861, 40.383702785011003 ], [ 18.151264644570631, 40.383727911344494 ], [ 18.151306912613816, 40.383764470660005 ], [ 18.151351496954344, 40.38382189903313 ], [ 18.151364049308945, 40.383816521714543 ], [ 18.151371660058366, 40.383820601434984 ], [ 18.151696186828136, 40.384097542135017 ], [ 18.151997908733144, 40.38434253300148 ], [ 18.152363794050594, 40.38443180307118 ], [ 18.152489981586857, 40.384476404802939 ], [ 18.152562845744601, 40.384479472967044 ], [ 18.152671833165808, 40.38447649876516 ], [ 18.152747851181356, 40.384468553459627 ], [ 18.152872685000595, 40.384448559331865 ], [ 18.153213907245785, 40.384459645357673 ], [ 18.15329241784243, 40.384497682610707 ], [ 18.153371248710322, 40.384608739760033 ], [ 18.153363395852026, 40.384614617707804 ], [ 18.15335808641084, 40.38462219520359 ], [ 18.153358939108863, 40.384632185902383 ], [ 18.153395433261753, 40.384681475794196 ], [ 18.153747041511913, 40.384468233214839 ], [ 18.1539630932614, 40.384422511459668 ], [ 18.154203604117935, 40.384307014452638 ], [ 18.154241444496797, 40.384343756606775 ], [ 18.154418481954654, 40.38452746427312 ], [ 18.154640666498473, 40.384749985711309 ], [ 18.154680277495952, 40.384863020810876 ], [ 18.154732164750961, 40.384941661625042 ], [ 18.155183570869688, 40.385378101651028 ], [ 18.155411184647836, 40.385583594146489 ], [ 18.155571426071248, 40.385766616623421 ], [ 18.155643199000203, 40.385857084013914 ], [ 18.155680807287315, 40.385893410483973 ], [ 18.155901399955013, 40.386060994199063 ], [ 18.156096852633897, 40.386198975605858 ], [ 18.156113954492916, 40.386206767791137 ], [ 18.156138295866015, 40.386211236764716 ], [ 18.156152727088728, 40.386205483342792 ], [ 18.156183850763608, 40.386110627110618 ], [ 18.156229354068337, 40.386104711099961 ], [ 18.156374002232774, 40.386098438879721 ], [ 18.156483964418996, 40.386100091026442 ], [ 18.156521276796639, 40.386127602056561 ], [ 18.156534441124396, 40.386151957529925 ], [ 18.156552616646405, 40.386272006804951 ], [ 18.156571363543417, 40.386419153290987 ], [ 18.156590746267238, 40.386521173611861 ], [ 18.156626441126885, 40.386640547812327 ], [ 18.156708708835893, 40.386817158769404 ], [ 18.156775394001787, 40.386952448092011 ], [ 18.15685880509497, 40.387121497844127 ], [ 18.156925908623581, 40.387260180276009 ], [ 18.156963529793707, 40.387357236445524 ], [ 18.157005060787569, 40.387514757720474 ], [ 18.157045133441081, 40.387649943680429 ], [ 18.157084821222238, 40.387756679873959 ], [ 18.157129431944423, 40.387858860884442 ], [ 18.157207656013806, 40.388018955048032 ], [ 18.157246734295505, 40.388103820864984 ], [ 18.157276257951438, 40.38820906039134 ], [ 18.157289032020568, 40.38826335483347 ], [ 18.157303106786529, 40.388330405441522 ], [ 18.157311542433931, 40.388450189329497 ], [ 18.157301956377356, 40.388568422977691 ], [ 18.157268548425602, 40.388720134535447 ], [ 18.157209570346307, 40.388886172478308 ], [ 18.157173204545256, 40.389010648468961 ], [ 18.157158768138917, 40.389075522192634 ], [ 18.157153258525767, 40.389131281874356 ], [ 18.157156551655991, 40.389216601481664 ], [ 18.157165314755947, 40.389267287465564 ], [ 18.157206199585705, 40.389407667973877 ], [ 18.157302643496681, 40.389687143390361 ], [ 18.157324891511827, 40.389764479944375 ], [ 18.157335696263335, 40.389805364555947 ], [ 18.157347232671057, 40.389884074701484 ], [ 18.157355323400711, 40.389980595751069 ], [ 18.157357096723342, 40.390090646814571 ], [ 18.157353374710187, 40.390150877343444 ], [ 18.15734744490624, 40.390183534797345 ], [ 18.157337411412218, 40.390193923864516 ], [ 18.157327799994828, 40.390210318058003 ], [ 18.157322651270306, 40.390230454275205 ], [ 18.157319679000349, 40.390253051160478 ], [ 18.157318424349246, 40.390273333143632 ], [ 18.157313094632748, 40.390309000539979 ], [ 18.15730407112088, 40.390328396001884 ], [ 18.157280099142042, 40.390374750793747 ], [ 18.157248217722511, 40.390447703195406 ], [ 18.157203598214885, 40.390536944276157 ], [ 18.157191245409049, 40.390584908989759 ], [ 18.157181207356487, 40.390646104742842 ], [ 18.157168419176013, 40.390726335348738 ], [ 18.157132694555607, 40.39087386966979 ], [ 18.157107950310941, 40.39095783886512 ], [ 18.157077929005176, 40.391038639505091 ], [ 18.157060739952712, 40.391087979337087 ], [ 18.157034804106111, 40.39113864805018 ], [ 18.156995671176023, 40.391197603555831 ], [ 18.15695123359945, 40.391246147833606 ], [ 18.156915811808268, 40.391282889758813 ], [ 18.156843625326335, 40.391373865802024 ], [ 18.156810194574529, 40.391430323607139 ], [ 18.156765730944961, 40.391521361656913 ], [ 18.156711087071677, 40.391627016987506 ], [ 18.156672186233521, 40.391708591576958 ], [ 18.156627182386522, 40.39178208072525 ], [ 18.156524128468082, 40.391918554835208 ], [ 18.156413346097029, 40.392063085103025 ], [ 18.156318410617246, 40.392176180263817 ], [ 18.156219851595591, 40.392304001685289 ], [ 18.156099932317705, 40.392477387463309 ], [ 18.155958481282969, 40.392676038684115 ], [ 18.15588138163956, 40.392800076080619 ], [ 18.155806926581342, 40.392923689908763 ], [ 18.155753516850805, 40.393006399125163 ], [ 18.155705041319628, 40.393101428379005 ], [ 18.155653044090453, 40.393219161334123 ], [ 18.155609029082502, 40.393322679372126 ], [ 18.155561592924876, 40.393443187940193 ], [ 18.155517670720091, 40.393565337047512 ], [ 18.155481708900489, 40.393657423168314 ], [ 18.155461143463036, 40.393696560015925 ], [ 18.15542969359176, 40.393740245465217 ], [ 18.155401969779668, 40.393776443405898 ], [ 18.155342685646996, 40.393845847460476 ], [ 18.155278729956599, 40.393923987954757 ], [ 18.155209346294889, 40.394029369664409 ], [ 18.155163278670702, 40.394122009125539 ], [ 18.155140731912724, 40.394177745853845 ], [ 18.155126785881695, 40.394226447400079 ], [ 18.155123948411745, 40.394272118227747 ], [ 18.155127208368484, 40.394316224635148 ], [ 18.155144476804441, 40.394455422409649 ], [ 18.155167007444962, 40.394585918020447 ], [ 18.15518014845355, 40.394640555710922 ], [ 18.155219535344759, 40.394799809546178 ], [ 18.155223960967223, 40.39483936260546 ], [ 18.155226452808268, 40.394880591540392 ], [ 18.155237620250286, 40.395009974394668 ], [ 18.155261765365896, 40.395127412595059 ], [ 18.155281745026773, 40.395214899271394 ], [ 18.155304943309535, 40.395305010929988 ], [ 18.155318133064561, 40.395345810746633 ], [ 18.155345600019558, 40.395377467603623 ], [ 18.155369099860899, 40.395420833802348 ], [ 18.155418564657701, 40.395563545665993 ], [ 18.155454661879844, 40.395667752138593 ], [ 18.155483353681184, 40.395768574305684 ], [ 18.155515567631458, 40.395904128429869 ], [ 18.1555528922805, 40.396017198426783 ], [ 18.155581321341192, 40.396099231980614 ], [ 18.155585461451242, 40.396141188671749 ], [ 18.155583029854029, 40.396216461547759 ], [ 18.155573269693353, 40.396278352096083 ], [ 18.155553098673625, 40.3963570007935 ], [ 18.15553090157448, 40.396431570630398 ], [ 18.155519053360695, 40.396493401120935 ], [ 18.155500549672215, 40.396590034427824 ], [ 18.155489762244745, 40.396687926891204 ], [ 18.155478913411699, 40.396825395881038 ], [ 18.155461366902816, 40.396972261957963 ], [ 18.155418643977015, 40.39718344642278 ], [ 18.155385173940481, 40.397300909135978 ], [ 18.155362958593695, 40.397434392260706 ], [ 18.155354470049982, 40.397493500923389 ], [ 18.155358702143538, 40.397659695518918 ], [ 18.155368574970396, 40.397727066422348 ], [ 18.155380974133823, 40.397780632679407 ], [ 18.155394494080241, 40.397823442814044 ], [ 18.155445378791455, 40.397938259048509 ], [ 18.15549409574033, 40.39806219548904 ], [ 18.155528454175109, 40.398147309568678 ], [ 18.155534335358695, 40.398166521114398 ], [ 18.15578328786491, 40.39861568570371 ], [ 18.155785395066768, 40.398768905208748 ], [ 18.15563730119171, 40.398954812500733 ], [ 18.155642408418203, 40.399005834392504 ], [ 18.155662327497794, 40.399204834331314 ], [ 18.155632577316084, 40.399453518941016 ], [ 18.155623817848031, 40.399531783834483 ], [ 18.155622121762924, 40.399546916847122 ], [ 18.155615353324677, 40.399619434942089 ], [ 18.155615143549642, 40.399696113428071 ], [ 18.155614173659419, 40.399800943254533 ], [ 18.155634711620152, 40.399961126035777 ], [ 18.155656000939832, 40.400084649722359 ], [ 18.155680453036066, 40.400186911609424 ], [ 18.155712349960975, 40.400273270954933 ], [ 18.15574578472291, 40.400329011410193 ], [ 18.155764569020118, 40.400362184315654 ], [ 18.155809650302203, 40.400402636990876 ], [ 18.155908364883516, 40.400479831951145 ], [ 18.155912223119909, 40.400484491230458 ], [ 18.155954183467411, 40.400516445468341 ], [ 18.155997920411217, 40.400542802857487 ], [ 18.156025107274111, 40.400556667583373 ], [ 18.156025133415099, 40.400696752289562 ], [ 18.156010366726711, 40.400726696798863 ], [ 18.156010857837792, 40.400736194742372 ], [ 18.15602316338407, 40.400889099537039 ], [ 18.156036265627407, 40.401020989112951 ], [ 18.156033383452581, 40.401084844415536 ], [ 18.156046808005598, 40.401159359786121 ], [ 18.15565337781284, 40.401448897453051 ], [ 18.15520446987669, 40.401713587556969 ], [ 18.155030437408534, 40.401869097909433 ], [ 18.154965101250589, 40.401952092869692 ], [ 18.154900029491056, 40.402010394266242 ], [ 18.154818696718788, 40.402094364658417 ], [ 18.154666995505817, 40.402304783548928 ], [ 18.154652151429833, 40.402350992988694 ], [ 18.154645661233722, 40.402356320420282 ], [ 18.154355373043838, 40.402878614247243 ], [ 18.154331248183997, 40.402913654438059 ], [ 18.154267305401564, 40.402980364188529 ], [ 18.154173215560334, 40.403079158489923 ], [ 18.154087267700188, 40.403160321726297 ], [ 18.154027387601673, 40.403218221482383 ], [ 18.153936858717657, 40.403297420074004 ], [ 18.153819207725189, 40.403398055323876 ], [ 18.15369415734634, 40.403504692960951 ], [ 18.15363800328435, 40.403559138397334 ], [ 18.153584639451168, 40.403625344593308 ], [ 18.153548435701595, 40.403679616415189 ], [ 18.153421570752307, 40.403909911370278 ], [ 18.153322255647289, 40.404082083319878 ], [ 18.153219137717269, 40.404263607351488 ], [ 18.1531573211896, 40.404347686946934 ], [ 18.153104021165209, 40.404398381179604 ], [ 18.153025622953546, 40.404460630082824 ], [ 18.152855757791688, 40.404574036577699 ], [ 18.152701386500567, 40.40467555587739 ], [ 18.152472867184549, 40.404822634685061 ], [ 18.152250849961138, 40.404974795681106 ], [ 18.152111342718204, 40.405069936951122 ], [ 18.151915752413167, 40.405200418747114 ], [ 18.151745438903987, 40.405321158535685 ], [ 18.151584695785363, 40.405430371042058 ], [ 18.15147304797075, 40.405511349069421 ], [ 18.151361850098152, 40.405603737357445 ], [ 18.151279690170142, 40.405674815476964 ], [ 18.151117307313381, 40.405814054486051 ], [ 18.150988317222076, 40.4059220937242 ], [ 18.150905119268216, 40.405994172650828 ], [ 18.150848723141571, 40.406046551755793 ], [ 18.150795137953423, 40.40610962830047 ], [ 18.150731219359873, 40.406190926766037 ], [ 18.150646481831625, 40.406307783334015 ], [ 18.150583043451864, 40.406384484072227 ], [ 18.150495872810279, 40.406469668126164 ], [ 18.150354329815073, 40.40659704474573 ], [ 18.150156472615414, 40.406769502086576 ], [ 18.150057679926366, 40.406856631225864 ], [ 18.149964167987441, 40.40693144065181 ], [ 18.149874207565709, 40.406990454003733 ], [ 18.14969981863058, 40.407074276096594 ], [ 18.14959971316361, 40.407121424467974 ], [ 18.149444092157538, 40.407195376194174 ], [ 18.149247415516648, 40.407289377901819 ], [ 18.149062220580127, 40.407380528099317 ], [ 18.148888166281978, 40.407474344803973 ], [ 18.148701304367339, 40.407570194676346 ], [ 18.14854458037453, 40.407636962486258 ], [ 18.14843258224121, 40.407684262889703 ], [ 18.148227117677113, 40.40777538599545 ], [ 18.148094411870318, 40.40783546211243 ], [ 18.147999910755267, 40.407880294699545 ], [ 18.147969091637336, 40.407904895003625 ], [ 18.147901638304855, 40.407986504433183 ], [ 18.147645724003436, 40.408341781643884 ], [ 18.147588128312538, 40.4084726318099 ], [ 18.147515463206126, 40.408637614682917 ], [ 18.147465182858319, 40.408745947972996 ], [ 18.147402524536112, 40.408882709465871 ], [ 18.147355221731011, 40.408987133612868 ], [ 18.147296367339568, 40.409125378429863 ], [ 18.147284788898158, 40.409152758061886 ], [ 18.147263922698045, 40.409202061533016 ], [ 18.14722042140427, 40.40930796727379 ], [ 18.147200298945215, 40.409371706662085 ], [ 18.147166680730692, 40.409448495570494 ], [ 18.147151300767668, 40.409479761693952 ], [ 18.147112751035596, 40.409540751613278 ], [ 18.147045755990984, 40.409633255512198 ], [ 18.147017351902353, 40.409662165358995 ], [ 18.146908734829182, 40.409774797055704 ], [ 18.146828599132498, 40.409835666059877 ], [ 18.14660530964164, 40.4099821316209 ], [ 18.146465020640946, 40.410062912352508 ], [ 18.146228644166509, 40.410185939058863 ], [ 18.146101504042711, 40.410259182648062 ], [ 18.145947830247497, 40.410353909834974 ], [ 18.145901499452812, 40.410389765653669 ], [ 18.145773401899437, 40.410490010851035 ], [ 18.145648848746319, 40.410589961231018 ], [ 18.145527928448477, 40.41066491727171 ], [ 18.145391583704125, 40.41075762262642 ], [ 18.145192497822091, 40.410880217240106 ], [ 18.144766495255666, 40.411123153027532 ], [ 18.144032400737274, 40.411529734078734 ], [ 18.143971615794374, 40.41156495576692 ], [ 18.143925764619983, 40.41160310353667 ], [ 18.143875080653164, 40.4117133089322 ], [ 18.143859768252995, 40.411709339302028 ], [ 18.143846513357254, 40.411708610222995 ], [ 18.143826791851264, 40.41171299296883 ], [ 18.143705094216305, 40.411782528071654 ], [ 18.1434836747842, 40.411907898294913 ], [ 18.143327740939725, 40.412005870219296 ], [ 18.143158801557533, 40.412104936210902 ], [ 18.1430722361143, 40.41215235906386 ], [ 18.142867747417714, 40.412236997230089 ], [ 18.142786218831024, 40.412269360064201 ], [ 18.142710836118319, 40.412311281360047 ], [ 18.142658652587315, 40.412364993846602 ], [ 18.142629994043407, 40.41241583253813 ], [ 18.142606297654975, 40.412476315993779 ], [ 18.142563182442689, 40.412652707133766 ], [ 18.142541218860227, 40.412742308022231 ], [ 18.142484199527686, 40.412871394476078 ], [ 18.142419194546807, 40.412994742740963 ], [ 18.14237312644833, 40.413066230626526 ], [ 18.14233493092458, 40.413100492857254 ], [ 18.142314545056241, 40.413108586282739 ], [ 18.142223102774931, 40.413121664277888 ], [ 18.142126825138345, 40.413126000062398 ], [ 18.142075032617019, 40.413140350172931 ], [ 18.142009129145361, 40.413173251175451 ], [ 18.141968774362425, 40.413225984084356 ], [ 18.141901350455306, 40.413323927934364 ], [ 18.141845544211094, 40.413444683856845 ], [ 18.141771681815637, 40.413581566987695 ], [ 18.141669510333763, 40.41374640310562 ], [ 18.141578634851104, 40.413906644584884 ], [ 18.141499301496534, 40.414030264955848 ], [ 18.141447097846587, 40.414134270608955 ], [ 18.141408349432883, 40.414215203714349 ], [ 18.141381801920566, 40.414264039181937 ], [ 18.141253151098578, 40.414368897064421 ], [ 18.141145596858337, 40.414445484645746 ], [ 18.141020500483698, 40.414507986679212 ], [ 18.140816648491942, 40.414597143483746 ], [ 18.140623626072706, 40.414669857769027 ], [ 18.140504142633564, 40.414738284542196 ], [ 18.140289980848944, 40.414847500060468 ], [ 18.140259315032228, 40.414867417753229 ], [ 18.140026849179186, 40.415191932417173 ], [ 18.139903947189321, 40.415260568602797 ], [ 18.139712047626745, 40.415383868273878 ], [ 18.139498588904289, 40.415523514026496 ], [ 18.13933109043802, 40.4156376472556 ], [ 18.139182816570976, 40.415736443091689 ], [ 18.13901784433423, 40.41583498819351 ], [ 18.138841564460787, 40.415907559783705 ], [ 18.138833268615254, 40.415908830029565 ], [ 18.138795958066893, 40.415914561777058 ], [ 18.138769596387146, 40.415918601708 ], [ 18.138651263008416, 40.415931478126588 ], [ 18.138473919594094, 40.415953073341413 ], [ 18.138351677102658, 40.415996173205265 ], [ 18.138039162920261, 40.416151574955272 ], [ 18.137847595040835, 40.416255272378429 ], [ 18.137799167495022, 40.416281490450828 ], [ 18.137659693972271, 40.416356996429279 ], [ 18.137545779304098, 40.416416569968952 ], [ 18.137248854501223, 40.416569240356623 ], [ 18.137186604450317, 40.416601255808381 ], [ 18.137068203647235, 40.416665488444266 ], [ 18.137009100687958, 40.416710703623671 ], [ 18.136981789520028, 40.416753136869154 ], [ 18.137009290271813, 40.416803043435443 ], [ 18.137114851777824, 40.417009478841102 ], [ 18.137156763821675, 40.417106505774491 ], [ 18.137174737076585, 40.41715623152426 ], [ 18.137182007581757, 40.417177259901244 ], [ 18.137198000567366, 40.417817284756971 ], [ 18.137286976401754, 40.418272300064473 ], [ 18.137500770862236, 40.419088287662319 ], [ 18.137520978157831, 40.419268451131494 ], [ 18.137526678819029, 40.41937583597376 ], [ 18.137524845418248, 40.4194527314948 ], [ 18.137520861193, 40.419555904746709 ], [ 18.137513734214526, 40.419622108667269 ], [ 18.137501327860043, 40.419700228111374 ], [ 18.137490509495386, 40.419763839215193 ], [ 18.137471731222494, 40.419855723265222 ], [ 18.137446933018481, 40.419967674446951 ], [ 18.137409455030578, 40.420130632478468 ], [ 18.137357576922767, 40.420356416191424 ], [ 18.137302592803557, 40.42059042835087 ], [ 18.137257294178845, 40.42078436657841 ], [ 18.137273189202904, 40.420933832521548 ], [ 18.13723149247695, 40.421158957725623 ], [ 18.13722859877776, 40.421355438806401 ], [ 18.137253127755987, 40.421535926231641 ], [ 18.137371099889222, 40.421913297113782 ], [ 18.137430350089517, 40.422065126894537 ], [ 18.137501694589787, 40.422162676341692 ], [ 18.137495643422209, 40.422188510588697 ], [ 18.137520561060569, 40.422780198906956 ], [ 18.13747612407656, 40.423101285014127 ], [ 18.137741180580427, 40.4236709236257 ], [ 18.137786031363724, 40.4238593883954 ], [ 18.137819780451849, 40.424004778971685 ], [ 18.137835614906866, 40.424080221715251 ], [ 18.137846720446078, 40.424155803735722 ], [ 18.13785366753654, 40.424219769851298 ], [ 18.137856782521066, 40.424278426884911 ], [ 18.137859339473099, 40.42434885317445 ], [ 18.137859201887057, 40.424413038780784 ], [ 18.137857065179414, 40.424461914607896 ], [ 18.137850034198461, 40.424529926304707 ], [ 18.137842442810172, 40.424609707321281 ], [ 18.13782040427159, 40.424818296797255 ], [ 18.13781648740181, 40.424848108193679 ], [ 18.137808716300032, 40.424907304155219 ], [ 18.137784198271973, 40.425094212750579 ], [ 18.137755499183989, 40.425311134458809 ], [ 18.137738223784687, 40.425453586033292 ], [ 18.137726594865072, 40.425568748012438 ], [ 18.137722326250042, 40.425666504924216 ], [ 18.137722132513392, 40.425774078616207 ], [ 18.137727722554612, 40.425857059275742 ], [ 18.13773569700032, 40.42591827737035 ], [ 18.137746088695312, 40.425980330492131 ], [ 18.137758369434518, 40.426033282091112 ], [ 18.137789522695023, 40.426129934385784 ], [ 18.1378076040736, 40.426180899976856 ], [ 18.137839687347874, 40.426250416014625 ], [ 18.137862254548363, 40.426296720215007 ], [ 18.137895967441999, 40.426352620262527 ], [ 18.137926997435635, 40.426402277503115 ], [ 18.137967807145127, 40.426457957698283 ], [ 18.138000850268458, 40.426501230126377 ], [ 18.138058865936735, 40.426569034558931 ], [ 18.13814084541762, 40.42666501916451 ], [ 18.138338556110853, 40.426891198266254 ], [ 18.138514576173556, 40.427087315714516 ], [ 18.138680845159325, 40.427278309897119 ], [ 18.138792393775265, 40.427403132392591 ], [ 18.138873719681989, 40.427494144348422 ], [ 18.13888835112818, 40.427510508676214 ], [ 18.139051983525132, 40.42769616256124 ], [ 18.139185447124902, 40.427848400702452 ], [ 18.139323832075448, 40.428004107700353 ], [ 18.13945460205845, 40.428150104844036 ], [ 18.139588118791469, 40.428303241743862 ], [ 18.1396779323074, 40.42841530403377 ], [ 18.139729269262713, 40.428488693305454 ], [ 18.139777085747426, 40.428564943392956 ], [ 18.13981639485716, 40.428636937463303 ], [ 18.139853446209823, 40.428710814104512 ], [ 18.139880516582625, 40.428775061618239 ], [ 18.139900265805508, 40.42883501548301 ], [ 18.139920535746079, 40.428904888065553 ], [ 18.139948824414667, 40.429014290369601 ], [ 18.139974047338203, 40.429132828008015 ], [ 18.139989516807571, 40.429223637164156 ], [ 18.139998682818575, 40.429284822657209 ], [ 18.140003784911269, 40.429336185756135 ], [ 18.140006491879667, 40.429409318946661 ], [ 18.140007152430233, 40.429644323241355 ], [ 18.140003928688131, 40.429873110244117 ], [ 18.140001866897283, 40.430123563419919 ], [ 18.139998370985353, 40.430369541288783 ], [ 18.139995444317904, 40.43053685849808 ], [ 18.139991098149213, 40.430655407378772 ], [ 18.139975521739935, 40.43078514918524 ], [ 18.139956088729111, 40.430886993196701 ], [ 18.139937443688588, 40.430958977524533 ], [ 18.139916096510746, 40.431024721431058 ], [ 18.139883052565722, 40.431115235417174 ], [ 18.139861086196301, 40.431169251070749 ], [ 18.13983764340292, 40.43121788466766 ], [ 18.139819534037901, 40.431255503669099 ], [ 18.139801275388773, 40.431290422836668 ], [ 18.139663309548233, 40.431543278887709 ], [ 18.139581803916464, 40.431701280698 ], [ 18.139570597698306, 40.431729705049591 ], [ 18.139551030810015, 40.431780836240286 ], [ 18.139525248955941, 40.43186121804068 ], [ 18.139510409545867, 40.431915915372244 ], [ 18.13948899024442, 40.432002456428371 ], [ 18.139456711546625, 40.43217430034943 ], [ 18.139405449184661, 40.432456098433676 ], [ 18.139346280834257, 40.432789676227429 ], [ 18.139274693903047, 40.433178775367672 ], [ 18.139225506836311, 40.433455096556862 ], [ 18.139179489139124, 40.433541583786997 ], [ 18.139133838852118, 40.433578384034625 ], [ 18.139072466318009, 40.433579419824753 ], [ 18.138821769672955, 40.433728291064021 ], [ 18.138521362145791, 40.433903692502845 ], [ 18.138437373914684, 40.433969407225021 ], [ 18.138421259104952, 40.43399059715864 ], [ 18.138420999097551, 40.433991899424697 ], [ 18.138421465220187, 40.433996849592795 ], [ 18.138427528318701, 40.434009862016637 ], [ 18.138438135263474, 40.434030596027569 ], [ 18.138623753570762, 40.434287688630363 ], [ 18.138808129459719, 40.434497493921882 ], [ 18.139059606702038, 40.434790338700353 ], [ 18.139308353024681, 40.435003205099164 ], [ 18.139475847898655, 40.435130099726756 ], [ 18.139487775951299, 40.435137170196597 ], [ 18.139506772661367, 40.435144158400853 ], [ 18.139753929010556, 40.435285551793385 ], [ 18.139823372030921, 40.435340598699298 ], [ 18.140008724059921, 40.435476293231446 ], [ 18.140187963485531, 40.435601248032114 ], [ 18.140366057943424, 40.435727116359331 ], [ 18.140574060145241, 40.435876057576955 ], [ 18.140777176706571, 40.436016052260186 ], [ 18.141028161121405, 40.436192429830214 ], [ 18.141189507227462, 40.436305872399245 ], [ 18.141353253838268, 40.436421996563048 ], [ 18.141499251132572, 40.436533820592054 ], [ 18.141625114000245, 40.436641362598486 ], [ 18.141636528203062, 40.436652067611746 ], [ 18.141662784537274, 40.436676716959504 ], [ 18.141715183505259, 40.436725901638866 ], [ 18.141792132401054, 40.436803384810332 ], [ 18.141901903824412, 40.436931828034119 ], [ 18.141957759074558, 40.437014955838805 ], [ 18.142024844006862, 40.437130372459002 ], [ 18.142069016335743, 40.437219033067358 ], [ 18.142118298745668, 40.437328358884052 ], [ 18.142172835658425, 40.437464634624192 ], [ 18.142186118949525, 40.437500012805252 ], [ 18.142198673110101, 40.437533454512469 ], [ 18.14228599579959, 40.437765969127888 ], [ 18.142417916099919, 40.43812203087203 ], [ 18.14252131555472, 40.438406364356247 ], [ 18.142629637711337, 40.438701451376424 ], [ 18.14272555450809, 40.438964256285999 ], [ 18.142838983952917, 40.439279091431288 ], [ 18.142965903736314, 40.439620805330314 ], [ 18.143064367779058, 40.439893482447765 ], [ 18.143076795341052, 40.439927424669278 ], [ 18.143132647490006, 40.440079984662077 ], [ 18.143202617957719, 40.44027108659445 ], [ 18.143296132217838, 40.440532117102521 ], [ 18.143380793063535, 40.440761721873194 ], [ 18.143446773709741, 40.440941097095987 ], [ 18.143507638207574, 40.441098924609378 ], [ 18.143555467319395, 40.441193851132518 ], [ 18.14359799945727, 40.441259110632792 ], [ 18.143654663870763, 40.441323309912612 ], [ 18.143714691199271, 40.441378473726999 ], [ 18.143778124096198, 40.441427286780481 ], [ 18.143821096887375, 40.441454714042642 ], [ 18.143940291219408, 40.441521806332474 ], [ 18.144170259946932, 40.441647066908885 ], [ 18.144400230018654, 40.441772337787263 ], [ 18.144605202217519, 40.44188528102886 ], [ 18.144741065782348, 40.441961186733394 ], [ 18.144909101585732, 40.44205383556811 ], [ 18.144999725335929, 40.442106841488815 ], [ 18.145094027006337, 40.442166107877938 ], [ 18.145211168679349, 40.442248528690605 ], [ 18.145357189605157, 40.442361247605987 ], [ 18.145505864597588, 40.442488341174041 ], [ 18.145660583301051, 40.442623473445764 ], [ 18.145821341592704, 40.442765745615219 ], [ 18.145928207890453, 40.442865398426193 ], [ 18.145985413355621, 40.442923430032792 ], [ 18.146047249536185, 40.442985199440024 ], [ 18.14607779330942, 40.443019278280296 ], [ 18.146220914896112, 40.443123608518619 ], [ 18.146282853514371, 40.443164577983062 ], [ 18.146331195137346, 40.443204440708804 ], [ 18.146379230714302, 40.44324405955718 ], [ 18.146409410639038, 40.443272104563 ], [ 18.146504364636183, 40.443323512348968 ], [ 18.14648459442947, 40.443332701254064 ], [ 18.146448226296439, 40.443350091932459 ], [ 18.146413109744149, 40.443372879684347 ], [ 18.146387396921241, 40.443391999400752 ], [ 18.146371058994877, 40.443407439263687 ], [ 18.146367442982754, 40.443416600559303 ], [ 18.146301888524988, 40.443463257272654 ], [ 18.146236653917462, 40.443495955290473 ], [ 18.14619466133091, 40.443524237187823 ], [ 18.146169413749618, 40.443547316241649 ], [ 18.14615408311527, 40.44356564868265 ], [ 18.146143912795193, 40.443595531549029 ], [ 18.14614312398059, 40.443617277771985 ], [ 18.146160648996155, 40.443719218240425 ], [ 18.146218378808179, 40.443924309712678 ], [ 18.146301285298453, 40.444152277394124 ], [ 18.146348741894833, 40.444280459213374 ], [ 18.146440999590183, 40.44448547453046 ], [ 18.146527940979016, 40.444739992618686 ], [ 18.146598179958456, 40.444897321516635 ], [ 18.146626066675069, 40.444909810906381 ], [ 18.146716659988275, 40.44503498700665 ], [ 18.14675822537075, 40.445253620071426 ], [ 18.146804968490052, 40.445502195191281 ], [ 18.146859309019352, 40.445795569112093 ], [ 18.146922278340856, 40.44611946474221 ], [ 18.146967919491377, 40.446353244372524 ], [ 18.146978771366239, 40.446448312273169 ], [ 18.146986006893769, 40.446545262089323 ], [ 18.146985059242496, 40.44666511255145 ], [ 18.146966067473738, 40.446838667672203 ], [ 18.146954461052921, 40.446936779422032 ], [ 18.146926125833922, 40.447173841224632 ], [ 18.146877531724517, 40.447542378023769 ], [ 18.14684400142918, 40.447782769809415 ], [ 18.146684739278538, 40.447950451929472 ], [ 18.146496620590984, 40.448239274291858 ], [ 18.14643845870706, 40.448344525137692 ], [ 18.146405415753964, 40.448437042114826 ], [ 18.146359512605883, 40.448594269389858 ], [ 18.146302794711769, 40.448845632708561 ], [ 18.146276491895318, 40.449027992101016 ], [ 18.146260100033711, 40.44912772208918 ], [ 18.146218407664637, 40.449279900587484 ], [ 18.146157940522247, 40.449423688104083 ], [ 18.146088622359112, 40.449552295045983 ], [ 18.145996042412783, 40.449697121235388 ], [ 18.145889355500668, 40.449835005400864 ], [ 18.145794660580489, 40.449950146356976 ], [ 18.145569822155196, 40.450176446993304 ], [ 18.145375566106857, 40.450334441522408 ], [ 18.145168230529222, 40.450489787235789 ], [ 18.144937036885537, 40.450617776151837 ], [ 18.144740942417357, 40.45073147676861 ], [ 18.144476333531969, 40.450892010649092 ], [ 18.144296813461587, 40.450993809608072 ], [ 18.144149242157528, 40.451070185562656 ], [ 18.144061494123775, 40.451125023722284 ], [ 18.143954027832113, 40.451225454912333 ], [ 18.143826787995568, 40.451336027496396 ], [ 18.143654094893286, 40.451463004941999 ], [ 18.143529790174195, 40.451540924634045 ], [ 18.143395995135229, 40.451622762933802 ], [ 18.143242331906006, 40.451726672030809 ], [ 18.14315327937306, 40.451796044377382 ], [ 18.143038990152849, 40.451902572583684 ], [ 18.142975921442869, 40.451964624715529 ], [ 18.142919938595437, 40.452044018666186 ], [ 18.142844258969362, 40.452179094483462 ], [ 18.142765969441019, 40.452335627339643 ], [ 18.142681136956806, 40.452525912442603 ], [ 18.142615441450008, 40.452691296747304 ], [ 18.14252572552947, 40.452942691562633 ], [ 18.14247041695333, 40.453093210909294 ], [ 18.142402571184313, 40.453268636888339 ], [ 18.142307798473134, 40.453440391131494 ], [ 18.14219698830912, 40.453592285447293 ], [ 18.142133328464318, 40.45366487150924 ], [ 18.142012574297262, 40.453788111353539 ], [ 18.14187859286951, 40.453894509504984 ], [ 18.141640682508029, 40.454092514430833 ], [ 18.141489885527363, 40.454258840572919 ], [ 18.141280331943644, 40.454503330940753 ], [ 18.141179707843268, 40.454629127949573 ], [ 18.140976848916594, 40.454858280612996 ], [ 18.140882286063757, 40.454938985927924 ], [ 18.140671761647582, 40.455093722313926 ], [ 18.140482979626398, 40.455207488964916 ], [ 18.140288820198155, 40.455310627446636 ], [ 18.139904856903463, 40.45551167808479 ], [ 18.139502258357215, 40.455732858394192 ], [ 18.139239014283049, 40.455889502815197 ], [ 18.138855083395242, 40.456093917718363 ], [ 18.138715031438849, 40.456175093918013 ], [ 18.138582200810848, 40.456252488926111 ], [ 18.138340448447426, 40.456421295628246 ], [ 18.138151176560346, 40.456558835726881 ], [ 18.137995151630317, 40.456666826437285 ], [ 18.137916564682122, 40.456712135725262 ], [ 18.137717688981514, 40.456816367239156 ], [ 18.137497342056193, 40.456929288012219 ], [ 18.137345962689363, 40.45699578278866 ], [ 18.137187080712309, 40.457076901291593 ], [ 18.137025400860797, 40.457160590504053 ], [ 18.136829172017144, 40.457251373304416 ], [ 18.136646021225481, 40.457331610105335 ], [ 18.13649932907289, 40.457394573650134 ], [ 18.136431821479029, 40.45742503121415 ], [ 18.136379404139873, 40.45744904785218 ], [ 18.135873969217915, 40.457857477868814 ], [ 18.132787425663196, 40.458557739356991 ], [ 18.132697588402088, 40.458559576608266 ], [ 18.132405828843336, 40.45862095259988 ], [ 18.132179646123351, 40.458670193040611 ], [ 18.131917658750176, 40.458723943830101 ], [ 18.131788040569315, 40.458754843829716 ], [ 18.131659591463013, 40.458762798322802 ], [ 18.131502881604192, 40.458752923302697 ], [ 18.131410618053739, 40.45874970219954 ], [ 18.131294223203884, 40.458783555827281 ], [ 18.13119639187035, 40.458793889656846 ], [ 18.131090782086609, 40.458824559417891 ], [ 18.130974031818756, 40.458853562215644 ], [ 18.130789417573205, 40.458906406947477 ], [ 18.130525027084079, 40.458977815702774 ], [ 18.130390994956464, 40.459012921148705 ], [ 18.13034421372009, 40.459011319661606 ], [ 18.130255138562937, 40.459038611394249 ], [ 18.130205023226296, 40.459050576414491 ], [ 18.130110310110311, 40.459047379239827 ], [ 18.129999985709432, 40.459047602632886 ], [ 18.129936477261136, 40.459061292397685 ], [ 18.129813924611799, 40.459102226972156 ], [ 18.129727696874557, 40.459156910502628 ], [ 18.129691446526788, 40.459197419024477 ], [ 18.129675339829415, 40.459275165738951 ], [ 18.129667836087233, 40.459442973902071 ], [ 18.129674556165888, 40.459459904969066 ], [ 18.129652875896721, 40.459791387801495 ], [ 18.129825588724014, 40.460093375073832 ] ], [ [ 18.213136940332056, 40.377728331241698 ], [ 18.214383179060501, 40.377415418314087 ], [ 18.214333812449183, 40.377300426743979 ], [ 18.214340103773772, 40.377208873746184 ], [ 18.214929574250849, 40.376762510425095 ], [ 18.214769921466729, 40.376693503299556 ], [ 18.215175002636347, 40.376155207810619 ], [ 18.215812591965154, 40.376560238745853 ], [ 18.216439799918529, 40.376055779521955 ], [ 18.217441683906781, 40.376740216788598 ], [ 18.216233488941871, 40.377643121270964 ], [ 18.21693453648804, 40.378229227761139 ], [ 18.217017355165463, 40.378350236633814 ], [ 18.215273661195479, 40.378443423245237 ], [ 18.215203220787345, 40.378883907903983 ], [ 18.214947403791061, 40.378755979868124 ], [ 18.2137459296016, 40.378117691721222 ], [ 18.21322029717934, 40.377843009006099 ], [ 18.213136940332056, 40.377728331241698 ] ] ] ] } },
{ "type": "Feature", "properties": { "fid": 9.0, "ogc_fid": 9.0, "district": "Leuca", "_mean": -1.472580469377436, "_stdev": 2.781402866239997, "_min": -7.9108371734619141, "_max": 5.9834117889404297 }, "geometry": { "type": "MultiPolygon", "coordinates": [ [ [ [ 18.176811670277193, 40.351254136447885 ], [ 18.176811670277196, 40.351254136447885 ], [ 18.178162103535982, 40.35043254879151 ], [ 18.180403155088936, 40.348697038238058 ], [ 18.185202289309931, 40.347738262825864 ], [ 18.189801461099393, 40.346195656772586 ], [ 18.192193799986189, 40.3454265016058 ], [ 18.193001330899648, 40.345179697348399 ], [ 18.193225059780243, 40.345173703891753 ], [ 18.194891667928999, 40.345122028668548 ], [ 18.197918282138016, 40.345250581809367 ], [ 18.199716247244289, 40.34534423820358 ], [ 18.200903019306576, 40.345241053492323 ], [ 18.203719662181093, 40.344522506034814 ], [ 18.209957165216093, 40.342930975927473 ], [ 18.217110469829422, 40.341026131835847 ], [ 18.217101468110503, 40.341006489387254 ], [ 18.216967722267071, 40.340750560725134 ], [ 18.216899777401906, 40.340621457069894 ], [ 18.216738858426829, 40.340313918206007 ], [ 18.216703942627301, 40.340220454139263 ], [ 18.216681147601641, 40.340151483001137 ], [ 18.216638724463561, 40.340036277962739 ], [ 18.216598649850852, 40.339916495046197 ], [ 18.216754354225102, 40.339549083129462 ], [ 18.217007057699895, 40.339343068144601 ], [ 18.216923128078061, 40.339083657385672 ], [ 18.216922311111386, 40.339070683099337 ], [ 18.21688055134468, 40.338882773564627 ], [ 18.216869829787807, 40.338834526381532 ], [ 18.216853567808645, 40.338761347277597 ], [ 18.2171241130333, 40.33854198242571 ], [ 18.217364237406095, 40.338347278369611 ], [ 18.217587366766583, 40.338184364233939 ], [ 18.217688774417436, 40.338064147414968 ], [ 18.217666327102116, 40.337976947513042 ], [ 18.217326063706558, 40.337938694291431 ], [ 18.217250916402485, 40.337917736036573 ], [ 18.217188230013253, 40.33788709058328 ], [ 18.21707852688883, 40.337845918976598 ], [ 18.216958663363549, 40.337771713414504 ], [ 18.216956158017386, 40.337768036271626 ], [ 18.216646542754034, 40.337502129084754 ], [ 18.216554056574388, 40.337422695319567 ], [ 18.216487276462594, 40.337365340721988 ], [ 18.216589305867391, 40.337174992010894 ], [ 18.216711118109945, 40.336812717185104 ], [ 18.216741273603006, 40.336520618034534 ], [ 18.216675607291684, 40.33640457383374 ], [ 18.216517167324547, 40.336247228408411 ], [ 18.216405040953351, 40.336144362881527 ], [ 18.216320733539458, 40.336075005192406 ], [ 18.216248932441783, 40.336028168001548 ], [ 18.216308180899087, 40.335975584541494 ], [ 18.216308267198229, 40.335930053780331 ], [ 18.216261395222194, 40.33567387117067 ], [ 18.216246930450609, 40.335613458813548 ], [ 18.216190788968127, 40.335481441061731 ], [ 18.215924956904836, 40.335129730552239 ], [ 18.215710548269623, 40.334848078360238 ], [ 18.215452657054438, 40.334538586483269 ], [ 18.215136864066029, 40.334009317604938 ], [ 18.215383217594038, 40.333822703745895 ], [ 18.215393446772829, 40.333746140972295 ], [ 18.215369957011525, 40.333302884795131 ], [ 18.215369008816271, 40.333295561500215 ], [ 18.215361075576737, 40.333233075794112 ], [ 18.215334592561376, 40.332970263644349 ], [ 18.215396234256318, 40.3327799751005 ], [ 18.215440539902609, 40.332638795699999 ], [ 18.215479421259676, 40.332509539319062 ], [ 18.215496598270068, 40.332424839053822 ], [ 18.215492969265558, 40.332340483569176 ], [ 18.215470235251072, 40.332211320471103 ], [ 18.215546860501998, 40.332118871836819 ], [ 18.21562178493172, 40.3320241701051 ], [ 18.215784422253087, 40.331897295406272 ], [ 18.215919821474838, 40.331800516002566 ], [ 18.216140153336848, 40.33162664366214 ], [ 18.216256188344321, 40.331496322281367 ], [ 18.216639215006673, 40.331067530685807 ], [ 18.217309997247174, 40.330323909774663 ], [ 18.216739734332116, 40.330230650157411 ], [ 18.215796385299505, 40.330080040353394 ], [ 18.215646613585562, 40.330062903179034 ], [ 18.214959889269601, 40.329942781424997 ], [ 18.214584416079507, 40.329885809985356 ], [ 18.21429398835555, 40.329854665332135 ], [ 18.2137035402713, 40.329788621691961 ], [ 18.21323111583078, 40.329726179956701 ], [ 18.2128522144355, 40.329674288030432 ], [ 18.212790568815262, 40.329672550500398 ], [ 18.212694135616946, 40.329676542991422 ], [ 18.212592151092483, 40.329686562278013 ], [ 18.212433483893001, 40.3297032011547 ], [ 18.212298495115714, 40.329721316241084 ], [ 18.212267416005549, 40.329722610725128 ], [ 18.212193490402285, 40.329716800823803 ], [ 18.212140521574241, 40.329702482204866 ], [ 18.212073713770362, 40.329684469883716 ], [ 18.211989507373811, 40.329652184116888 ], [ 18.211946721603919, 40.32963470193161 ], [ 18.211933309901273, 40.32963158001219 ], [ 18.211881793959677, 40.329599812220124 ], [ 18.211805762115898, 40.329556905062944 ], [ 18.21164177114866, 40.329382575541572 ], [ 18.211536096815728, 40.329140261706556 ], [ 18.211412655808278, 40.329081470348186 ], [ 18.211379158201311, 40.329076036943555 ], [ 18.211146750727288, 40.328979353010041 ], [ 18.211046626809978, 40.328991711468937 ], [ 18.210838279739932, 40.329017424167716 ], [ 18.210773078546531, 40.329044174318327 ], [ 18.210312241606182, 40.328842368751062 ], [ 18.209993283938221, 40.328655050278876 ], [ 18.209984515520226, 40.328664266597364 ], [ 18.209851198056306, 40.328753927001991 ], [ 18.209807424953059, 40.328783350925121 ], [ 18.209624494368612, 40.32890636210859 ], [ 18.209588942462929, 40.32891210344696 ], [ 18.209573003474048, 40.328912762317913 ], [ 18.209023069135455, 40.32879767380151 ], [ 18.208518618893816, 40.32869292974349 ], [ 18.208481824886722, 40.328686817822899 ], [ 18.208447484333838, 40.328670196885284 ], [ 18.208414469641596, 40.328644056582014 ], [ 18.208382387315833, 40.328614197522597 ], [ 18.208318973662273, 40.328565157010061 ], [ 18.208225277570104, 40.328499943022635 ], [ 18.208140680396916, 40.328456363299992 ], [ 18.208093330772009, 40.328442122779428 ], [ 18.208029801308619, 40.328425195185794 ], [ 18.207737944467837, 40.328332116393739 ], [ 18.207531232051551, 40.328262127245416 ], [ 18.207477813165969, 40.328246909245777 ], [ 18.207455262443975, 40.328238672308771 ], [ 18.207282468416562, 40.32819631318408 ], [ 18.20725057244395, 40.328186018987651 ], [ 18.207146332524598, 40.328146919745599 ], [ 18.206995676283867, 40.328061749891603 ], [ 18.20682882166178, 40.327967777388551 ], [ 18.206554605108845, 40.327818957216408 ], [ 18.206377372502757, 40.327737917814659 ], [ 18.206270740003106, 40.327677798814889 ], [ 18.206159151629979, 40.327608206768133 ], [ 18.206088610146708, 40.327564163476374 ], [ 18.206020158467009, 40.327520559346439 ], [ 18.205935660183158, 40.327458835171221 ], [ 18.205867839136694, 40.327405880419946 ], [ 18.205803741606204, 40.327358786752072 ], [ 18.205659908647846, 40.32727125513378 ], [ 18.205424669325357, 40.327130024666545 ], [ 18.205216267393176, 40.327008469955295 ], [ 18.205156309516831, 40.327000070376386 ], [ 18.205064246678145, 40.326913067398742 ], [ 18.203887953532966, 40.326333890625605 ], [ 18.203827599885315, 40.32630418358999 ], [ 18.203755656591508, 40.326268752345889 ], [ 18.203583174453442, 40.32617628209232 ], [ 18.203508646576555, 40.326129798715705 ], [ 18.203437908471436, 40.326048904429406 ], [ 18.203363083972111, 40.325948848426378 ], [ 18.203356767571826, 40.325944438964669 ], [ 18.203193166853179, 40.325788395599695 ], [ 18.203189621093564, 40.325787575172065 ], [ 18.203096845128599, 40.325701029873329 ], [ 18.202757758634107, 40.3253665559048 ], [ 18.202501461937889, 40.325145265155712 ], [ 18.202179293649699, 40.324882324210229 ], [ 18.202146562216985, 40.324825658529683 ], [ 18.201969815026064, 40.324709718266604 ], [ 18.20194847415971, 40.324705076522044 ], [ 18.201891459896487, 40.324700142407664 ], [ 18.201828262881442, 40.32466067744538 ], [ 18.201762891793447, 40.32460485294299 ], [ 18.201644952762226, 40.324482238874104 ], [ 18.201441473715661, 40.324247272451089 ], [ 18.201249539558372, 40.324043692238789 ], [ 18.201149722560448, 40.323957657397784 ], [ 18.201001597781861, 40.323856674147677 ], [ 18.200820882748339, 40.323753485982671 ], [ 18.200418008507022, 40.323520237617998 ], [ 18.200147787623717, 40.323361702275221 ], [ 18.199560084707354, 40.323025987681135 ], [ 18.199471648822069, 40.322966304134056 ], [ 18.199407545497959, 40.322921341608776 ], [ 18.199347024559096, 40.322856014131176 ], [ 18.199224456461081, 40.322705704832245 ], [ 18.198843510266499, 40.322197701435776 ], [ 18.198839910624926, 40.322187217856751 ], [ 18.198914523777511, 40.322122600707203 ], [ 18.198943562993218, 40.322092895212577 ], [ 18.198649496340146, 40.322043206550859 ], [ 18.198502964971148, 40.322006665969752 ], [ 18.198360119254865, 40.321965988060214 ], [ 18.197793715830979, 40.321804622997057 ], [ 18.19765079277752, 40.321756011173413 ], [ 18.197036266912722, 40.321540789819231 ], [ 18.196377100630958, 40.321306707052642 ], [ 18.196346860344676, 40.321308696366842 ], [ 18.196265079039748, 40.321274753784358 ], [ 18.196159727477092, 40.32121333957722 ], [ 18.196121397182491, 40.32119027893625 ], [ 18.196087196254222, 40.321169689086922 ], [ 18.195862116269005, 40.321034240910919 ], [ 18.1956941760108, 40.320933168149779 ], [ 18.195508265726552, 40.320821288251445 ], [ 18.195160272208334, 40.320611263741512 ], [ 18.195158351712614, 40.32060996579002 ], [ 18.195130078582487, 40.320590796986387 ], [ 18.194894771496894, 40.320431249476016 ], [ 18.194672514509246, 40.320278913799243 ], [ 18.194619968998108, 40.320242356813921 ], [ 18.194478002275009, 40.320162218859188 ], [ 18.194255134583774, 40.320069082458602 ], [ 18.194225448955397, 40.320054383915085 ], [ 18.194134016103138, 40.320009110941733 ], [ 18.194110415473162, 40.31999743266077 ], [ 18.193849570931086, 40.319867220260171 ], [ 18.193575311769756, 40.319729152768105 ], [ 18.19330229987051, 40.319609822546759 ], [ 18.193146265898786, 40.319538788604525 ], [ 18.192981111584796, 40.319473969075965 ], [ 18.192732717376892, 40.319387103090278 ], [ 18.192473694083766, 40.319293863203846 ], [ 18.192328096131394, 40.319235493717215 ], [ 18.192248179235239, 40.319245292401767 ], [ 18.19219617368967, 40.319272856472402 ], [ 18.192183399998996, 40.319282954897432 ], [ 18.192133709878298, 40.319333675049492 ], [ 18.191985261088568, 40.319489294916913 ], [ 18.191789377538754, 40.319683394837362 ], [ 18.191723990399911, 40.319748365105042 ], [ 18.191678700944959, 40.31979335215896 ], [ 18.191558775482115, 40.319919047852267 ], [ 18.191395987124203, 40.320141028524027 ], [ 18.191220748256796, 40.320419988853011 ], [ 18.191164993144746, 40.320534103474635 ], [ 18.191107796230273, 40.320684042726334 ], [ 18.19092364094433, 40.321205513922827 ], [ 18.190475276334531, 40.320807308756926 ], [ 18.190165022700892, 40.320548747520363 ], [ 18.190156402749249, 40.320557106195579 ], [ 18.190056969188028, 40.320475001394875 ], [ 18.190067441393566, 40.320464846038227 ], [ 18.189499438421702, 40.320024048683202 ], [ 18.189086645623263, 40.320382264750293 ], [ 18.188985502269013, 40.320297453647242 ], [ 18.188971734103031, 40.320304940110418 ], [ 18.188777810770723, 40.320444850581417 ], [ 18.188366559269266, 40.320796298757209 ], [ 18.188095278357906, 40.321029759915803 ], [ 18.18795312244854, 40.321170600727704 ], [ 18.187786774208135, 40.321361773374583 ], [ 18.187667043528521, 40.321582642231498 ], [ 18.187609569525542, 40.321686887686688 ], [ 18.187531542186072, 40.321749644488662 ], [ 18.187425036145758, 40.321825427261665 ], [ 18.187317700964673, 40.321938593893236 ], [ 18.187198917562664, 40.322073350729532 ], [ 18.186890566255784, 40.322327953168141 ], [ 18.186824483982463, 40.322378607925494 ], [ 18.186896418963244, 40.32243103734848 ], [ 18.186206370463399, 40.322955515017576 ], [ 18.18585509678158, 40.323053828551643 ], [ 18.185703943541764, 40.323135643140446 ], [ 18.185601535886271, 40.323233639667222 ], [ 18.185407677169039, 40.323326974742145 ], [ 18.185342145423299, 40.323380620032097 ], [ 18.18526096697137, 40.323368984990687 ], [ 18.184958910633238, 40.323535597675296 ], [ 18.184916320945621, 40.323560375242756 ], [ 18.184895775205508, 40.323589863006724 ], [ 18.184881432710473, 40.323643397865538 ], [ 18.184855084487289, 40.323658609096164 ], [ 18.184709278426951, 40.32373066815439 ], [ 18.184518887266442, 40.323870205852558 ], [ 18.18454864080552, 40.323948946693733 ], [ 18.18463782758268, 40.324028892303623 ], [ 18.184715996015186, 40.324111960686501 ], [ 18.18470970796935, 40.324214439238276 ], [ 18.184703874958139, 40.324248693334482 ], [ 18.1846866825619, 40.324277575249234 ], [ 18.184614065499037, 40.324313669776231 ], [ 18.184564280034465, 40.324360507339819 ], [ 18.18448861102172, 40.324410879144381 ], [ 18.184342496532128, 40.324463213687274 ], [ 18.184349148947664, 40.324525531847037 ], [ 18.184328640789651, 40.324563034718878 ], [ 18.184300564140347, 40.324597901722221 ], [ 18.184193217491707, 40.324606544835511 ], [ 18.184096752499709, 40.324609202797689 ], [ 18.183630153944257, 40.324877774496244 ], [ 18.183628704643461, 40.324876434548742 ], [ 18.183619978352855, 40.324883060923973 ], [ 18.183308898146251, 40.32464473020309 ], [ 18.183273341374452, 40.324617487077617 ], [ 18.183182405819768, 40.324587427997663 ], [ 18.182565865064479, 40.324385780040686 ], [ 18.182463720822682, 40.324745249268837 ], [ 18.182455424566879, 40.324771589079596 ], [ 18.182408252416213, 40.324806266345199 ], [ 18.182380568006863, 40.324830625313155 ], [ 18.181997963585715, 40.325111794810674 ], [ 18.181981478243603, 40.325125353943996 ], [ 18.181904459118272, 40.325169494170531 ], [ 18.181829186987539, 40.325237634979388 ], [ 18.181815980190649, 40.325290552749912 ], [ 18.1818237048208, 40.325371423026198 ], [ 18.181845270668049, 40.325412872188735 ], [ 18.181881931099387, 40.325463247808351 ], [ 18.181911090832003, 40.325503315152417 ], [ 18.18202756346259, 40.325640761647676 ], [ 18.182049532608993, 40.325670306799836 ], [ 18.182188436300581, 40.325771105604474 ], [ 18.182376704171904, 40.325791108362012 ], [ 18.182418884245248, 40.325826758449011 ], [ 18.182432746769638, 40.325980445282923 ], [ 18.182431230814245, 40.325995961082306 ], [ 18.182423743536596, 40.326081215110605 ], [ 18.182456592343065, 40.326209350380019 ], [ 18.182488888056703, 40.326325768331792 ], [ 18.182464748841223, 40.326495885675683 ], [ 18.182178577214295, 40.327200702048479 ], [ 18.182223672999974, 40.327232818613496 ], [ 18.182243732090619, 40.327247104391141 ], [ 18.182277412198907, 40.327670025354443 ], [ 18.182279728624916, 40.327699120869411 ], [ 18.182301759719145, 40.327881010672037 ], [ 18.182324844614541, 40.327967811432259 ], [ 18.182391866678252, 40.328137664614317 ], [ 18.182456627561479, 40.328312832911891 ], [ 18.182508398145629, 40.328405044058528 ], [ 18.182588837567877, 40.32855997946632 ], [ 18.18264461618416, 40.328649520367996 ], [ 18.182789798173658, 40.328882579113689 ], [ 18.18294659015347, 40.329058480034277 ], [ 18.182999343961587, 40.329125273094085 ], [ 18.1829591226787, 40.329148347256265 ], [ 18.183012273704648, 40.329443012134561 ], [ 18.183158938697172, 40.329929704734191 ], [ 18.183196021564346, 40.330002097579062 ], [ 18.183202622200106, 40.330025081784214 ], [ 18.18320167225027, 40.330053480031282 ], [ 18.183195500636476, 40.330079156085297 ], [ 18.183190958688161, 40.330105950953481 ], [ 18.183183472780442, 40.330198873513581 ], [ 18.183188627044995, 40.330268227814436 ], [ 18.183206605541816, 40.330351308610219 ], [ 18.183229406761932, 40.330427526515273 ], [ 18.18332260382547, 40.330561748655541 ], [ 18.183354244607091, 40.330647540663357 ], [ 18.183378267067454, 40.330712233749722 ], [ 18.183412646521756, 40.33079869787526 ], [ 18.183434135181734, 40.330832188417119 ], [ 18.183528046728838, 40.330896757513301 ], [ 18.183579547132492, 40.330925249174982 ], [ 18.183379266298573, 40.33126384763785 ], [ 18.183372156944642, 40.331286101648423 ], [ 18.183362058793463, 40.331382834075917 ], [ 18.183352374102032, 40.331475646070494 ], [ 18.183334544475805, 40.331646465153057 ], [ 18.183321489305705, 40.331687237433243 ], [ 18.183270847056249, 40.331789653288403 ], [ 18.183085655943994, 40.332115800405731 ], [ 18.1829292657624, 40.332440505428977 ], [ 18.182911616810998, 40.332477152888217 ], [ 18.182816094937493, 40.332616074349353 ], [ 18.182570136009929, 40.332938219976327 ], [ 18.182658359828828, 40.333031957958795 ], [ 18.182819254408074, 40.333207490072517 ], [ 18.182958637064889, 40.333305190488531 ], [ 18.183027411645668, 40.333346432445794 ], [ 18.183329246853855, 40.333524314327505 ], [ 18.183377787592555, 40.333579269101023 ], [ 18.183448369514004, 40.33366067188426 ], [ 18.183504059613469, 40.333798947997181 ], [ 18.183463107204378, 40.334197994867893 ], [ 18.183348717586217, 40.334604441984446 ], [ 18.183415872012866, 40.334687619895085 ], [ 18.183698608939881, 40.334899311321614 ], [ 18.183549847508282, 40.335008499921379 ], [ 18.183417152642026, 40.335128520683796 ], [ 18.183339522994004, 40.335211637640704 ], [ 18.183266705530713, 40.335315239013234 ], [ 18.183137969063928, 40.33550186889498 ], [ 18.183036355539254, 40.335645177213628 ], [ 18.18300333001994, 40.335720518997121 ], [ 18.182929696621283, 40.335806795148379 ], [ 18.182717188336692, 40.335968597523525 ], [ 18.18262368201535, 40.336035760354811 ], [ 18.182425010269863, 40.336192929806295 ], [ 18.182247921785745, 40.336355157338119 ], [ 18.182057992236636, 40.336687057277132 ], [ 18.181997978790005, 40.336811714925147 ], [ 18.181893791465669, 40.336949688933103 ], [ 18.18182078526284, 40.337022276291819 ], [ 18.181717620582493, 40.337125941329013 ], [ 18.181603474852238, 40.337276287487981 ], [ 18.181515645942103, 40.337425908963091 ], [ 18.181216918721692, 40.337910022037171 ], [ 18.180976335439638, 40.338285662065388 ], [ 18.180775734413753, 40.338502913532338 ], [ 18.18073286726284, 40.338487961966777 ], [ 18.180573144705896, 40.338397583113313 ], [ 18.180451226563164, 40.338302086950321 ], [ 18.180405792171232, 40.338257003633395 ], [ 18.180126864676851, 40.338097312145358 ], [ 18.179972229981527, 40.337993335947928 ], [ 18.179800832171413, 40.337888504001526 ], [ 18.17963891725816, 40.337770950564312 ], [ 18.17887117224484, 40.337230059903312 ], [ 18.17867184279952, 40.337168028526769 ], [ 18.178401195700967, 40.337083803474776 ], [ 18.178380168546397, 40.337078174210603 ], [ 18.178304473498738, 40.337053505406516 ], [ 18.178178528398494, 40.33701449059285 ], [ 18.178118408359715, 40.336998202146333 ], [ 18.178084776681086, 40.336989093315552 ], [ 18.177959354158379, 40.33728179023278 ], [ 18.177857837806879, 40.337252318980866 ], [ 18.177922272027573, 40.337109392707589 ], [ 18.177181556102731, 40.336914488265712 ], [ 18.176895067217671, 40.336839197833498 ], [ 18.176524248879751, 40.336742518427748 ], [ 18.176520670368419, 40.336722451901366 ], [ 18.17652634420476, 40.336506532964748 ], [ 18.176494186708677, 40.336486895375316 ], [ 18.176082189496096, 40.336307010218199 ], [ 18.175667837722944, 40.336238172688361 ], [ 18.175362348673925, 40.33618403742144 ], [ 18.175119663130893, 40.336143249833121 ], [ 18.17489718527602, 40.336106687444719 ], [ 18.174876344687437, 40.336104219274709 ], [ 18.174606195637299, 40.336537664109159 ], [ 18.174572869747568, 40.336513432074241 ], [ 18.174382771349229, 40.336394889000125 ], [ 18.1740485840471, 40.336025722014412 ], [ 18.173785052950848, 40.336220635941665 ], [ 18.173579861916725, 40.336194631608144 ], [ 18.173427490956421, 40.335674701487726 ], [ 18.173169595711681, 40.334969728423125 ], [ 18.173320103781265, 40.334910829089139 ], [ 18.173614235382356, 40.334697142856726 ], [ 18.173959884555146, 40.334446027214355 ], [ 18.173832127683934, 40.334333039451728 ], [ 18.173738826202307, 40.334250521712605 ], [ 18.173696598557928, 40.334213176479544 ], [ 18.173604856813068, 40.334132037097362 ], [ 18.173512926338613, 40.33405073349013 ], [ 18.173422766688827, 40.333970995233649 ], [ 18.17332605753553, 40.333885461504899 ], [ 18.17323702548298, 40.333806718931832 ], [ 18.173211856258114, 40.33378446020243 ], [ 18.173018690432873, 40.333942321721054 ], [ 18.172980995636795, 40.33397312496146 ], [ 18.172780851020256, 40.333908347646393 ], [ 18.172473931075704, 40.333037009829965 ], [ 18.172418336525595, 40.332899874800283 ], [ 18.172277040474491, 40.332543620584133 ], [ 18.172265784948941, 40.33251436041661 ], [ 18.172195538431975, 40.332527233225527 ], [ 18.171967280758981, 40.332569060485277 ], [ 18.17159821965393, 40.33265182479164 ], [ 18.171500226182864, 40.332676876924857 ], [ 18.171341257372966, 40.332712733711169 ], [ 18.171158170934792, 40.33275407988998 ], [ 18.170915663293851, 40.332834433672282 ], [ 18.170870302706458, 40.332844665575387 ], [ 18.170738072144005, 40.332886923205592 ], [ 18.170660592153112, 40.332845750561027 ], [ 18.170610043195392, 40.332811559766036 ], [ 18.170553788097372, 40.332772337461996 ], [ 18.170492286129448, 40.332715326099731 ], [ 18.170465057865719, 40.332690087879158 ], [ 18.170371879612841, 40.332602977572343 ], [ 18.170261526488396, 40.332499814083434 ], [ 18.170164764756564, 40.332407849849837 ], [ 18.170114485385525, 40.332362014356974 ], [ 18.170058867031379, 40.332312551360253 ], [ 18.169974159868392, 40.332237216498626 ], [ 18.169880092656271, 40.332153563640304 ], [ 18.169834891245713, 40.332113362229535 ], [ 18.16978758031717, 40.332074155395709 ], [ 18.169626929540929, 40.331910589945181 ], [ 18.169520679125668, 40.331954644721847 ], [ 18.169435176656499, 40.331988818880632 ], [ 18.169409893179612, 40.331951763884049 ], [ 18.169036791088107, 40.331548525148229 ], [ 18.168658509367042, 40.331171207083067 ], [ 18.168595108807068, 40.331107965223048 ], [ 18.168550283911166, 40.331063254853582 ], [ 18.168518913702929, 40.33103181939844 ], [ 18.168293981214571, 40.330806419506445 ], [ 18.168226815895078, 40.330846576873547 ], [ 18.168174389709719, 40.330877922951466 ], [ 18.168113854725377, 40.330909475101237 ], [ 18.168004656050485, 40.330974964975852 ], [ 18.167389577024768, 40.331353331705955 ], [ 18.167341468725091, 40.331312234407342 ], [ 18.167240946136644, 40.33107227892711 ], [ 18.167096280975755, 40.330875947269256 ], [ 18.166988853976729, 40.330751643708233 ], [ 18.166974055551798, 40.330738567545389 ], [ 18.166789718994647, 40.330575657938667 ], [ 18.166759408391179, 40.330585913527145 ], [ 18.166666921144838, 40.330639933990959 ], [ 18.166631647795473, 40.330660535912145 ], [ 18.166477086364051, 40.330750809988089 ], [ 18.16634879808209, 40.330825738351919 ], [ 18.166329984847273, 40.330833508102437 ], [ 18.166102149316465, 40.330927594389074 ], [ 18.166063151271036, 40.330972570145462 ], [ 18.170624639528562, 40.346299455634849 ], [ 18.17682416367018, 40.351208118993746 ], [ 18.176811670277193, 40.351254136447885 ] ] ] ] } },
{ "type": "Feature", "properties": { "fid": 10.0, "ogc_fid": 10.0, "district": "Santa Rosa", "_mean": -1.395111505482554, "_stdev": 2.4220694226891468, "_min": -8.0373058319091797, "_max": 4.4863185882568359 }, "geometry": { "type": "MultiPolygon", "coordinates": [ [ [ [ 18.169904413081387, 40.360951343719243 ], [ 18.169492217183798, 40.361307223939107 ], [ 18.169427470676862, 40.36147557784485 ], [ 18.169421392012815, 40.36176851757088 ], [ 18.169509093624193, 40.363412250003542 ], [ 18.169499534422489, 40.363854064738419 ], [ 18.169461802339121, 40.364515747962017 ], [ 18.169358886888627, 40.365044086499068 ], [ 18.169101512695512, 40.36583941910547 ], [ 18.168813649767927, 40.366613065311888 ], [ 18.168714065102431, 40.367034489186253 ], [ 18.168532052953157, 40.368180599777439 ], [ 18.168447649690453, 40.368892920291138 ], [ 18.168635393348346, 40.369731627298314 ], [ 18.168724004441625, 40.370611018876602 ], [ 18.169018426064813, 40.373100747628122 ], [ 18.169292902698338, 40.374554927395991 ], [ 18.169333269074809, 40.374996754027443 ], [ 18.16928358115462, 40.375403514305056 ], [ 18.169242331629135, 40.375990219397217 ], [ 18.169022398683577, 40.377811373487368 ], [ 18.168902305285179, 40.378392733756669 ], [ 18.168749259854341, 40.378899923947039 ], [ 18.168597704886118, 40.379464613925158 ], [ 18.168588278446318, 40.37968258564009 ], [ 18.168543706225709, 40.38145554300656 ], [ 18.168496673071477, 40.383805021233982 ], [ 18.168481370236517, 40.384526146296686 ], [ 18.168443560291255, 40.386447605289263 ], [ 18.168452385976774, 40.386845252740166 ], [ 18.168479747855372, 40.387009663823299 ], [ 18.168527789776512, 40.387196030026253 ], [ 18.168656090802539, 40.387417731502829 ], [ 18.168885291013169, 40.387751432351706 ], [ 18.170760323942545, 40.387699987033152 ], [ 18.17520954449407, 40.387505794704531 ], [ 18.180078841844992, 40.386684135483158 ], [ 18.183833450183755, 40.386076772834386 ], [ 18.187539119297597, 40.385430642444092 ], [ 18.187261737995129, 40.385079468958267 ], [ 18.186674174229662, 40.384297978025117 ], [ 18.18641525319363, 40.383824222934891 ], [ 18.186130075026753, 40.382802777738313 ], [ 18.185884275744922, 40.382058865856074 ], [ 18.185569361663283, 40.381554514716271 ], [ 18.184868115082303, 40.380850022900582 ], [ 18.184347442547992, 40.380327204764669 ], [ 18.183677611679204, 40.379460413882796 ], [ 18.183121517518817, 40.378372925305975 ], [ 18.182048148153591, 40.377275166342777 ], [ 18.181160862355949, 40.376205619144677 ], [ 18.180263289053276, 40.374763073641908 ], [ 18.184559157661692, 40.373343375854809 ], [ 18.187387459244434, 40.372235652129767 ], [ 18.184363927249798, 40.369092402059188 ], [ 18.18158023220316, 40.366408682630528 ], [ 18.178615197741166, 40.363475295862166 ], [ 18.17819569557598, 40.363158231042654 ], [ 18.177147445725886, 40.362371274709375 ], [ 18.176605182215017, 40.362314516561646 ], [ 18.176204041645686, 40.361272202288269 ], [ 18.175687253960387, 40.360105899719748 ], [ 18.175570971186524, 40.359565135156856 ], [ 18.175376010299729, 40.358704936127388 ], [ 18.17443394639346, 40.35622344708829 ], [ 18.17443394639346, 40.35622344708829 ], [ 18.174427365165556, 40.356224540872844 ], [ 18.173054399437842, 40.358671292849671 ], [ 18.172170373391861, 40.359618454135351 ], [ 18.169904413081387, 40.360951343719243 ] ] ] ] } },
{ "type": "Feature", "properties": { "fid": 11.0, "ogc_fid": 11.0, "district": "Ferrovia - Casermette", "_mean": -1.573177445272286, "_stdev": 2.8177905971821109, "_min": -9.4865474700927734, "_max": 7.4292354583740243 }, "geometry": { "type": "MultiPolygon", "coordinates": [ [ [ [ 18.121445527628019, 40.350020486429855 ], [ 18.123143650675335, 40.350415959078944 ], [ 18.124373626669222, 40.351240619448454 ], [ 18.125922002841133, 40.351151677708593 ], [ 18.129291128627194, 40.349946028998311 ], [ 18.131202459512036, 40.349620796080146 ], [ 18.133261422731707, 40.349038136732979 ], [ 18.134648783522302, 40.348690405215777 ], [ 18.135703060016819, 40.348651282316226 ], [ 18.137673304593779, 40.349234687726685 ], [ 18.13947176923789, 40.349246117963766 ], [ 18.140591068078635, 40.34961794402809 ], [ 18.143226409232611, 40.349475503041475 ], [ 18.146141962971356, 40.349017751985521 ], [ 18.153668401349297, 40.350661091179333 ], [ 18.155156034551464, 40.350661681543883 ], [ 18.156070053858784, 40.350520722955196 ], [ 18.1562563089918, 40.350731116418373 ], [ 18.159443459128472, 40.349055986326086 ], [ 18.161797885090195, 40.349791523273531 ], [ 18.163407872471716, 40.350619672270277 ], [ 18.170624639528562, 40.346299455634849 ], [ 18.166063151271036, 40.330972570145462 ], [ 18.166016082448909, 40.33102685369262 ], [ 18.165971580792675, 40.331053425911101 ], [ 18.165780607267713, 40.331162449508497 ], [ 18.165477068442073, 40.331338286492162 ], [ 18.165386947468704, 40.331233122876888 ], [ 18.165332503456355, 40.331178678715744 ], [ 18.165302197962752, 40.331149695544539 ], [ 18.165168714995399, 40.331027570308379 ], [ 18.165076685964525, 40.330930157911666 ], [ 18.16502556710784, 40.330873822919237 ], [ 18.165003639840741, 40.330841329833675 ], [ 18.164845852393167, 40.330614300217235 ], [ 18.164809137762436, 40.330591707291845 ], [ 18.1647302778861, 40.330515956139529 ], [ 18.164581809103868, 40.330365911665588 ], [ 18.164535203014967, 40.330300355755242 ], [ 18.164519373982237, 40.330266382347894 ], [ 18.164238782724524, 40.329958461065466 ], [ 18.164060712691029, 40.329804542759298 ], [ 18.164056808036051, 40.329796543336691 ], [ 18.164060417513543, 40.32978815803434 ], [ 18.164161402926098, 40.329735495798637 ], [ 18.164159813312764, 40.329733817178628 ], [ 18.163898836947052, 40.329458154353816 ], [ 18.163123643470787, 40.328709634098693 ], [ 18.163691096252997, 40.328369052572604 ], [ 18.163878478080772, 40.328256293785209 ], [ 18.163975276622143, 40.3281769972522 ], [ 18.163480880394562, 40.327620412022789 ], [ 18.163286730791572, 40.327429371409032 ], [ 18.163209968566203, 40.327396172218798 ], [ 18.16319309501181, 40.327388219712283 ], [ 18.163197454104914, 40.327360567671441 ], [ 18.162944213126362, 40.327056426635053 ], [ 18.162740724191508, 40.326839779655224 ], [ 18.162417796739657, 40.326960953038906 ], [ 18.160417000605268, 40.327762151117106 ], [ 18.160212388128389, 40.327888138514247 ], [ 18.160208183335243, 40.327895981545119 ], [ 18.161084363307481, 40.328825643722517 ], [ 18.160246523508665, 40.329247383888735 ], [ 18.159745406929925, 40.32955555236871 ], [ 18.15935140116515, 40.329805440321181 ], [ 18.159211031674847, 40.329533165131615 ], [ 18.159077857838977, 40.329365160346541 ], [ 18.158948684964127, 40.329282868751797 ], [ 18.158884687203383, 40.329183649197681 ], [ 18.15878986444844, 40.328989354369284 ], [ 18.1587635141485, 40.328707363299571 ], [ 18.1586653984869, 40.328442480066478 ], [ 18.158564228301739, 40.32825340606194 ], [ 18.15868092869675, 40.328068473924858 ], [ 18.15873268898396, 40.327764155762019 ], [ 18.158607772785182, 40.327562820135405 ], [ 18.158574213017168, 40.327488915868472 ], [ 18.158287684615864, 40.327084937583081 ], [ 18.157914352525204, 40.326609303470498 ], [ 18.157813726525074, 40.326472804202723 ], [ 18.157722700803454, 40.326352887499318 ], [ 18.157709342232469, 40.326333885560885 ], [ 18.157519937090775, 40.326055963855495 ], [ 18.157452579311315, 40.325965581064445 ], [ 18.157343576807389, 40.325828589657206 ], [ 18.157250020929073, 40.325740176288171 ], [ 18.157227119227468, 40.325718464488077 ], [ 18.157161877661093, 40.325656837256425 ], [ 18.155853218728485, 40.32448320509662 ], [ 18.155799425245398, 40.324444952983377 ], [ 18.155755183596995, 40.324434992370975 ], [ 18.155479712749706, 40.324235620595239 ], [ 18.155402106867442, 40.324179110876514 ], [ 18.155353933647628, 40.324152812374706 ], [ 18.15528077402185, 40.324132713788131 ], [ 18.155240076715298, 40.324111734246934 ], [ 18.155143356492385, 40.324050858996898 ], [ 18.154740282022736, 40.32385937543151 ], [ 18.154590338026889, 40.323761166438665 ], [ 18.154008173282758, 40.32418658034063 ], [ 18.153395840048947, 40.323782882628706 ], [ 18.152846779740642, 40.323422571729672 ], [ 18.152059915695702, 40.323958575465376 ], [ 18.151202631492541, 40.323424561990066 ], [ 18.150668934167626, 40.323922441494055 ], [ 18.150146875755095, 40.323557985774492 ], [ 18.149041994086982, 40.322840940427092 ], [ 18.148383420940768, 40.323320260166042 ], [ 18.148052631273895, 40.323547611809211 ], [ 18.147668510904744, 40.323656698587989 ], [ 18.14753874885724, 40.323676060089056 ], [ 18.147533417660039, 40.323755076571175 ], [ 18.14748014135942, 40.32375471717463 ], [ 18.147442691320549, 40.323789252438381 ], [ 18.147446633620369, 40.323827778179783 ], [ 18.147469261632626, 40.323863883707766 ], [ 18.147539719159592, 40.323868289501483 ], [ 18.147462314779212, 40.323981099924787 ], [ 18.147405895109419, 40.324012154486283 ], [ 18.147449184124554, 40.324054204017756 ], [ 18.147516233085046, 40.324163080145496 ], [ 18.147533432084462, 40.32444411135338 ], [ 18.14753193263747, 40.32458964693155 ], [ 18.147556129499307, 40.32478244886245 ], [ 18.147559072535874, 40.325112928006099 ], [ 18.147615312377066, 40.325714689420259 ], [ 18.14760905101944, 40.326157903041931 ], [ 18.147507209661732, 40.326990971411 ], [ 18.147437483177654, 40.327002358523508 ], [ 18.147419652082704, 40.326974378241673 ], [ 18.146371435243935, 40.325405650648825 ], [ 18.14443081762926, 40.326331435143921 ], [ 18.146071048703746, 40.327981876364859 ], [ 18.146219813896327, 40.328128406376891 ], [ 18.145262387575563, 40.328778917652613 ], [ 18.144862220948664, 40.329050786250747 ], [ 18.144729491390564, 40.329121418005855 ], [ 18.144594771243789, 40.328971171278781 ], [ 18.143216826024673, 40.327492772899298 ], [ 18.142998334414663, 40.327258127663498 ], [ 18.142603993437806, 40.326850187155358 ], [ 18.142330032222482, 40.326566368016266 ], [ 18.142170760524888, 40.326407214972427 ], [ 18.142124785901665, 40.326361275162398 ], [ 18.142825011364788, 40.325568573655005 ], [ 18.143157187986816, 40.325246410438396 ], [ 18.143448304811063, 40.324862868489213 ], [ 18.143541496721973, 40.324609324492862 ], [ 18.143543086784284, 40.324605552313081 ], [ 18.143550233791856, 40.324588399388759 ], [ 18.143557273679686, 40.324571220555207 ], [ 18.143560734855864, 40.32456263273685 ], [ 18.14356420653138, 40.324554017611575 ], [ 18.143571020593729, 40.324536790877602 ], [ 18.143577717883307, 40.32451953309279 ], [ 18.143584317456071, 40.324502249143059 ], [ 18.14359078690417, 40.324484950718457 ], [ 18.143597576611832, 40.324467706631268 ], [ 18.143604985924643, 40.324450627631975 ], [ 18.143613026428365, 40.32443370980247 ], [ 18.143621675117288, 40.324416964576898 ], [ 18.143630933244175, 40.324400418942297 ], [ 18.143640789138921, 40.324384075017385 ], [ 18.143651231716266, 40.324367947514865 ], [ 18.143662263827778, 40.324352047165512 ], [ 18.143673605434223, 40.324336273502119 ], [ 18.143685235045368, 40.32432061990351 ], [ 18.143697129405211, 40.324305092406476 ], [ 18.143709300433972, 40.324289694289547 ], [ 18.143721759717678, 40.324274421634584 ], [ 18.143734483833235, 40.324259276880092 ], [ 18.143747473198268, 40.324244269021726 ], [ 18.143760728313953, 40.324229408854229 ], [ 18.143774259930865, 40.324214674468124 ], [ 18.143766680382612, 40.324182572292493 ], [ 18.143747428035688, 40.324202394573007 ], [ 18.143632044752231, 40.324161144669588 ], [ 18.143326089523327, 40.323825177006512 ], [ 18.143080456951147, 40.323956148249316 ], [ 18.143064429209058, 40.323966547786306 ], [ 18.142661935426084, 40.32353870524399 ], [ 18.142134660524086, 40.322960258214017 ], [ 18.141777935558075, 40.322568904033687 ], [ 18.141727385193313, 40.322509601213099 ], [ 18.141687587822126, 40.322462916790933 ], [ 18.141651583388512, 40.322394451011967 ], [ 18.141631121756962, 40.322262785172569 ], [ 18.141465093939008, 40.32201933543007 ], [ 18.141301245109762, 40.32180440926038 ], [ 18.141008140203816, 40.321549372901231 ], [ 18.141488719601497, 40.32128016508512 ], [ 18.141952731722728, 40.321731894436063 ], [ 18.142196325664049, 40.321588304492863 ], [ 18.142803123766267, 40.321264428917658 ], [ 18.142748558849753, 40.321207314542143 ], [ 18.142665574193558, 40.321103424616737 ], [ 18.142784411412208, 40.321004485570064 ], [ 18.143202625432441, 40.320775308001608 ], [ 18.143341170696058, 40.320720296701289 ], [ 18.142880086005956, 40.320234477168725 ], [ 18.142545259915668, 40.319923658135792 ], [ 18.141967892471978, 40.319384262916827 ], [ 18.141879761202329, 40.319298308475751 ], [ 18.14183378202555, 40.319261741347738 ], [ 18.14113663935516, 40.318541642707139 ], [ 18.140819519653533, 40.318234201206145 ], [ 18.140781889064161, 40.318260441915385 ], [ 18.140753201698569, 40.318280448056896 ], [ 18.140238216984127, 40.318642382359265 ], [ 18.140170714543135, 40.31868827556282 ], [ 18.13986178352042, 40.318898305412752 ], [ 18.139872341434621, 40.31891288025323 ], [ 18.139878010622247, 40.318946320845178 ], [ 18.139825090983241, 40.3189927021457 ], [ 18.13975973950232, 40.319037439612245 ], [ 18.139713329743511, 40.319033836635128 ], [ 18.139685229587595, 40.319006629447827 ], [ 18.139666481284543, 40.319023310103589 ], [ 18.139260810106428, 40.319384230277862 ], [ 18.139173079462502, 40.319462280034919 ], [ 18.138498963901618, 40.319898737472784 ], [ 18.137915797323377, 40.319305472618232 ], [ 18.137693437058296, 40.319408530647628 ], [ 18.137281915383454, 40.319571283004493 ], [ 18.137245566161766, 40.319582049647693 ], [ 18.137148958428714, 40.319411056954614 ], [ 18.137104419489223, 40.319318914727539 ], [ 18.137099251070353, 40.319272481181748 ], [ 18.137040071048933, 40.319297722197042 ], [ 18.137045539730575, 40.319307510370642 ], [ 18.137066087489266, 40.319344283381646 ], [ 18.136996364931885, 40.319373101737163 ], [ 18.136815625690147, 40.319447801698253 ], [ 18.136798460644233, 40.319496187100704 ], [ 18.136790850315087, 40.31951764137969 ], [ 18.136793086791663, 40.319565968546833 ], [ 18.136757723061923, 40.319595012489742 ], [ 18.135780458773876, 40.319970804686179 ], [ 18.135423150919951, 40.319493947072701 ], [ 18.135392894452536, 40.319457293046092 ], [ 18.135373145252071, 40.319432969278196 ], [ 18.135334473112003, 40.31937380425564 ], [ 18.135297419807252, 40.319317120888861 ], [ 18.135103712510695, 40.319385239943848 ], [ 18.134993379338813, 40.319459837524263 ], [ 18.134759955842739, 40.319592801761026 ], [ 18.134462436941011, 40.319754433349253 ], [ 18.134216299681551, 40.319882248802521 ], [ 18.133932772658611, 40.320030979729268 ], [ 18.13354115306522, 40.320239295460382 ], [ 18.133064035449639, 40.320474151442028 ], [ 18.132693382669586, 40.320644876778104 ], [ 18.132652652174301, 40.320659761698103 ], [ 18.132583393519223, 40.320671004614411 ], [ 18.132462538913241, 40.32072940022713 ], [ 18.132139715915951, 40.320916661416234 ], [ 18.131913484411033, 40.321045013385806 ], [ 18.131468060844803, 40.321339531596635 ], [ 18.131244923632025, 40.321494187410437 ], [ 18.131184746581201, 40.321531394073517 ], [ 18.131114578732138, 40.321556081319386 ], [ 18.131070089520204, 40.321563501566665 ], [ 18.130861716354723, 40.321520775136626 ], [ 18.130804823181201, 40.321519524225899 ], [ 18.130739176505141, 40.321532559684087 ], [ 18.130649426766457, 40.321568945917562 ], [ 18.13060246675197, 40.321596787146063 ], [ 18.13052733304788, 40.321641334090607 ], [ 18.130447051506881, 40.321694216884289 ], [ 18.130360938291648, 40.321745634506698 ], [ 18.13032885788547, 40.321757050765598 ], [ 18.13028850200293, 40.321761483691382 ], [ 18.130269017686906, 40.321761038680272 ], [ 18.130235910461817, 40.321756558185022 ], [ 18.130200405548621, 40.321746846451845 ], [ 18.130178539501483, 40.3217411589562 ], [ 18.129850559349919, 40.321481792647283 ], [ 18.129276574483857, 40.320988770283599 ], [ 18.128345853943092, 40.320207652618357 ], [ 18.12826080544777, 40.320139429201205 ], [ 18.128162114322198, 40.320056082783388 ], [ 18.12807658347155, 40.319974811988729 ], [ 18.127972219667516, 40.319847574230671 ], [ 18.127834264014496, 40.319637571380092 ], [ 18.127775375200631, 40.319549726475586 ], [ 18.127699108699268, 40.319472888344364 ], [ 18.12760950558004, 40.319400284137807 ], [ 18.127438382479042, 40.319267016354139 ], [ 18.127257025185894, 40.319151589085898 ], [ 18.127050216000228, 40.319022707247917 ], [ 18.126840621450974, 40.318897144746998 ], [ 18.126687055691725, 40.318807713918154 ], [ 18.126584417364004, 40.31875347575253 ], [ 18.126465847463333, 40.318693091499405 ], [ 18.12627968401592, 40.318562750809782 ], [ 18.126120962589454, 40.318432928512252 ], [ 18.125862851854247, 40.318235088485032 ], [ 18.125746235861307, 40.318148171540585 ], [ 18.125628058375156, 40.31804526406021 ], [ 18.125624127369154, 40.318041677462617 ], [ 18.125546412336615, 40.317974154342444 ], [ 18.125466191734851, 40.317898232249895 ], [ 18.125360621357025, 40.31778291401816 ], [ 18.125258646768799, 40.317679209484709 ], [ 18.125156217203454, 40.31755804157433 ], [ 18.125082358897046, 40.317489873410146 ], [ 18.125005483329421, 40.317420167305016 ], [ 18.124930015023999, 40.317352853212363 ], [ 18.124707671145938, 40.317172598023213 ], [ 18.124590824218004, 40.317067852036963 ], [ 18.124510940861541, 40.317009392116219 ], [ 18.124336527803553, 40.316893862436125 ], [ 18.124296376986603, 40.316867746398337 ], [ 18.12422603180276, 40.316822180600703 ], [ 18.124207302606763, 40.316808996100917 ], [ 18.124115010477244, 40.316744207881634 ], [ 18.124100661507523, 40.31673414751657 ], [ 18.123895258246641, 40.316615041383855 ], [ 18.123731971822984, 40.316531453654314 ], [ 18.123718982082366, 40.316522797639671 ], [ 18.12362541513253, 40.316461015819321 ], [ 18.12356137444689, 40.316411856507536 ], [ 18.123479218309043, 40.316344902324388 ], [ 18.12338429751388, 40.316261359687957 ], [ 18.123203175697331, 40.31609457895496 ], [ 18.123070945033, 40.31591891259032 ], [ 18.123013661789074, 40.31584786322157 ], [ 18.122937964796908, 40.3157601978833 ], [ 18.122882279710101, 40.315680370164692 ], [ 18.122714295720581, 40.315520349241069 ], [ 18.122561794695365, 40.315369457277249 ], [ 18.122408973682742, 40.315221818108391 ], [ 18.122255856011591, 40.315072833873444 ], [ 18.122194618436605, 40.314995045497035 ], [ 18.12211545160789, 40.314890721898614 ], [ 18.122016312955466, 40.314756491909591 ], [ 18.121578539536767, 40.314192857769612 ], [ 18.121439531694293, 40.314000168869526 ], [ 18.121361039478753, 40.313897716188265 ], [ 18.121313133208339, 40.313820648116682 ], [ 18.121260352334836, 40.313739930483756 ], [ 18.121169373177459, 40.313570713687994 ], [ 18.121122019280389, 40.313500566090518 ], [ 18.121070041725424, 40.313439822464282 ], [ 18.120991499393917, 40.313346468051755 ], [ 18.120629208328683, 40.312926975355147 ], [ 18.120310876143797, 40.312514038963684 ], [ 18.120260963286942, 40.312452158352237 ], [ 18.120228091906831, 40.312415396053154 ], [ 18.120222963791424, 40.312385811011488 ], [ 18.120147751609139, 40.312454132115057 ], [ 18.120062744057552, 40.312532083209398 ], [ 18.119837266674079, 40.312748297066946 ], [ 18.119628530326445, 40.312944875252789 ], [ 18.119549968143978, 40.313019681453021 ], [ 18.119487989288171, 40.313073954124157 ], [ 18.119464239036354, 40.313094769313771 ], [ 18.119461635616627, 40.313097001291098 ], [ 18.119342138989662, 40.313205336031857 ], [ 18.118800063361959, 40.313670121355557 ], [ 18.118622670583061, 40.313806172571688 ], [ 18.118555083583498, 40.313860776223194 ], [ 18.118431513316796, 40.313963239233047 ], [ 18.118324025873964, 40.314053865166414 ], [ 18.118254284226015, 40.314115910816085 ], [ 18.118174803090188, 40.314188759326818 ], [ 18.117656529921113, 40.314721081078417 ], [ 18.117249357666235, 40.315128901541442 ], [ 18.117066234917399, 40.315317310222305 ], [ 18.116964295957889, 40.315408415766996 ], [ 18.116908279825171, 40.315456477085931 ], [ 18.116884718223822, 40.315476670580537 ], [ 18.11681405698878, 40.315541804399786 ], [ 18.116735628359049, 40.315604353638037 ], [ 18.11658735116713, 40.315724088326874 ], [ 18.116456243744878, 40.315830841746184 ], [ 18.116322992238381, 40.315929366283349 ], [ 18.11619476809927, 40.316024690893805 ], [ 18.116169399400118, 40.31604356929234 ], [ 18.116047149426088, 40.316135762112552 ], [ 18.115899824069718, 40.316253218491227 ], [ 18.115766767966218, 40.316358582540346 ], [ 18.115588258514737, 40.316491614879595 ], [ 18.115527979760056, 40.316538217809743 ], [ 18.115333872521525, 40.316716651794195 ], [ 18.115194266554894, 40.316838312695204 ], [ 18.115120762637666, 40.316913338080404 ], [ 18.115108858857049, 40.316923611801528 ], [ 18.114988247696612, 40.317040240700301 ], [ 18.114958495285975, 40.317076952194419 ], [ 18.114917475407204, 40.317129126347979 ], [ 18.114859133142922, 40.31720122273623 ], [ 18.114796248599387, 40.317287130536492 ], [ 18.114720993181798, 40.317400843421822 ], [ 18.114664451369482, 40.317494236263144 ], [ 18.114606025581068, 40.317602903683628 ], [ 18.11448704565078, 40.317809843931904 ], [ 18.114433038180437, 40.317907133299016 ], [ 18.114378986643384, 40.318000909250728 ], [ 18.114313768514489, 40.318100120144344 ], [ 18.114257464117735, 40.318173062032272 ], [ 18.114210131247344, 40.318233782675208 ], [ 18.114138643355609, 40.318324605655 ], [ 18.114056450284576, 40.318412834764551 ], [ 18.113966500219924, 40.318516674997817 ], [ 18.113862079137128, 40.318630812892508 ], [ 18.113711389590016, 40.318790510498694 ], [ 18.113570927484044, 40.318942276324918 ], [ 18.113451184633039, 40.319081504342989 ], [ 18.113403538576183, 40.319140611817915 ], [ 18.113384832176873, 40.31916372182544 ], [ 18.113345310579586, 40.319212704379197 ], [ 18.11323117331418, 40.319353582589208 ], [ 18.113149111992989, 40.319444779866764 ], [ 18.113078940042012, 40.319525839067119 ], [ 18.112983157485306, 40.319607768214617 ], [ 18.112879606632916, 40.319684594123949 ], [ 18.112854006437455, 40.319703656384945 ], [ 18.112719608895269, 40.319808242484413 ], [ 18.112303364892792, 40.320114601609504 ], [ 18.111602787681587, 40.320635411289032 ], [ 18.111534112271244, 40.320687338078365 ], [ 18.111336948798574, 40.320837383459619 ], [ 18.111149824809054, 40.320980314635435 ], [ 18.111042232859845, 40.321061479257828 ], [ 18.110931330218285, 40.321149938596783 ], [ 18.110887952649914, 40.321186772637191 ], [ 18.111327749808083, 40.321490362719828 ], [ 18.111433372553979, 40.321558497024064 ], [ 18.111493162883267, 40.321612551290421 ], [ 18.111630297347677, 40.321744234308113 ], [ 18.111739524121784, 40.321842173119919 ], [ 18.111942967848815, 40.321985312593128 ], [ 18.112094148063875, 40.322082033090474 ], [ 18.112164806753519, 40.322142099307818 ], [ 18.112191743002178, 40.322149570411938 ], [ 18.11227312823328, 40.322123493653471 ], [ 18.112357522840874, 40.322060947036448 ], [ 18.112444732987267, 40.322000569105818 ], [ 18.11253390587677, 40.321941676664935 ], [ 18.112624154198649, 40.321883603662059 ], [ 18.11271461851884, 40.321825676091649 ], [ 18.112804434618994, 40.321767218278296 ], [ 18.112857027022791, 40.321732206961471 ], [ 18.112946073501202, 40.32167334463356 ], [ 18.113037339832932, 40.321616748080473 ], [ 18.113074091290855, 40.321597113380776 ], [ 18.113111087487081, 40.321585310070574 ], [ 18.113148765374959, 40.321583214270944 ], [ 18.113244294181609, 40.321584569819656 ], [ 18.113361298786607, 40.3215836173787 ], [ 18.113502516278615, 40.321573599863143 ], [ 18.113541186552116, 40.321575171919285 ], [ 18.113581776790568, 40.321595515308744 ], [ 18.113689742005608, 40.32167492256832 ], [ 18.113769481690046, 40.321741336340637 ], [ 18.11384565769605, 40.321809016999367 ], [ 18.113920808811226, 40.321876977419848 ], [ 18.113997422527955, 40.321944240859942 ], [ 18.11409037887368, 40.322020395254341 ], [ 18.114173089709432, 40.322084612003934 ], [ 18.114273504161371, 40.322159727612984 ], [ 18.114335314360105, 40.322203908186133 ], [ 18.114374923784652, 40.322231312276095 ], [ 18.114461971935476, 40.322291827096059 ], [ 18.114513204395443, 40.322329384173592 ], [ 18.114597554016211, 40.32239211530522 ], [ 18.114656483401813, 40.322434085532137 ], [ 18.114744271558003, 40.322493996527292 ], [ 18.114839317954715, 40.322557276842517 ], [ 18.114909720683144, 40.32261887764993 ], [ 18.114986836160586, 40.322686775395447 ], [ 18.115063418428278, 40.322755101786754 ], [ 18.115139184001261, 40.322824089644087 ], [ 18.1151740177535, 40.322856639140596 ], [ 18.115243224566516, 40.322929370536613 ], [ 18.115265284240795, 40.322957697734644 ], [ 18.115315006478653, 40.323039392175595 ], [ 18.115329610040266, 40.323067821273234 ], [ 18.115368134429559, 40.323117402748537 ], [ 18.11540455111669, 40.323151611844438 ], [ 18.115484994387668, 40.323217383924622 ], [ 18.115512321616794, 40.323240750263849 ], [ 18.115590250143921, 40.32330813027712 ], [ 18.115625576396543, 40.323335721448522 ], [ 18.115711670278454, 40.32339717974191 ], [ 18.115788692012575, 40.323454820353952 ], [ 18.115857925716988, 40.323528874682644 ], [ 18.115919101329798, 40.32360631493119 ], [ 18.116003942487026, 40.323698070667142 ], [ 18.116078334047618, 40.323767842515402 ], [ 18.116099724366162, 40.323786982325025 ], [ 18.116179342701724, 40.323853208485041 ], [ 18.116224288074786, 40.323886052444855 ], [ 18.116313692814, 40.32394450269161 ], [ 18.116406286646146, 40.324000391715416 ], [ 18.116470573885778, 40.324042072385367 ], [ 18.116899140747741, 40.324279652972457 ], [ 18.116961810799857, 40.324306695389595 ], [ 18.116987578966341, 40.324305840065215 ], [ 18.117018143059749, 40.324293108309924 ], [ 18.117048912431237, 40.324267454815576 ], [ 18.117085121433451, 40.324237260927099 ], [ 18.117303668940338, 40.324005026390914 ], [ 18.117310450240446, 40.32400151084169 ], [ 18.117359958120311, 40.323975227513046 ], [ 18.117405327634362, 40.323979137737581 ], [ 18.117468382280517, 40.324001756023485 ], [ 18.117490637312102, 40.324009712435917 ], [ 18.117865616162554, 40.324182354369995 ], [ 18.118878202288183, 40.32462908269418 ], [ 18.119143232629881, 40.324759830410514 ], [ 18.119451038597663, 40.324960849223565 ], [ 18.119511955905306, 40.3250162198552 ], [ 18.119512054014631, 40.325056657305794 ], [ 18.119466828675474, 40.32509931075969 ], [ 18.119374865290709, 40.32516195693966 ], [ 18.119142140920776, 40.325331620108642 ], [ 18.119063544790158, 40.325393274762789 ], [ 18.119067620932643, 40.325435768356279 ], [ 18.119150607283029, 40.325502703131171 ], [ 18.119529995785946, 40.325768260251969 ], [ 18.119690430062086, 40.325886608001426 ], [ 18.120420642635835, 40.326494776921095 ], [ 18.120449641598789, 40.326518855307569 ], [ 18.120757302460351, 40.326775176182345 ], [ 18.121037215297939, 40.327014139519356 ], [ 18.121059690252686, 40.327062621237282 ], [ 18.1210556234183, 40.327094434262051 ], [ 18.120713647742363, 40.327367927012226 ], [ 18.120625045650318, 40.327437150479618 ], [ 18.120542011096649, 40.327499556486515 ], [ 18.120398065885855, 40.327588556790161 ], [ 18.120100790048824, 40.327759512709541 ], [ 18.119866145685382, 40.327895272427526 ], [ 18.119598599220595, 40.328050024129531 ], [ 18.119323458351804, 40.328203449002686 ], [ 18.119035072030176, 40.328360561546667 ], [ 18.118860683765853, 40.328478572032893 ], [ 18.118834619198942, 40.328492696046624 ], [ 18.118712286569927, 40.328590274824371 ], [ 18.118573257139975, 40.32885264403032 ], [ 18.118986992367649, 40.329348205234275 ], [ 18.119098852128289, 40.329487498340967 ], [ 18.119205728701015, 40.329646289298722 ], [ 18.119270894651308, 40.329773330092074 ], [ 18.119326137264004, 40.329874069556752 ], [ 18.119378663563143, 40.329961730146451 ], [ 18.119434143644796, 40.330026704959373 ], [ 18.119538455671414, 40.330111888537672 ], [ 18.11961016870778, 40.330163905195846 ], [ 18.119699735143605, 40.330219127350425 ], [ 18.119485769272789, 40.330528628091024 ], [ 18.119436010691611, 40.330605938930731 ], [ 18.119103391887485, 40.331122722814065 ], [ 18.118772996032558, 40.331643360250695 ], [ 18.119247041121056, 40.331785217670905 ], [ 18.119276202161018, 40.331790501335732 ], [ 18.119515238781883, 40.331920202030098 ], [ 18.11954853415439, 40.331930201825401 ], [ 18.119815166281011, 40.332000558580788 ], [ 18.119331763047988, 40.332902251770271 ], [ 18.118670539418432, 40.334035562300485 ], [ 18.118260866913712, 40.334766797942372 ], [ 18.118078519113272, 40.335076349047412 ], [ 18.117635473794792, 40.335467083432683 ], [ 18.117042674459412, 40.335978131848627 ], [ 18.11529524021838, 40.33752720826481 ], [ 18.116393725711212, 40.33766861250183 ], [ 18.11707126783006, 40.337752895017978 ], [ 18.119138163269, 40.338014220395664 ], [ 18.119316637228046, 40.338036786242476 ], [ 18.120752590402912, 40.338218341803199 ], [ 18.120167913553317, 40.339708305896487 ], [ 18.120141122645979, 40.339760367878597 ], [ 18.119562129945905, 40.340791963283017 ], [ 18.119368253719426, 40.340983184375055 ], [ 18.118238087902807, 40.341500305834153 ], [ 18.117917172913131, 40.341131393427197 ], [ 18.116944870752683, 40.341549583643882 ], [ 18.115333595294032, 40.342245551167792 ], [ 18.115049426603541, 40.34240875358114 ], [ 18.115012084105029, 40.342435360181987 ], [ 18.115748278318215, 40.342754252779443 ], [ 18.116833719362894, 40.343309816228341 ], [ 18.117114984909247, 40.343455969537388 ], [ 18.117313084752183, 40.343397770173389 ], [ 18.117683337174793, 40.34331969670486 ], [ 18.11794591739557, 40.34350040969538 ], [ 18.119250831790261, 40.344426878840089 ], [ 18.119282278311797, 40.344450259024647 ], [ 18.119284351666575, 40.344451824331045 ], [ 18.119355551712406, 40.344499981701148 ], [ 18.119438514588619, 40.344563313665091 ], [ 18.119458316474088, 40.344573771343825 ], [ 18.119479455213188, 40.344568290023162 ], [ 18.119486553539168, 40.344666473759887 ], [ 18.119558736272804, 40.344670428331092 ], [ 18.119561364102058, 40.344727415458074 ], [ 18.119510905874552, 40.344748450923774 ], [ 18.1195128547247, 40.344783208886611 ], [ 18.119427016140975, 40.344903722526524 ], [ 18.120234898896452, 40.345243640250906 ], [ 18.120223603703334, 40.345251421127863 ], [ 18.120518642872035, 40.345428639533175 ], [ 18.120953242190943, 40.345622514136849 ], [ 18.120960869663097, 40.345777790143195 ], [ 18.120967575634285, 40.345815977380283 ], [ 18.121176328615626, 40.347693070581506 ], [ 18.121432330268949, 40.349902456316599 ], [ 18.121445527628019, 40.350020486429855 ] ] ] ] } },
{ "type": "Feature", "properties": { "fid": 12.0, "ogc_fid": 12.0, "district": "Borgo San Nicola", "_mean": -1.0664828686448971, "_stdev": 2.12991282344057, "_min": -7.3058490753173837, "_max": 5.7988376617431641 }, "geometry": { "type": "MultiPolygon", "coordinates": [ [ [ [ 18.169479442569685, 40.36134044056184 ], [ 18.167629707017696, 40.362632535570619 ], [ 18.165710722107367, 40.364151691179863 ], [ 18.164351054719997, 40.365034439188882 ], [ 18.160992844825774, 40.366846946108261 ], [ 18.156894471570773, 40.368632378226245 ], [ 18.151959108257657, 40.370557977117556 ], [ 18.151489992866168, 40.370700351153431 ], [ 18.151452322731455, 40.370737501972158 ], [ 18.151189040391035, 40.370955984137886 ], [ 18.151062619041575, 40.371045777009414 ], [ 18.150827269887362, 40.371245918434283 ], [ 18.15054181661079, 40.371454008033048 ], [ 18.150512809187415, 40.371481746219246 ], [ 18.150502214353615, 40.371481323577349 ], [ 18.150251928953438, 40.37165512392847 ], [ 18.150107875970402, 40.371816016899857 ], [ 18.150049675490457, 40.371977534046273 ], [ 18.149955151235243, 40.372190387102293 ], [ 18.149901646260584, 40.372317129786971 ], [ 18.149875014438496, 40.372422331790695 ], [ 18.149849338179806, 40.372519788727914 ], [ 18.14990085939958, 40.372553070059695 ], [ 18.149402992853961, 40.373541549024438 ], [ 18.1490976343912, 40.374190130543468 ], [ 18.149032332761173, 40.3742462011231 ], [ 18.148959072525855, 40.374314206707027 ], [ 18.148911289958612, 40.374368459473281 ], [ 18.148830677839626, 40.374482402952751 ], [ 18.148708418781926, 40.374662994815317 ], [ 18.148612541035181, 40.374822693678844 ], [ 18.148565011029778, 40.374911650634935 ], [ 18.148460932932643, 40.375148635028324 ], [ 18.148399062818864, 40.37530624503421 ], [ 18.148385525565125, 40.375340757713673 ], [ 18.14835274243401, 40.375424261579944 ], [ 18.14827622206375, 40.37564028309842 ], [ 18.148209969626912, 40.375851980619125 ], [ 18.148161873448075, 40.376033263871619 ], [ 18.148127059325123, 40.376172583606298 ], [ 18.148108443086695, 40.376220384883737 ], [ 18.148019001715564, 40.376395201776532 ], [ 18.147959851556632, 40.376498994412664 ], [ 18.147863850463995, 40.376667459843823 ], [ 18.147700299677371, 40.376950311822462 ], [ 18.147613309210698, 40.377103958208949 ], [ 18.147570417009216, 40.377191707563199 ], [ 18.147530709834683, 40.377297521051467 ], [ 18.147487031197343, 40.377453851346225 ], [ 18.147489073732164, 40.377463820499834 ], [ 18.147486664313593, 40.377588323363149 ], [ 18.147463301008901, 40.377712280218454 ], [ 18.147449709767915, 40.377827370951401 ], [ 18.147449674436949, 40.377838344250897 ], [ 18.147441322765538, 40.377913810919026 ], [ 18.14742011240558, 40.37797729190266 ], [ 18.147412398770634, 40.378048151214585 ], [ 18.147407937822681, 40.378166741916388 ], [ 18.147383999682589, 40.378255152944071 ], [ 18.147379319974387, 40.378299313891659 ], [ 18.147371114790019, 40.37838384478605 ], [ 18.150433064810517, 40.378776505993407 ], [ 18.15163798497127, 40.378834006294724 ], [ 18.152357387126543, 40.380473096433484 ], [ 18.153663036952683, 40.381618348092502 ], [ 18.15715032573905, 40.38401115261437 ], [ 18.160623508195233, 40.386097080304637 ], [ 18.164264497608801, 40.387471815444194 ], [ 18.168063675845534, 40.387773965419981 ], [ 18.168885291013169, 40.387751432351706 ], [ 18.168656090802539, 40.387417731502829 ], [ 18.168527789776512, 40.387196030026253 ], [ 18.168479747855372, 40.387009663823299 ], [ 18.168452385976774, 40.386845252740166 ], [ 18.168443560291255, 40.386447605289263 ], [ 18.168481370236517, 40.384526146296686 ], [ 18.168496673071477, 40.383805021233982 ], [ 18.168543706225709, 40.38145554300656 ], [ 18.168588278446318, 40.37968258564009 ], [ 18.168597704886118, 40.379464613925158 ], [ 18.168749259854341, 40.378899923947039 ], [ 18.168902305285179, 40.378392733756669 ], [ 18.169022398683577, 40.377811373487368 ], [ 18.169242331629135, 40.375990219397217 ], [ 18.16928358115462, 40.375403514305056 ], [ 18.169333269074809, 40.374996754027443 ], [ 18.169292902698338, 40.374554927395991 ], [ 18.169018426064813, 40.373100747628122 ], [ 18.168724004441625, 40.370611018876602 ], [ 18.168635393348346, 40.369731627298314 ], [ 18.168447649690453, 40.368892920291138 ], [ 18.168532052953157, 40.368180599777439 ], [ 18.168714065102431, 40.367034489186253 ], [ 18.168813649767927, 40.366613065311888 ], [ 18.169101512695512, 40.36583941910547 ], [ 18.169358886888627, 40.365044086499068 ], [ 18.169461802339121, 40.364515747962017 ], [ 18.169499534422489, 40.363854064738419 ], [ 18.169509093624193, 40.363412250003542 ], [ 18.169421392012815, 40.36176851757088 ], [ 18.169427470676862, 40.36147557784485 ], [ 18.169479442569685, 40.36134044056184 ] ] ] ] } },
{ "type": "Feature", "properties": { "fid": 13.0, "ogc_fid": 13.0, "district": "Borgo Pace", "_mean": -2.3427351361491211, "_stdev": 1.4078881055960419, "_min": -5.80533790588379, "_max": 2.33296799659729 }, "geometry": { "type": "MultiPolygon", "coordinates": [ [ [ [ 18.14759460914215, 40.364539227077465 ], [ 18.149378406228376, 40.363855906408872 ], [ 18.149669355822759, 40.364241268454279 ], [ 18.150284807223542, 40.36404784451431 ], [ 18.15019992147224, 40.363913797222445 ], [ 18.151188054264516, 40.363605903117644 ], [ 18.15103161190806, 40.363405532541471 ], [ 18.152127263136581, 40.363010819941856 ], [ 18.152625034582318, 40.363622592669415 ], [ 18.153300305635089, 40.363440097649423 ], [ 18.153206565348, 40.362868556715291 ], [ 18.153772963017133, 40.362648083724423 ], [ 18.154231399319752, 40.363281443443107 ], [ 18.154615010931359, 40.363168463414965 ], [ 18.154524716253253, 40.36295560597749 ], [ 18.155619414284018, 40.362566938575831 ], [ 18.155884315258096, 40.362785239289934 ], [ 18.156862785537534, 40.36220483790396 ], [ 18.156516976022438, 40.361978536769264 ], [ 18.156776238745557, 40.361499862690494 ], [ 18.157128187597976, 40.361285231922238 ], [ 18.156788675314157, 40.360624899192516 ], [ 18.156389409934047, 40.359825864375019 ], [ 18.155795080931885, 40.35915527809955 ], [ 18.154779936762139, 40.358117259727969 ], [ 18.15360392022637, 40.358487617586427 ], [ 18.152675691475178, 40.358994846271813 ], [ 18.151482762382471, 40.359613402468518 ], [ 18.15014555430297, 40.360552008221852 ], [ 18.148383175801239, 40.361893301942615 ], [ 18.147894422771653, 40.362337169097074 ], [ 18.147228676961582, 40.362724388385928 ], [ 18.148302104071323, 40.363607596555362 ], [ 18.147196291331007, 40.364047751578973 ], [ 18.14759460914215, 40.364539227077465 ] ] ] ] } },
{ "type": "Feature", "properties": { "fid": 14.0, "ogc_fid": 14.0, "district": "Rudiae - San Pio", "_mean": -0.79675851658409003, "_stdev": 3.3512701757307211, "_min": -6.7247867584228516, "_max": 8.0034618377685565 }, "geometry": { "type": "MultiPolygon", "coordinates": [ [ [ [ 18.127422910192145, 40.350614592015752 ], [ 18.127422910192198, 40.350614592015809 ], [ 18.128572699336562, 40.351918649146945 ], [ 18.130131844906209, 40.352889628644753 ], [ 18.13316334786122, 40.354709798922997 ], [ 18.13553226067652, 40.356051280849073 ], [ 18.138026196393085, 40.357256425543504 ], [ 18.139634726471776, 40.358569784878604 ], [ 18.140991845579148, 40.359808048400126 ], [ 18.14201079112518, 40.361813829495595 ], [ 18.143861175659204, 40.365668120426584 ], [ 18.145723221946522, 40.369093368444396 ], [ 18.146618359396427, 40.370316475784939 ], [ 18.147723607122746, 40.371463651702683 ], [ 18.147800844234201, 40.371541694569537 ], [ 18.148101986610179, 40.371382325784673 ], [ 18.148471915086983, 40.371199242172516 ], [ 18.148924075223409, 40.370913088058742 ], [ 18.149609746985206, 40.370512127597372 ], [ 18.150301099538709, 40.369964853235231 ], [ 18.150334697077952, 40.369943691159975 ], [ 18.150623430620627, 40.369722115613996 ], [ 18.150934111626217, 40.369514157465609 ], [ 18.151359196982419, 40.369186192243717 ], [ 18.151581381070184, 40.369023768175971 ], [ 18.151942232531759, 40.368715195939224 ], [ 18.152443575272322, 40.368274927582711 ], [ 18.152574940837713, 40.368201455940188 ], [ 18.152678548646591, 40.368115013105694 ], [ 18.152809655848905, 40.368006678507626 ], [ 18.152895207681059, 40.367939857292782 ], [ 18.152953788867237, 40.367887588797274 ], [ 18.153056222123592, 40.367800221138815 ], [ 18.153128536003329, 40.367736596433247 ], [ 18.153213855006836, 40.367657729960214 ], [ 18.153301501886819, 40.367581565043515 ], [ 18.153360279414738, 40.36752998452679 ], [ 18.15340611187926, 40.367490140359898 ], [ 18.153452697437775, 40.367442763773177 ], [ 18.153524328974353, 40.367378663864159 ], [ 18.153628400996109, 40.367282334037462 ], [ 18.153734540303695, 40.367186353004691 ], [ 18.153792647801648, 40.367125675466745 ], [ 18.153885942475217, 40.367041114532377 ], [ 18.153993716610294, 40.366949952424513 ], [ 18.154066044119464, 40.36689321893536 ], [ 18.154132017841921, 40.366840935387955 ], [ 18.154226573524653, 40.366767769654416 ], [ 18.154309498030059, 40.366704513858643 ], [ 18.15433839287552, 40.366685793829618 ], [ 18.154408719061049, 40.366640236625337 ], [ 18.154555979280275, 40.3665345322581 ], [ 18.154752469651093, 40.366404805628569 ], [ 18.154851460150059, 40.36633636406988 ], [ 18.154956867706002, 40.366253029743469 ], [ 18.155106474990049, 40.366143909986981 ], [ 18.155310011696194, 40.366004037255159 ], [ 18.155487437911404, 40.365889511460537 ], [ 18.155540982642286, 40.365863831015361 ], [ 18.155554914330786, 40.365857304129847 ], [ 18.155795821993667, 40.366040748670031 ], [ 18.155776569027879, 40.366077922265575 ], [ 18.15572356004478, 40.366164770998175 ], [ 18.155669018224426, 40.366250519484709 ], [ 18.155607338132977, 40.366344342242293 ], [ 18.155545370963356, 40.366425409876584 ], [ 18.155467480248021, 40.366523314137005 ], [ 18.155409151613124, 40.366596869557853 ], [ 18.155333932485316, 40.366682137790484 ], [ 18.155277252739648, 40.366742587951471 ], [ 18.155200595930339, 40.366826074144576 ], [ 18.155126831291057, 40.366913300278867 ], [ 18.154958293334278, 40.36709268548875 ], [ 18.154731636329462, 40.367323419344515 ], [ 18.154520111648964, 40.36753577962611 ], [ 18.154368770058952, 40.367685286588561 ], [ 18.154190300673555, 40.367871217932183 ], [ 18.154153740325004, 40.367905352830341 ], [ 18.154085402285908, 40.367978406252234 ], [ 18.153904312088386, 40.368153881317383 ], [ 18.153685572061693, 40.368364399680154 ], [ 18.153515416299481, 40.36851481721046 ], [ 18.153218045190783, 40.368791690065287 ], [ 18.15299012875666, 40.369017328153625 ], [ 18.152654222543546, 40.369344643852678 ], [ 18.152610123216888, 40.369388556640772 ], [ 18.152558532134304, 40.36941858687377 ], [ 18.152495790188308, 40.369456415180075 ], [ 18.152453412885798, 40.369491300933234 ], [ 18.152408516538173, 40.369569687206109 ], [ 18.152361405307797, 40.369645276871267 ], [ 18.152231531786935, 40.369797061361965 ], [ 18.152063682368556, 40.370010207139345 ], [ 18.151936395579764, 40.370199307029552 ], [ 18.151752262604262, 40.370441695613231 ], [ 18.151489992866168, 40.370700351153431 ], [ 18.151959108257657, 40.370557977117556 ], [ 18.156894471570773, 40.368632378226245 ], [ 18.160992844825774, 40.366846946108261 ], [ 18.164351054719997, 40.365034439188882 ], [ 18.165710722107367, 40.364151691179863 ], [ 18.167629707017696, 40.362632535570619 ], [ 18.169479442569685, 40.36134044056184 ], [ 18.169492217183798, 40.361307223939107 ], [ 18.169904413081387, 40.360951343719243 ], [ 18.163407872471716, 40.350619672270277 ], [ 18.161797885090195, 40.349791523273531 ], [ 18.159443459128472, 40.349055986326086 ], [ 18.1562563089918, 40.350731116418373 ], [ 18.156070053858784, 40.350520722955196 ], [ 18.155156034551464, 40.350661681543883 ], [ 18.153668401349297, 40.350661091179333 ], [ 18.146141962971356, 40.349017751985521 ], [ 18.143226409232611, 40.349475503041475 ], [ 18.140591068078635, 40.34961794402809 ], [ 18.13947176923789, 40.349246117963766 ], [ 18.137673304593779, 40.349234687726685 ], [ 18.135703060016819, 40.348651282316226 ], [ 18.134648783522302, 40.348690405215777 ], [ 18.133261422731707, 40.349038136732979 ], [ 18.131202459512036, 40.349620796080146 ], [ 18.129291128627194, 40.349946028998311 ], [ 18.127422910192145, 40.350614592015752 ] ], [ [ 18.14759460914215, 40.364539227077465 ], [ 18.147196291331007, 40.364047751578973 ], [ 18.148302104071323, 40.363607596555362 ], [ 18.147228676961582, 40.362724388385928 ], [ 18.147894422771653, 40.362337169097074 ], [ 18.148383175801239, 40.361893301942615 ], [ 18.15014555430297, 40.360552008221852 ], [ 18.151482762382471, 40.359613402468518 ], [ 18.152675691475178, 40.358994846271813 ], [ 18.15360392022637, 40.358487617586427 ], [ 18.154779936762139, 40.358117259727969 ], [ 18.155795080931885, 40.35915527809955 ], [ 18.156389409934047, 40.359825864375019 ], [ 18.156788675314157, 40.360624899192516 ], [ 18.157128187597976, 40.361285231922238 ], [ 18.156776238745557, 40.361499862690494 ], [ 18.156516976022438, 40.361978536769264 ], [ 18.156862785537534, 40.36220483790396 ], [ 18.155884315258096, 40.362785239289934 ], [ 18.155619414284018, 40.362566938575831 ], [ 18.154524716253253, 40.36295560597749 ], [ 18.154615010931359, 40.363168463414965 ], [ 18.154231399319752, 40.363281443443107 ], [ 18.153772963017133, 40.362648083724423 ], [ 18.153206565348, 40.362868556715291 ], [ 18.153300305635089, 40.363440097649423 ], [ 18.152625034582318, 40.363622592669415 ], [ 18.152127263136581, 40.363010819941856 ], [ 18.15103161190806, 40.363405532541471 ], [ 18.151188054264516, 40.363605903117644 ], [ 18.15019992147224, 40.363913797222445 ], [ 18.150284807223542, 40.36404784451431 ], [ 18.149669355822759, 40.364241268454279 ], [ 18.149378406228376, 40.363855906408872 ], [ 18.14759460914215, 40.364539227077465 ] ] ] ] } },
{ "type": "Feature", "properties": { "fid": 15.0, "ogc_fid": 15.0, "district": "Mazzini", "_mean": -5.4397365640256119, "_stdev": 1.5565765816484749, "_min": -8.3722705841064453, "_max": 2.27828049659729 }, "geometry": { "type": "MultiPolygon", "coordinates": [ [ [ [ 18.176102267636836, 40.355839462533588 ], [ 18.176941015431364, 40.35668253147535 ], [ 18.177165807317124, 40.357379553544185 ], [ 18.177900872334156, 40.357100094032688 ], [ 18.181681914237252, 40.35931318952359 ], [ 18.182225234468682, 40.35921478249012 ], [ 18.183244114416201, 40.358053834407535 ], [ 18.183883062511498, 40.357252238189837 ], [ 18.184206095615256, 40.35658003488038 ], [ 18.190836709550375, 40.358506791355524 ], [ 18.191268958935165, 40.35777532503716 ], [ 18.191397487142115, 40.357055226148567 ], [ 18.191414490119403, 40.355780954258904 ], [ 18.191154236653443, 40.354320569220185 ], [ 18.190870681246103, 40.352850813682423 ], [ 18.190866704357379, 40.352496329588867 ], [ 18.19106304209496, 40.351466534357932 ], [ 18.191324237169855, 40.350542014952779 ], [ 18.191721279887201, 40.349299459361298 ], [ 18.192196453618653, 40.34834525793422 ], [ 18.192695153420129, 40.346949862794723 ], [ 18.19285583868621, 40.346620853136656 ], [ 18.192388965857294, 40.346004470695462 ], [ 18.192089892119778, 40.345459910145706 ], [ 18.192089892119775, 40.345459910145692 ], [ 18.189801461099393, 40.346195656772586 ], [ 18.185202289309931, 40.347738262825864 ], [ 18.180403155088936, 40.348697038238058 ], [ 18.178162103535982, 40.35043254879151 ], [ 18.176811670277196, 40.351254136447885 ], [ 18.176811670277193, 40.351254136447885 ], [ 18.176686331958678, 40.351715797365259 ], [ 18.176102267636836, 40.355839462533588 ] ] ] ] } },
{ "type": "Feature", "properties": { "fid": 16.0, "ogc_fid": 16.0, "district": "San Sabino", "_mean": -2.1165840207731139, "_stdev": 2.34394224306538, "_min": -8.0578136444091797, "_max": 3.8403151035308838 }, "geometry": { "type": "MultiPolygon", "coordinates": [ [ [ [ 18.190836709550375, 40.358506791355524 ], [ 18.194513136720904, 40.359546375972741 ], [ 18.199646995276456, 40.361030268988827 ], [ 18.212710652614206, 40.364802347915671 ], [ 18.219776935289957, 40.366827275312957 ], [ 18.220366742931766, 40.364727418426575 ], [ 18.220809588300973, 40.363562431434985 ], [ 18.220589725486008, 40.362156682560304 ], [ 18.220167411152275, 40.360786420776513 ], [ 18.219522372096652, 40.359536004952204 ], [ 18.218822989261337, 40.358941805154444 ], [ 18.216438416724731, 40.357165157102983 ], [ 18.209839820428673, 40.352547538623206 ], [ 18.208789226365568, 40.351288197000279 ], [ 18.203719662181093, 40.344522506034814 ], [ 18.200903019306576, 40.345241053492323 ], [ 18.199716247244289, 40.34534423820358 ], [ 18.197918282138016, 40.345250581809367 ], [ 18.194891667928999, 40.345122028668548 ], [ 18.193225059780243, 40.345173703891753 ], [ 18.193001330899648, 40.345179697348399 ], [ 18.192193799986189, 40.3454265016058 ], [ 18.192089892119775, 40.345459910145692 ], [ 18.192089892119778, 40.345459910145706 ], [ 18.192388965857294, 40.346004470695462 ], [ 18.19285583868621, 40.346620853136656 ], [ 18.192695153420129, 40.346949862794723 ], [ 18.192196453618653, 40.34834525793422 ], [ 18.191721279887201, 40.349299459361298 ], [ 18.191324237169855, 40.350542014952779 ], [ 18.19106304209496, 40.351466534357932 ], [ 18.190866704357379, 40.352496329588867 ], [ 18.190870681246103, 40.352850813682423 ], [ 18.191154236653443, 40.354320569220185 ], [ 18.191414490119403, 40.355780954258904 ], [ 18.191397487142115, 40.357055226148567 ], [ 18.191268958935165, 40.35777532503716 ], [ 18.190836709550375, 40.358506791355524 ] ] ] ] } },
{ "type": "Feature", "properties": { "fid": 17.0, "ogc_fid": 17.0, "district": "Salesiani", "_mean": -2.0818178622425099, "_stdev": 2.6436291264225629, "_min": -8.2116260528564453, "_max": 5.2690448760986337 }, "geometry": { "type": "MultiPolygon", "coordinates": [ [ [ [ 18.204661045336604, 40.380436451398957 ], [ 18.203887100100573, 40.380084942152408 ], [ 18.202430446760317, 40.379431992622372 ], [ 18.202070330258799, 40.379331300663296 ], [ 18.201588268170362, 40.379210159746187 ], [ 18.201097060554286, 40.379086260275955 ], [ 18.200718422634001, 40.378994350535109 ], [ 18.200523492520862, 40.378926472694282 ], [ 18.200350002055362, 40.378830533216579 ], [ 18.200210769157898, 40.378688180713233 ], [ 18.199642578319146, 40.378120593583063 ], [ 18.198922318421712, 40.377325529564935 ], [ 18.198648407244296, 40.37693738055787 ], [ 18.198617477081029, 40.37676219632678 ], [ 18.198564247124555, 40.37642627601349 ], [ 18.198449733971717, 40.376183137559082 ], [ 18.198231084902865, 40.375957190584728 ], [ 18.197930851987248, 40.375735644546772 ], [ 18.197642624053568, 40.375616291638785 ], [ 18.197378707891115, 40.375507627225147 ], [ 18.197216213331771, 40.375405264164435 ], [ 18.19714534461707, 40.375227607432123 ], [ 18.197036558370613, 40.37484897312703 ], [ 18.196926469137839, 40.374581253081516 ], [ 18.196710098690335, 40.374375143280524 ], [ 18.19637002474531, 40.374065926457661 ], [ 18.196041433424835, 40.373790287961157 ], [ 18.195673433952837, 40.373569365423407 ], [ 18.195529530182931, 40.37341556924288 ], [ 18.195417329546572, 40.37319423666694 ], [ 18.195106108151517, 40.372871500681093 ], [ 18.194837645272518, 40.372623113050828 ], [ 18.194740700400502, 40.372573122235409 ], [ 18.194086531916284, 40.372190062512033 ], [ 18.193308012944652, 40.371530848066641 ], [ 18.192372823974214, 40.37058421367491 ], [ 18.192049402991799, 40.369852966770331 ], [ 18.192214039091269, 40.369508378725335 ], [ 18.192339737062973, 40.369282534252307 ], [ 18.192320835902137, 40.369074584117911 ], [ 18.192041231741271, 40.368832123285934 ], [ 18.190468962617985, 40.367548836364669 ], [ 18.18900476673625, 40.366226283485076 ], [ 18.188576236383959, 40.365523639746833 ], [ 18.187159202917456, 40.363561292494623 ], [ 18.187407526956918, 40.363252934477799 ], [ 18.187797552313214, 40.362761822755232 ], [ 18.188214761358573, 40.362573509825538 ], [ 18.189123667581157, 40.362213243774235 ], [ 18.190391371245251, 40.361969232682071 ], [ 18.191129449057335, 40.362054718233061 ], [ 18.191401374524386, 40.361586149811572 ], [ 18.192044173683875, 40.360365226412831 ], [ 18.192357982831528, 40.359671978391205 ], [ 18.192662594990942, 40.359047660847502 ], [ 18.192673871990287, 40.359026305392433 ], [ 18.190836709550375, 40.358506791355524 ], [ 18.184206095615256, 40.35658003488038 ], [ 18.183883062511498, 40.357252238189837 ], [ 18.183244114416201, 40.358053834407535 ], [ 18.182225234468682, 40.35921478249012 ], [ 18.181681914237252, 40.35931318952359 ], [ 18.177900872334156, 40.357100094032688 ], [ 18.177165807317124, 40.357379553544185 ], [ 18.176941015431364, 40.35668253147535 ], [ 18.176102267636836, 40.355839462533588 ], [ 18.174998755523916, 40.356129575627932 ], [ 18.17443394639346, 40.35622344708829 ], [ 18.17443394639346, 40.35622344708829 ], [ 18.175376010299729, 40.358704936127388 ], [ 18.175570971186524, 40.359565135156856 ], [ 18.175687253960387, 40.360105899719748 ], [ 18.176204041645686, 40.361272202288269 ], [ 18.176605182215017, 40.362314516561646 ], [ 18.177147445725886, 40.362371274709375 ], [ 18.17819569557598, 40.363158231042654 ], [ 18.178615197741166, 40.363475295862166 ], [ 18.18158023220316, 40.366408682630528 ], [ 18.184363927249798, 40.369092402059188 ], [ 18.187387459244434, 40.372235652129767 ], [ 18.184559157661692, 40.373343375854809 ], [ 18.180263289053276, 40.374763073641908 ], [ 18.181160862355949, 40.376205619144677 ], [ 18.182048148153591, 40.377275166342777 ], [ 18.183121517518817, 40.378372925305975 ], [ 18.183677611679204, 40.379460413882796 ], [ 18.184347442547992, 40.380327204764669 ], [ 18.184868115082303, 40.380850022900582 ], [ 18.185569361663283, 40.381554514716271 ], [ 18.185884275744922, 40.382058865856074 ], [ 18.186130075026753, 40.382802777738313 ], [ 18.18641525319363, 40.383824222934891 ], [ 18.186674174229662, 40.384297978025117 ], [ 18.187261737995129, 40.385079468958267 ], [ 18.187539119297597, 40.385430642444092 ], [ 18.188410971437978, 40.385278605083506 ], [ 18.193874605966641, 40.384355070117131 ], [ 18.197140483153795, 40.383704947877568 ], [ 18.198510201880751, 40.383348288380233 ], [ 18.204661045336604, 40.380436451398957 ] ] ] ] } },
{ "type": "Feature", "properties": { "fid": 18.0, "ogc_fid": 18.0, "district": "Kolbe San Giovanni Battista", "_mean": -1.774282965023821, "_stdev": 2.9572166413374279, "_min": -9.5822505950927734, "_max": 6.1235523223876962 }, "geometry": { "type": "MultiPolygon", "coordinates": [ [ [ [ 18.192673871990287, 40.359026305392433 ], [ 18.192662594990942, 40.359047660847502 ], [ 18.192357982831528, 40.359671978391205 ], [ 18.192044173683875, 40.360365226412831 ], [ 18.191401374524386, 40.361586149811572 ], [ 18.191129449057335, 40.362054718233061 ], [ 18.190391371245251, 40.361969232682071 ], [ 18.189123667581157, 40.362213243774235 ], [ 18.188214761358573, 40.362573509825538 ], [ 18.187797552313214, 40.362761822755232 ], [ 18.187407526956918, 40.363252934477799 ], [ 18.187159202917456, 40.363561292494623 ], [ 18.188576236383959, 40.365523639746833 ], [ 18.18900476673625, 40.366226283485076 ], [ 18.190468962617985, 40.367548836364669 ], [ 18.192041231741271, 40.368832123285934 ], [ 18.192320835902137, 40.369074584117911 ], [ 18.192339737062973, 40.369282534252307 ], [ 18.192214039091269, 40.369508378725335 ], [ 18.192049402991799, 40.369852966770331 ], [ 18.192372823974214, 40.37058421367491 ], [ 18.193308012944652, 40.371530848066641 ], [ 18.194086531916284, 40.372190062512033 ], [ 18.194740700400502, 40.372573122235409 ], [ 18.194837645272518, 40.372623113050828 ], [ 18.195106108151517, 40.372871500681093 ], [ 18.195417329546572, 40.37319423666694 ], [ 18.195529530182931, 40.37341556924288 ], [ 18.195673433952837, 40.373569365423407 ], [ 18.196041433424835, 40.373790287961157 ], [ 18.19637002474531, 40.374065926457661 ], [ 18.196710098690335, 40.374375143280524 ], [ 18.196926469137839, 40.374581253081516 ], [ 18.197036558370613, 40.37484897312703 ], [ 18.19714534461707, 40.375227607432123 ], [ 18.197216213331771, 40.375405264164435 ], [ 18.197378707891115, 40.375507627225147 ], [ 18.197642624053568, 40.375616291638785 ], [ 18.197930851987248, 40.375735644546772 ], [ 18.198231084902865, 40.375957190584728 ], [ 18.198449733971717, 40.376183137559082 ], [ 18.198564247124555, 40.37642627601349 ], [ 18.198617477081029, 40.37676219632678 ], [ 18.198648407244296, 40.37693738055787 ], [ 18.198922318421712, 40.377325529564935 ], [ 18.199642578319146, 40.378120593583063 ], [ 18.200210769157898, 40.378688180713233 ], [ 18.200350002055362, 40.378830533216579 ], [ 18.200523492520862, 40.378926472694282 ], [ 18.200718422634001, 40.378994350535109 ], [ 18.201097060554286, 40.379086260275955 ], [ 18.201588268170362, 40.379210159746187 ], [ 18.202070330258799, 40.379331300663296 ], [ 18.202430446760317, 40.379431992622372 ], [ 18.203887100100573, 40.380084942152408 ], [ 18.204661045336604, 40.380436451398957 ], [ 18.204715384305597, 40.38041072456361 ], [ 18.206430721243162, 40.379512822465799 ], [ 18.208610242507792, 40.378475247975977 ], [ 18.210819414029217, 40.377416819787527 ], [ 18.212446195929605, 40.376586105714679 ], [ 18.214413283839772, 40.375377297512962 ], [ 18.214984759158845, 40.374884974922594 ], [ 18.216300089134002, 40.373637325115062 ], [ 18.217463842200285, 40.372625902540911 ], [ 18.218384069861941, 40.370813897516541 ], [ 18.218965180756111, 40.369293841941193 ], [ 18.219477396848614, 40.367910395236215 ], [ 18.219776775565514, 40.366827843954333 ], [ 18.219776935289957, 40.366827275312957 ], [ 18.212710652614206, 40.364802347915671 ], [ 18.199646995276456, 40.361030268988827 ], [ 18.194513136720904, 40.359546375972741 ], [ 18.192673871990287, 40.359026305392433 ] ] ] ] } },
{ "type": "Feature", "properties": { "fid": 19.0, "ogc_fid": 19.0, "district": "Contesto di Santa Maria Cerrate", "_mean": 3.1498606197526162, "_stdev": 2.513104197866793, "_min": -6.9708843231201181, "_max": 11.394136428833008 }, "geometry": { "type": "MultiPolygon", "coordinates": [ [ [ [ 18.069980761285031, 40.448863944843652 ], [ 18.069022178685934, 40.44980261336211 ], [ 18.068875133224907, 40.449938734077634 ], [ 18.067676637825777, 40.451065480212925 ], [ 18.067654066001136, 40.451152000905061 ], [ 18.06741321979521, 40.451381355019599 ], [ 18.067306457210517, 40.451418097104025 ], [ 18.066911450916333, 40.451787289432758 ], [ 18.066473439405648, 40.452196008337957 ], [ 18.065966565643951, 40.452669845570881 ], [ 18.065375766035988, 40.453295665474194 ], [ 18.064926692160203, 40.453781042287055 ], [ 18.06426684330939, 40.454600572811358 ], [ 18.064249017846613, 40.454703999106975 ], [ 18.064043395781585, 40.454979119915009 ], [ 18.063930642059301, 40.455047555509779 ], [ 18.062458701934023, 40.457059457118184 ], [ 18.061179930706381, 40.458808928085531 ], [ 18.061173344748948, 40.458885939309972 ], [ 18.06096050956814, 40.459174555555428 ], [ 18.060844862428667, 40.459267133735793 ], [ 18.060299266132404, 40.460003450954368 ], [ 18.060043828832111, 40.460352260714345 ], [ 18.059981564387762, 40.460489486171355 ], [ 18.059570311187009, 40.461030660788786 ], [ 18.059392131158361, 40.461195609482445 ], [ 18.058786187248309, 40.461903201176661 ], [ 18.058539238084538, 40.462169413181606 ], [ 18.058427362506528, 40.462317582523227 ], [ 18.058081863532756, 40.462672264180391 ], [ 18.057978850526887, 40.462735120909663 ], [ 18.057749291906273, 40.462998480641438 ], [ 18.056776930487992, 40.464011334872502 ], [ 18.055769108085254, 40.465051854199778 ], [ 18.054907704537673, 40.465947049955012 ], [ 18.054382630810519, 40.466486050721123 ], [ 18.053923621049933, 40.466967125837833 ], [ 18.053541288925121, 40.467377884467489 ], [ 18.053209826249034, 40.467730325803537 ], [ 18.052927453483981, 40.468050421355805 ], [ 18.052596303590928, 40.468461723006158 ], [ 18.052100712520126, 40.469113956029645 ], [ 18.05176754497672, 40.469564402557765 ], [ 18.051253170667735, 40.47036932121388 ], [ 18.051221313942154, 40.470480691506673 ], [ 18.051018385850035, 40.470799221498766 ], [ 18.050915691995165, 40.470885788423978 ], [ 18.049983500418648, 40.472335347647281 ], [ 18.048422556036307, 40.474754043703697 ], [ 18.04794493708901, 40.475495952079925 ], [ 18.047941253449729, 40.475598951795838 ], [ 18.047689089358727, 40.475982496047244 ], [ 18.047581492673878, 40.476061781734735 ], [ 18.047430133739475, 40.476295684970481 ], [ 18.047027750765544, 40.47692046474711 ], [ 18.046413840802952, 40.477866173055006 ], [ 18.045178447473358, 40.479786553728751 ], [ 18.044797826657458, 40.480379577460987 ], [ 18.044606015659305, 40.480678423130065 ], [ 18.044584755648692, 40.480771865815576 ], [ 18.044372640449208, 40.481111756328829 ], [ 18.044292512060348, 40.481166862069415 ], [ 18.043656879574129, 40.482150789320563 ], [ 18.043322187056567, 40.482668818807397 ], [ 18.043004891433718, 40.48316105835481 ], [ 18.04288171654283, 40.483415503156934 ], [ 18.042571584028309, 40.483913648024846 ], [ 18.042426828614836, 40.484055020734189 ], [ 18.0415540069109, 40.485408443935171 ], [ 18.041472417876289, 40.485649673532279 ], [ 18.041084284434156, 40.486163202251944 ], [ 18.040950134199644, 40.486338868275212 ], [ 18.040895565097898, 40.48642277583177 ], [ 18.040311789974279, 40.487339109135881 ], [ 18.04007040652845, 40.487721568689004 ], [ 18.040126590939629, 40.48775781710215 ], [ 18.0408516303795, 40.488307465377417 ], [ 18.041268197392135, 40.488591049368985 ], [ 18.041433461939828, 40.488713652261225 ], [ 18.041594899379767, 40.488829294210596 ], [ 18.041846922807206, 40.488379837291994 ], [ 18.04221617468297, 40.487754844515507 ], [ 18.042418754138044, 40.487249260228282 ], [ 18.042461273912153, 40.487105176717407 ], [ 18.042571878441716, 40.486787300956692 ], [ 18.042574176202518, 40.486766781844509 ], [ 18.042720943459237, 40.486553765834088 ], [ 18.042944460444577, 40.48599976373535 ], [ 18.042992320531599, 40.48586054720063 ], [ 18.043024976880194, 40.485795803332593 ], [ 18.043060879037053, 40.48570829241288 ], [ 18.043230352063887, 40.485205396787393 ], [ 18.04323431736892, 40.485178400890803 ], [ 18.043239177053174, 40.485147286826347 ], [ 18.04324727942705, 40.485116561068956 ], [ 18.043266847411168, 40.485076430623664 ], [ 18.043286225551633, 40.485036224115284 ], [ 18.043305232156499, 40.484995940928329 ], [ 18.043324385615652, 40.484954836029388 ], [ 18.043343167458108, 40.4849136526528 ], [ 18.0433617619769, 40.484872396749871 ], [ 18.043380077107528, 40.484831067144384 ], [ 18.043415694838881, 40.484758681009794 ], [ 18.043451873911962, 40.484686449401096 ], [ 18.043488611806016, 40.484614368781422 ], [ 18.04352751489559, 40.484539197512525 ], [ 18.043566975253057, 40.484464195285533 ], [ 18.043607000434214, 40.484389372709181 ], [ 18.043647677544559, 40.484314725685493 ], [ 18.043688822860968, 40.484240260858009 ], [ 18.043737307604221, 40.484154887788463 ], [ 18.043785418361693, 40.484069385848791 ], [ 18.043846869903113, 40.483958928615223 ], [ 18.04390757343916, 40.483848264090291 ], [ 18.043923258072667, 40.483805852643094 ], [ 18.043939873487538, 40.483763625620306 ], [ 18.043957327214905, 40.483721625090062 ], [ 18.043975712534003, 40.483679826976179 ], [ 18.043994936488041, 40.483638262551196 ], [ 18.044014497704101, 40.483598000655888 ], [ 18.04403489747213, 40.48355797064967 ], [ 18.044056044704092, 40.483518192947379 ], [ 18.044073732524847, 40.483471145893702 ], [ 18.0440918814535, 40.483424174950223 ], [ 18.044110405034093, 40.483377298608623 ], [ 18.044129302940458, 40.483330509671667 ], [ 18.044148570377708, 40.483283806464186 ], [ 18.044168212952865, 40.483237208653676 ], [ 18.04418822749523, 40.48319069830945 ], [ 18.044208614329523, 40.483144282628409 ], [ 18.044230295015293, 40.483095907129773 ], [ 18.04425244273331, 40.483047634604354 ], [ 18.044275055777096, 40.482999479508045 ], [ 18.04429794977727, 40.482951434091554 ], [ 18.044321308694862, 40.482903497107479 ], [ 18.044345133098489, 40.482855681150419 ], [ 18.044369333363012, 40.482807986781616 ], [ 18.044393907212697, 40.482760415862295 ], [ 18.044418856840537, 40.48271296473154 ], [ 18.044444270001669, 40.482665643685294 ], [ 18.044460850653898, 40.482636955072344 ], [ 18.044501708060054, 40.482556163804226 ], [ 18.044515452523449, 40.48252178005783 ], [ 18.044534389939734, 40.482477962333313 ], [ 18.044554354570565, 40.482434427363636 ], [ 18.044575943813886, 40.482390143403805 ], [ 18.044597049549097, 40.482349462391326 ], [ 18.044620454701271, 40.482306573470105 ], [ 18.044641554948669, 40.482269841277002 ], [ 18.044680497653591, 40.482207860277008 ], [ 18.044716695963984, 40.482156507868886 ], [ 18.044746594745138, 40.482112604641699 ], [ 18.044766070083632, 40.482070462414718 ], [ 18.044808417146371, 40.481987987075584 ], [ 18.044860698378251, 40.481884746160354 ], [ 18.044938096204895, 40.481729574883566 ], [ 18.045025048585469, 40.481551407041493 ], [ 18.045055531153668, 40.481487820585563 ], [ 18.045101843127036, 40.481387033767909 ], [ 18.045122994726199, 40.481339190860183 ], [ 18.045148541803911, 40.481282594289986 ], [ 18.045164832622472, 40.481247511021941 ], [ 18.045195275951635, 40.481183010449598 ], [ 18.045211704442373, 40.481148989976901 ], [ 18.045217183581471, 40.48113764613754 ], [ 18.045240477218584, 40.481090326771508 ], [ 18.045265501088817, 40.48104052626897 ], [ 18.045291412880744, 40.48098996376762 ], [ 18.045314230466229, 40.48094636063324 ], [ 18.045339204719244, 40.480899481503279 ], [ 18.045366673435367, 40.48084871039368 ], [ 18.045385314273378, 40.480814681989173 ], [ 18.045410131975959, 40.48077049827409 ], [ 18.045435827995714, 40.480725340246586 ], [ 18.045456938736574, 40.480688807585551 ], [ 18.045497961158009, 40.480590226329468 ], [ 18.04549944397046, 40.480587490515767 ], [ 18.045579319328812, 40.480440318366128 ], [ 18.045620728445691, 40.480364165187112 ], [ 18.045649620262132, 40.480310964208279 ], [ 18.045678085198205, 40.48025854908645 ], [ 18.045745880230495, 40.480133623972428 ], [ 18.04580269371213, 40.480059343195663 ], [ 18.045809281449735, 40.48003996823924 ], [ 18.045827527828123, 40.479999211106893 ], [ 18.045847452958675, 40.479958903276234 ], [ 18.045868964947619, 40.479919099411084 ], [ 18.045891476110917, 40.47988094089142 ], [ 18.045915391804154, 40.47984332357052 ], [ 18.045940899962499, 40.47980628212111 ], [ 18.045967817852056, 40.47976984478062 ], [ 18.045997136839404, 40.479723281439547 ], [ 18.046019035016776, 40.479663493363709 ], [ 18.046149172018744, 40.479466338985993 ], [ 18.046225448167696, 40.479351726290801 ], [ 18.046245776583536, 40.479324408504752 ], [ 18.046263927511298, 40.47929380474838 ], [ 18.046273923507357, 40.479272387128319 ], [ 18.046282719407596, 40.479248846684747 ], [ 18.046294625339204, 40.479204414345709 ], [ 18.046308993193605, 40.479161473472345 ], [ 18.046317575014498, 40.479139354579303 ], [ 18.046349281749972, 40.479076333556762 ], [ 18.046370989943949, 40.479028625255012 ], [ 18.046392744405125, 40.478990126320667 ], [ 18.046416225192893, 40.478950990976884 ], [ 18.046436514155747, 40.478918790585233 ], [ 18.046456965406382, 40.478888091884485 ], [ 18.046484655380578, 40.478846312700853 ], [ 18.046507547768556, 40.478808461052559 ], [ 18.046528329356594, 40.478770830818455 ], [ 18.0465448853342, 40.478737568789398 ], [ 18.046560457152459, 40.478702889796608 ], [ 18.046580234193343, 40.478655259427043 ], [ 18.046602937501412, 40.478603064544671 ], [ 18.046622466530131, 40.478560173006606 ], [ 18.046644836360549, 40.478512861520819 ], [ 18.046666531688334, 40.478468943662996 ], [ 18.046689138425648, 40.478424783783986 ], [ 18.046713506544279, 40.478378833665701 ], [ 18.047127925084055, 40.477660502501848 ], [ 18.047269541608166, 40.477409715112337 ], [ 18.047338444752196, 40.477309397672286 ], [ 18.047460704960784, 40.477150156751172 ], [ 18.047514190383044, 40.477067588236508 ], [ 18.047546551142187, 40.477023179777113 ], [ 18.047576638448493, 40.476979411362358 ], [ 18.047607050727088, 40.476932660240642 ], [ 18.047631602222062, 40.47689281906603 ], [ 18.047654173550335, 40.476854051545452 ], [ 18.047678113662723, 40.476810866873386 ], [ 18.047698133833165, 40.476772753934796 ], [ 18.047720007028946, 40.476728726705346 ], [ 18.04773831318585, 40.476689333162454 ], [ 18.047777757935645, 40.476614128165906 ], [ 18.047816922910268, 40.476540874258269 ], [ 18.047852402563969, 40.476475791513735 ], [ 18.047897374799607, 40.476394450905744 ], [ 18.047940708422903, 40.476317666055536 ], [ 18.04798075648716, 40.476247669145728 ], [ 18.048023938696151, 40.47617358857012 ], [ 18.04806134795729, 40.476110441780769 ], [ 18.048105484321937, 40.47603711960123 ], [ 18.04813764220739, 40.475984183069762 ], [ 18.048167606224947, 40.475935676455002 ], [ 18.048209284355952, 40.475869129366338 ], [ 18.048237609475073, 40.475814957337612 ], [ 18.048248786506417, 40.475799278278124 ], [ 18.048262309303023, 40.475784558692709 ], [ 18.048292385447933, 40.475760940925994 ], [ 18.048378431489521, 40.475693373869191 ], [ 18.048407466125582, 40.475673222452976 ], [ 18.048458172907345, 40.475620878808442 ], [ 18.048492705330112, 40.475585805293164 ], [ 18.048525805384823, 40.475549627490132 ], [ 18.048556438662896, 40.475513882287984 ], [ 18.048588605848213, 40.47547335708073 ], [ 18.04861638742959, 40.475435691190064 ], [ 18.048673476160563, 40.475343203945947 ], [ 18.048727262700808, 40.475255103815215 ], [ 18.048787429149474, 40.475155261178159 ], [ 18.048858488639151, 40.47503556042129 ], [ 18.048924939972594, 40.474921882700478 ], [ 18.048986956306525, 40.474814091948865 ], [ 18.049048121194044, 40.474707871054726 ], [ 18.049118692469239, 40.47458345073499 ], [ 18.049160457158898, 40.474508693813213 ], [ 18.049181996966393, 40.474469529905292 ], [ 18.049206201472625, 40.47443019114889 ], [ 18.0492250256512, 40.474402321705824 ], [ 18.049244880121599, 40.474374805150809 ], [ 18.049275839141046, 40.474334082879452 ], [ 18.049300133767225, 40.474302831842365 ], [ 18.049427734843388, 40.474150532774374 ], [ 18.049502067178228, 40.474061324082044 ], [ 18.049571937190407, 40.47399698271645 ], [ 18.049685619633362, 40.473934485389023 ], [ 18.049811065717055, 40.473873604770226 ], [ 18.049897339605348, 40.473964756144085 ], [ 18.050013516109086, 40.474064629077411 ], [ 18.050191209129398, 40.47420384279134 ], [ 18.050334508854583, 40.474316104183487 ], [ 18.05038825828316, 40.474358172116929 ], [ 18.050427244076396, 40.474386975362371 ], [ 18.050495665262343, 40.474436994382295 ], [ 18.050570533725686, 40.474490977267862 ], [ 18.050863081119893, 40.474722851809965 ], [ 18.050899682094627, 40.47475789491952 ], [ 18.050939929555973, 40.474794073836222 ], [ 18.050979586306887, 40.474827418520618 ], [ 18.051023539531371, 40.474862031350632 ], [ 18.05106672771511, 40.474893971274589 ], [ 18.051113616142281, 40.474926254757804 ], [ 18.051164581419528, 40.474959071800818 ], [ 18.051214593955695, 40.474989082184408 ], [ 18.051265828482922, 40.475017635344088 ], [ 18.051315528772264, 40.475044865356644 ], [ 18.051362937872863, 40.475070361690008 ], [ 18.05141240505651, 40.475096506167361 ], [ 18.051462135704686, 40.475122321209184 ], [ 18.051513068772419, 40.475148329630031 ], [ 18.051562381718821, 40.475173045999568 ], [ 18.051612238945253, 40.475197643482531 ], [ 18.051662841673622, 40.475226510389938 ], [ 18.05171356061874, 40.475253828596891 ], [ 18.051766181773189, 40.475280437194961 ], [ 18.051821088093508, 40.475306614285579 ], [ 18.05187610346729, 40.475331188818835 ], [ 18.051932273130529, 40.475354738442093 ], [ 18.05196154771118, 40.475366349395323 ], [ 18.051991743134856, 40.475377926996167 ], [ 18.052055289771562, 40.475401643668164 ], [ 18.052114385843907, 40.475422669545637 ], [ 18.05217755536734, 40.475444153366382 ], [ 18.052237029729572, 40.475463374981032 ], [ 18.052294314370307, 40.475481072810219 ], [ 18.052312943947825, 40.475489578403817 ], [ 18.052329553724885, 40.475500257638132 ], [ 18.052713069151874, 40.475645254853802 ], [ 18.052812813401317, 40.475683468428315 ], [ 18.052956166516708, 40.475738775415863 ], [ 18.053167537262414, 40.475818730279983 ], [ 18.053286795564844, 40.475866990923492 ], [ 18.053556276540558, 40.475995561473155 ], [ 18.053607539361447, 40.476019029256243 ], [ 18.054117175830971, 40.476289070860901 ], [ 18.054970224489018, 40.476646151957766 ], [ 18.055015602359614, 40.476671693290449 ], [ 18.055175463356957, 40.476766786100811 ], [ 18.055341201038999, 40.47684181046376 ], [ 18.055528591281309, 40.476935320503038 ], [ 18.055780908172363, 40.477186898480525 ], [ 18.055908608895564, 40.477265670311525 ], [ 18.056493886603793, 40.477563609882338 ], [ 18.056505388288933, 40.477520612159267 ], [ 18.056521071978683, 40.477478382824735 ], [ 18.056537548408983, 40.47744348403539 ], [ 18.056556737167025, 40.477409457384788 ], [ 18.056578735122176, 40.47737641019318 ], [ 18.056660048955365, 40.477259511938549 ], [ 18.056852145660486, 40.476948265582166 ], [ 18.057025627644901, 40.476685744315098 ], [ 18.057121285185008, 40.476535754307065 ], [ 18.057212658017175, 40.476391418780011 ], [ 18.0555175479622, 40.475596565467377 ], [ 18.055931439530081, 40.475054465093365 ], [ 18.055334015038085, 40.474751226939752 ], [ 18.055724229275263, 40.474204599939448 ], [ 18.057449922389925, 40.474919033250139 ], [ 18.057490614038052, 40.474474558102884 ], [ 18.056605498620428, 40.474009197105481 ], [ 18.0571842901693, 40.473186912417468 ], [ 18.055662644485821, 40.472384772698177 ], [ 18.055643719261361, 40.472345981222823 ], [ 18.055241485160941, 40.471526365144463 ], [ 18.054716346351608, 40.470490825226918 ], [ 18.054732990216561, 40.470485841801519 ], [ 18.054750761268643, 40.470497233963464 ], [ 18.054802255826779, 40.470520228573946 ], [ 18.054975425387539, 40.470586653517842 ], [ 18.055153771751208, 40.470650507536966 ], [ 18.055400777586435, 40.470743946759832 ], [ 18.055655260840201, 40.470836593121255 ], [ 18.055854365630701, 40.470905590993553 ], [ 18.056070299256042, 40.470988176100654 ], [ 18.056361830127322, 40.471099818011119 ], [ 18.056659041017834, 40.471211335845013 ], [ 18.056990327590178, 40.471336199948752 ], [ 18.057276080127302, 40.471446803551125 ], [ 18.057640547113152, 40.471585470550302 ], [ 18.057982522888089, 40.471715013398089 ], [ 18.058245230031503, 40.471813550144226 ], [ 18.058538695414331, 40.471926650211891 ], [ 18.058853466565154, 40.47204525408808 ], [ 18.059151675898043, 40.472158369219351 ], [ 18.059398981620024, 40.472253232921538 ], [ 18.059590691674554, 40.472326212115178 ], [ 18.05973623394847, 40.472382758720371 ], [ 18.059756344229147, 40.472391872384712 ], [ 18.059859404903243, 40.472407159204636 ], [ 18.061080937298705, 40.472910464841085 ], [ 18.061281425537608, 40.472983278737139 ], [ 18.061419014947241, 40.472799845614226 ], [ 18.061431539374986, 40.472789600448046 ], [ 18.06143906931776, 40.47278857397378 ], [ 18.061679596307222, 40.472864805774833 ], [ 18.061874213018484, 40.47292265872985 ], [ 18.062038780814184, 40.472947207580823 ], [ 18.062111747849428, 40.472875527759506 ], [ 18.062695909881281, 40.473128306287862 ], [ 18.062727972114306, 40.473120385405259 ], [ 18.063147385500983, 40.47267851804682 ], [ 18.063163139366814, 40.472662734181313 ], [ 18.06317806840428, 40.472628815846726 ], [ 18.063132634330834, 40.472474981443149 ], [ 18.063123802027121, 40.472445505179415 ], [ 18.063058412747381, 40.472376004974159 ], [ 18.062878473596822, 40.472243678372493 ], [ 18.062726786195654, 40.472168084971017 ], [ 18.062641940025493, 40.472096931675082 ], [ 18.06263582776424, 40.472088360577388 ], [ 18.062636095381436, 40.47207852862303 ], [ 18.062683076392592, 40.472010691898376 ], [ 18.062686890785589, 40.472000218248859 ], [ 18.062683961868625, 40.471992868742028 ], [ 18.062463580857489, 40.471833785978689 ], [ 18.062393623972923, 40.471792715575809 ], [ 18.062151830915745, 40.471692044922584 ], [ 18.062257930445281, 40.471551414959023 ], [ 18.062282901702673, 40.471514603982314 ], [ 18.062182454593785, 40.47145400775031 ], [ 18.062291027065697, 40.471339605474235 ], [ 18.062277325280512, 40.471303196764211 ], [ 18.061550833853445, 40.470266253322244 ], [ 18.061156170143661, 40.469670319946374 ], [ 18.061139959586143, 40.46959150766817 ], [ 18.061118956615246, 40.469519919960163 ], [ 18.061084928748279, 40.469447396712326 ], [ 18.061048517770111, 40.469378487192706 ], [ 18.060977939428874, 40.469263302742874 ], [ 18.060916835849952, 40.469150859237608 ], [ 18.060899280047654, 40.469103733259793 ], [ 18.060773790064346, 40.468931368430454 ], [ 18.060695030634264, 40.468792623886216 ], [ 18.060584448346415, 40.468616668019123 ], [ 18.060449213022828, 40.468391745692607 ], [ 18.060321012007446, 40.468182236945509 ], [ 18.060221051790574, 40.468016276217355 ], [ 18.060094013558274, 40.467809485324494 ], [ 18.060014056735731, 40.46767526470363 ], [ 18.059929379180307, 40.467536496264117 ], [ 18.059852933045484, 40.467410434734745 ], [ 18.059742394364175, 40.467227235178278 ], [ 18.059641245381979, 40.467061260361376 ], [ 18.05952721663505, 40.466863561661064 ], [ 18.05944845001671, 40.466733111844007 ], [ 18.059487287745345, 40.466729020505873 ], [ 18.059546252957542, 40.46671919343472 ], [ 18.059680457257304, 40.466685765008151 ], [ 18.059805316056604, 40.466657881983828 ], [ 18.060034912277754, 40.46660238391182 ], [ 18.060231420793766, 40.466550040996715 ], [ 18.060440999368463, 40.466499334715778 ], [ 18.060761294953796, 40.466423637177996 ], [ 18.061040246574954, 40.466352113274532 ], [ 18.061344104062101, 40.466282965625446 ], [ 18.061500630330475, 40.466242000726183 ], [ 18.061592491647492, 40.466220888374743 ], [ 18.061675087250272, 40.466208938565913 ], [ 18.062022125401665, 40.464764081828307 ], [ 18.062258330553799, 40.464789971801828 ], [ 18.062444490571227, 40.464669991999742 ], [ 18.06261317728055, 40.464547148107698 ], [ 18.063226326604312, 40.464132162376153 ], [ 18.06331986908285, 40.464153542470299 ], [ 18.063454905192302, 40.464190944121427 ], [ 18.063609635301642, 40.464230680179284 ], [ 18.063794743077192, 40.464277457011931 ], [ 18.063984158356114, 40.464333061431788 ], [ 18.064222896430604, 40.464387070371323 ], [ 18.064427938835689, 40.464432639892863 ], [ 18.064646181781292, 40.46448530033382 ], [ 18.064811520413851, 40.464524897343829 ], [ 18.064993446598407, 40.464563398151583 ], [ 18.065158812127805, 40.464599897330011 ], [ 18.066225445203688, 40.463349675765272 ], [ 18.066511283585154, 40.463036272240601 ], [ 18.066574943988638, 40.462961241183393 ], [ 18.066692466399559, 40.462839191611742 ], [ 18.066741271414177, 40.462775842560653 ], [ 18.06679872459155, 40.462695907068344 ], [ 18.067361269999818, 40.462087740429034 ], [ 18.06829222115849, 40.461194038768951 ], [ 18.069095064646145, 40.460571298856834 ], [ 18.069318650660289, 40.460436004920538 ], [ 18.069397653821191, 40.460389750911951 ], [ 18.069427587796454, 40.460435590064115 ], [ 18.069508466079331, 40.460494066642987 ], [ 18.069809056512753, 40.460707571933867 ], [ 18.070135447827361, 40.460935313329941 ], [ 18.070258625088709, 40.461021516121455 ], [ 18.070458501766254, 40.461161396946579 ], [ 18.070491704487569, 40.461167829648062 ], [ 18.070522358234417, 40.46117830941553 ], [ 18.070577095816493, 40.46120704553951 ], [ 18.070627407603379, 40.461233370145443 ], [ 18.070848281978304, 40.461374421303091 ], [ 18.071141570726883, 40.461554322836903 ], [ 18.07144675358229, 40.461749615502072 ], [ 18.07178043081602, 40.461958461551667 ], [ 18.071994169585441, 40.462091361559118 ], [ 18.072192473115461, 40.462213402207844 ], [ 18.072384832212869, 40.462326404493155 ], [ 18.072613400411665, 40.462478526067095 ], [ 18.07285066338558, 40.462631017483794 ], [ 18.073102379915699, 40.462779261563703 ], [ 18.073371451586336, 40.462952533051407 ], [ 18.073646226263808, 40.463122778864303 ], [ 18.073966810428377, 40.463319825439626 ], [ 18.07428040617209, 40.463521892107018 ], [ 18.074633100637012, 40.463739763629761 ], [ 18.07491571324374, 40.463905177054343 ], [ 18.075193584399152, 40.464076948883211 ], [ 18.075404981955817, 40.464216180823968 ], [ 18.075552256252983, 40.464313823460223 ], [ 18.075642525771073, 40.464380746262528 ], [ 18.075541810900138, 40.464458849713587 ], [ 18.07546597004513, 40.464537594851123 ], [ 18.075348380416223, 40.464667386625699 ], [ 18.07525180702207, 40.464757438122199 ], [ 18.075205676818278, 40.464798582037055 ], [ 18.075139398514061, 40.464847035735644 ], [ 18.075132512789573, 40.4648744472902 ], [ 18.075109450351913, 40.464900891726501 ], [ 18.075042443338777, 40.464956894636131 ], [ 18.074959475551715, 40.465041775653908 ], [ 18.074815187113298, 40.465189180375965 ], [ 18.074680513343043, 40.465325306148095 ], [ 18.074494923501913, 40.465511385579767 ], [ 18.074335554095434, 40.465666892217889 ], [ 18.074176945549642, 40.465827458339206 ], [ 18.074031120538812, 40.465982353603472 ], [ 18.073848711262062, 40.466166933248296 ], [ 18.07369475066335, 40.466319259682074 ], [ 18.073612084108905, 40.466409263925939 ], [ 18.073549851239484, 40.466485440717598 ], [ 18.073482927899324, 40.466579576195514 ], [ 18.073402185200948, 40.466708140342845 ], [ 18.073336956200407, 40.466811246661678 ], [ 18.073282446903491, 40.466903959989352 ], [ 18.073225434764808, 40.467005199284209 ], [ 18.07318530379527, 40.467065971151875 ], [ 18.073132415881812, 40.467129660302533 ], [ 18.072985815931236, 40.467289653046414 ], [ 18.072831553103189, 40.467464197682027 ], [ 18.072674249427372, 40.467641901623217 ], [ 18.072537620859649, 40.467796127004867 ], [ 18.072499011989887, 40.467838323512773 ], [ 18.072472066199627, 40.467867789026727 ], [ 18.072381697792121, 40.467966590013496 ], [ 18.0722429293575, 40.468125175535292 ], [ 18.072062606459799, 40.468325423143995 ], [ 18.071992258928493, 40.468400157695726 ], [ 18.07197203429569, 40.468421644224328 ], [ 18.071857268572533, 40.468543564520019 ], [ 18.071611998182437, 40.468802290480554 ], [ 18.071370847602282, 40.46905053748327 ], [ 18.071137258370698, 40.469303824976897 ], [ 18.070969055538228, 40.469474432553483 ], [ 18.070981243805321, 40.469583190530948 ], [ 18.071017841430876, 40.469633465344906 ], [ 18.071150594275796, 40.469799491794049 ], [ 18.071272842492185, 40.469971219686286 ], [ 18.071389896396123, 40.470133563383726 ], [ 18.07148624749431, 40.470268842123645 ], [ 18.071594607753436, 40.470414782688273 ], [ 18.071668608720255, 40.470524112102716 ], [ 18.071764007013122, 40.47067390100861 ], [ 18.071863115130117, 40.470825633930595 ], [ 18.071963645236703, 40.470984795741181 ], [ 18.072055550008038, 40.471122346726965 ], [ 18.072220517852831, 40.47137136826219 ], [ 18.072332031554112, 40.471547630036973 ], [ 18.072385553273364, 40.471627582540435 ], [ 18.072447717079015, 40.471734354920883 ], [ 18.072537234728667, 40.47188959391336 ], [ 18.072621940060262, 40.472043006357111 ], [ 18.072708035645785, 40.472202065158982 ], [ 18.072796659646539, 40.472366640951599 ], [ 18.072909552148804, 40.4725766669129 ], [ 18.072965931583344, 40.472698535532963 ], [ 18.073001672566647, 40.472785536006413 ], [ 18.07302903502125, 40.472857699725559 ], [ 18.073071265374566, 40.472968531145028 ], [ 18.073111313228388, 40.473092787022836 ], [ 18.073168403635989, 40.473281960358946 ], [ 18.073211363800638, 40.473395591485733 ], [ 18.073294718131095, 40.473591426285388 ], [ 18.073371929077883, 40.473783405597757 ], [ 18.073441770261322, 40.473948794175534 ], [ 18.073526036625516, 40.47413176052077 ], [ 18.073604177503675, 40.474311782423776 ], [ 18.073694644739149, 40.47451533390884 ], [ 18.073795149250834, 40.474754844290544 ], [ 18.073883492717918, 40.474976439118251 ], [ 18.073950840076915, 40.475149407363283 ], [ 18.074046693917825, 40.475392671112139 ], [ 18.074146943074496, 40.47567794169175 ], [ 18.074243009832429, 40.475933016761836 ], [ 18.074251972182914, 40.476072283968158 ], [ 18.074263295946732, 40.476091212437019 ], [ 18.074278974548292, 40.476169307231984 ], [ 18.074286074828425, 40.476230066760316 ], [ 18.074301685107244, 40.476288320950346 ], [ 18.074313479510259, 40.476322413676513 ], [ 18.074340179921471, 40.476367350280007 ], [ 18.074389796311589, 40.476435248070885 ], [ 18.074463616877079, 40.476515568757755 ], [ 18.074576796031693, 40.476618650537617 ], [ 18.074633403622837, 40.476667870701647 ], [ 18.074658507982644, 40.476692827166438 ], [ 18.074887654946284, 40.476938534131939 ], [ 18.075097001132551, 40.477249508419334 ], [ 18.075122725954341, 40.477307619221975 ], [ 18.075151557875834, 40.477383969305208 ], [ 18.075171720065793, 40.477424358352799 ], [ 18.075213860665997, 40.477502650773772 ], [ 18.075272868650188, 40.477596911915825 ], [ 18.075334079281479, 40.477697042767204 ], [ 18.075379798744468, 40.47777615851971 ], [ 18.075427038887423, 40.477840532532483 ], [ 18.075513855898389, 40.477933973621539 ], [ 18.075608542029038, 40.478033077607385 ], [ 18.075740615188121, 40.478169384329263 ], [ 18.07585958878213, 40.478301085984278 ], [ 18.075931778788462, 40.478378676754843 ], [ 18.075979213813685, 40.478435418212719 ], [ 18.076003627582349, 40.478466661631721 ], [ 18.076086467629555, 40.478575772292949 ], [ 18.076154458394974, 40.478672452517344 ], [ 18.076211557355158, 40.478755081927126 ], [ 18.076272288499155, 40.478839498804184 ], [ 18.076325797861521, 40.478914344465657 ], [ 18.076401224159177, 40.47900517004733 ], [ 18.076450802830617, 40.479064664368593 ], [ 18.076532055343723, 40.4791490657664 ], [ 18.076676633542068, 40.479297404779224 ], [ 18.076804020584895, 40.47942785443135 ], [ 18.076887884630448, 40.479513320860228 ], [ 18.076960984421433, 40.479573079883885 ], [ 18.077157830550739, 40.479704501011305 ], [ 18.077401504009597, 40.479876410400763 ], [ 18.077641091753776, 40.48004819397412 ], [ 18.07766816762383, 40.48006740478403 ], [ 18.077894527263879, 40.480226139786119 ], [ 18.078060397210407, 40.480334954218293 ], [ 18.078143841288018, 40.480395951695392 ], [ 18.078233030669015, 40.480461144524419 ], [ 18.078309327052018, 40.48053014148244 ], [ 18.078428989298747, 40.480638052551583 ], [ 18.078552544647071, 40.48074736026097 ], [ 18.078247332592284, 40.480974001299387 ], [ 18.078032622806607, 40.481047870021094 ], [ 18.077787922581422, 40.480902089871478 ], [ 18.077604919672268, 40.481149581649291 ], [ 18.077585480222869, 40.481175897585388 ], [ 18.077283194608455, 40.48158461366117 ], [ 18.07673379699758, 40.482506596428557 ], [ 18.075945003868146, 40.483318412672212 ], [ 18.076180704708452, 40.484463648229685 ], [ 18.076375267488523, 40.484569281265564 ], [ 18.076486411539037, 40.484629622928765 ], [ 18.077790625688714, 40.485356116902786 ], [ 18.077844497930649, 40.485397613606146 ], [ 18.077886452292297, 40.485406163373753 ], [ 18.077931187135867, 40.485421138448039 ], [ 18.078012535446344, 40.485458914136679 ], [ 18.07825088429362, 40.485582530965274 ], [ 18.078716586928351, 40.485841296990365 ], [ 18.078757531594967, 40.485864077369541 ], [ 18.079397340886405, 40.486223981528795 ], [ 18.080107577416825, 40.486618364569075 ], [ 18.080662400423321, 40.486919167604512 ], [ 18.081273602845492, 40.487247550530746 ], [ 18.082435415570409, 40.487890963424675 ], [ 18.082540124740831, 40.487946099137808 ], [ 18.082717004727879, 40.488046308132141 ], [ 18.083176996489954, 40.488293940450703 ], [ 18.083464758986032, 40.488448772577783 ], [ 18.083483443285225, 40.488463097290939 ], [ 18.083490043616887, 40.488479396584069 ], [ 18.083490536972473, 40.488493255949123 ], [ 18.083489923424651, 40.488502626976356 ], [ 18.083485131146677, 40.488512867984063 ], [ 18.083466728613367, 40.488532814485588 ], [ 18.083174858999552, 40.488830442063808 ], [ 18.082823531930249, 40.489212958305544 ], [ 18.082460007274072, 40.489612110757648 ], [ 18.082254532580198, 40.489863756579688 ], [ 18.082093133681262, 40.490039312727824 ], [ 18.082042342604783, 40.490094560818001 ], [ 18.081984179477779, 40.490157823716153 ], [ 18.08174444203377, 40.490438477744171 ], [ 18.081663910865345, 40.490523696626838 ], [ 18.081622433865206, 40.490559766891423 ], [ 18.08130359975225, 40.490788995370636 ], [ 18.080905114619757, 40.491070693722236 ], [ 18.08044295531138, 40.491390949645279 ], [ 18.080376426130812, 40.491434849280871 ], [ 18.080261473990195, 40.491507279584745 ], [ 18.079951176401362, 40.491711231857728 ], [ 18.079678632358103, 40.491883493172764 ], [ 18.079732930046738, 40.491990395202976 ], [ 18.080466071774545, 40.493223206890008 ], [ 18.0811380433633, 40.494169536282612 ], [ 18.081191518746554, 40.494299043573449 ], [ 18.081575012022814, 40.495227839574312 ], [ 18.081733272913414, 40.49538928433271 ], [ 18.082357732681224, 40.495850901424831 ], [ 18.082804710188281, 40.497124706778671 ], [ 18.083894105822324, 40.498874321815862 ], [ 18.084025276311269, 40.499907276115934 ], [ 18.084042433981612, 40.49994659974918 ], [ 18.084416900980756, 40.500487161322219 ], [ 18.084425154847924, 40.500497233973157 ], [ 18.084457546776026, 40.500536276651651 ], [ 18.084609460176747, 40.500773723519963 ], [ 18.084814016112954, 40.50109986385624 ], [ 18.085015542108536, 40.50140810326851 ], [ 18.085235630555093, 40.501706983425763 ], [ 18.085487714640909, 40.502048282890755 ], [ 18.085787818228766, 40.502415522775593 ], [ 18.086127264621894, 40.502896864104294 ], [ 18.086228957511512, 40.503041987736701 ], [ 18.086396327051368, 40.50325038219092 ], [ 18.086620795068281, 40.503541981908377 ], [ 18.086898303646681, 40.503934827867269 ], [ 18.087019817648983, 40.504110066043793 ], [ 18.087188398274254, 40.504350751031346 ], [ 18.087332301574762, 40.504557845817608 ], [ 18.087478022066641, 40.504752323516698 ], [ 18.087625490116082, 40.504930612028062 ], [ 18.087647696748498, 40.504952501292784 ], [ 18.087685830213324, 40.50499000778661 ], [ 18.087725510723072, 40.505029083335181 ], [ 18.087876406641396, 40.505169582147104 ], [ 18.088031675402938, 40.505302814076771 ], [ 18.088237675116332, 40.505470902145426 ], [ 18.088351439636646, 40.505579550586283 ], [ 18.088375416585368, 40.505601848100476 ], [ 18.088590748266959, 40.505806504482017 ], [ 18.0888261302314, 40.506008093068303 ], [ 18.089116861573935, 40.506242644575188 ], [ 18.089327639690687, 40.506401743537566 ], [ 18.090414691737305, 40.505500743383763 ], [ 18.090421880951027, 40.505350393203052 ], [ 18.092024288075763, 40.50411141891734 ], [ 18.092390458049962, 40.503187738432814 ], [ 18.092702334611971, 40.502245223658974 ], [ 18.09194212265945, 40.501462571989471 ], [ 18.091965822169737, 40.501297392349699 ], [ 18.092492927069753, 40.5006058436446 ], [ 18.092597899578578, 40.50064795095161 ], [ 18.093152755978032, 40.500958850972417 ], [ 18.093768615055396, 40.501385119814003 ], [ 18.093946840319909, 40.501520318075585 ], [ 18.094155909209086, 40.501702805532879 ], [ 18.094292643922838, 40.501808495820093 ], [ 18.094797902467885, 40.502044207947442 ], [ 18.0965607278311, 40.498782470603253 ], [ 18.099806470028188, 40.499801646753703 ], [ 18.100020640116085, 40.499339930307464 ], [ 18.100461092720636, 40.498442338477076 ], [ 18.100885397681299, 40.497577630988197 ], [ 18.1008311849845, 40.497446705983911 ], [ 18.101963108714518, 40.495440431943898 ], [ 18.099325245564714, 40.49336773600816 ], [ 18.101487573596902, 40.488896574454991 ], [ 18.102503921374979, 40.489351476136193 ], [ 18.103458960743648, 40.489781247489134 ], [ 18.103695014564479, 40.489913881360515 ], [ 18.103884639867807, 40.490057488992747 ], [ 18.104029337418815, 40.490258314282997 ], [ 18.105126275063114, 40.490720244199814 ], [ 18.10683103928368, 40.490539968352039 ], [ 18.106830805992111, 40.490539855019087 ], [ 18.107054493109676, 40.490282073409617 ], [ 18.107421731897148, 40.489893564432478 ], [ 18.107613200714887, 40.489692479104001 ], [ 18.107757310565759, 40.489489063060006 ], [ 18.107964875501214, 40.489099554312141 ], [ 18.108088117275631, 40.48876262196773 ], [ 18.108208466469669, 40.488292945770695 ], [ 18.108303255360276, 40.487996744399645 ], [ 18.108434255493219, 40.487707332890366 ], [ 18.108566406486826, 40.487515970807664 ], [ 18.108558483020122, 40.487344390712011 ], [ 18.108605803755211, 40.487289841279043 ], [ 18.108953152316847, 40.487280489869356 ], [ 18.110361768426721, 40.485667420173812 ], [ 18.109769119393782, 40.484610860075485 ], [ 18.109635204652388, 40.48450172119913 ], [ 18.109100931815782, 40.48423251759673 ], [ 18.108721712973054, 40.484029990744759 ], [ 18.10876288344808, 40.483845634132983 ], [ 18.108808170454683, 40.483690654723951 ], [ 18.108957506593125, 40.483454311697557 ], [ 18.109061753001448, 40.483320914181881 ], [ 18.1091720348983, 40.483138908680132 ], [ 18.109333564027555, 40.482871272014791 ], [ 18.109538505545949, 40.482689348571007 ], [ 18.110252694467519, 40.482121011413561 ], [ 18.10963255891966, 40.481668113901257 ], [ 18.10976385278844, 40.481573862204229 ], [ 18.109482806624271, 40.481383711514518 ], [ 18.109425238958952, 40.481135599769168 ], [ 18.109102423689162, 40.480924085498266 ], [ 18.108214359644752, 40.48093471858251 ], [ 18.108241940222491, 40.480320883736773 ], [ 18.10862019471697, 40.479547964689239 ], [ 18.108776755788121, 40.479271475299804 ], [ 18.108652143777906, 40.4790412158629 ], [ 18.107990653961391, 40.478664576217348 ], [ 18.108980057811888, 40.477656014308906 ], [ 18.109827339730863, 40.478215467422736 ], [ 18.110168740145539, 40.477857451438645 ], [ 18.110484773818648, 40.47812464762 ], [ 18.109720743945832, 40.479672440156449 ], [ 18.109803859909082, 40.479737224957923 ], [ 18.111274527559178, 40.480138961479909 ], [ 18.110894124038776, 40.480620744886934 ], [ 18.111033889853886, 40.480897385782342 ], [ 18.111037899669284, 40.481051976142837 ], [ 18.110824108430048, 40.481279723521233 ], [ 18.110731166643617, 40.481748689509217 ], [ 18.11067685526897, 40.481790938299909 ], [ 18.115286123701615, 40.485603719248004 ], [ 18.117903867686099, 40.483644902352523 ], [ 18.119163535324077, 40.485302975039446 ], [ 18.121714938541384, 40.483833511600068 ], [ 18.121754502178685, 40.483882884269605 ], [ 18.126007290067623, 40.48191917985487 ], [ 18.124064194577244, 40.477988315224984 ], [ 18.122891332016106, 40.475460535426144 ], [ 18.121389379440956, 40.472431453414423 ], [ 18.12063403544785, 40.471193861993875 ], [ 18.120192933935094, 40.47015379564197 ], [ 18.119354044072892, 40.468654911365363 ], [ 18.118999282750625, 40.467841112064377 ], [ 18.118581086319143, 40.466999583830997 ], [ 18.118288079908545, 40.466318927354401 ], [ 18.117955219530469, 40.465736879820156 ], [ 18.117784960983847, 40.465304858610004 ], [ 18.117471714896965, 40.46467362224206 ], [ 18.117271296168838, 40.46411628414446 ], [ 18.120079466754753, 40.463639296675822 ], [ 18.123722510281993, 40.463140823211539 ], [ 18.130010171162372, 40.460298751742059 ], [ 18.129825595689422, 40.460093381626116 ], [ 18.129825588724014, 40.460093375073832 ], [ 18.129825591878721, 40.46009338058979 ], [ 18.129735055494312, 40.460114585014978 ], [ 18.129682268149239, 40.460092046382712 ], [ 18.129646801608889, 40.460055971036184 ], [ 18.129343514042205, 40.459852190153292 ], [ 18.129229401604253, 40.459810438637177 ], [ 18.128342361476165, 40.459920086664738 ], [ 18.126740294864852, 40.460085777423288 ], [ 18.125592582659571, 40.460218768258635 ], [ 18.125076579827887, 40.460266586906783 ], [ 18.125067531055652, 40.460253933832668 ], [ 18.125033471675938, 40.460248399353333 ], [ 18.124964753754973, 40.460224463038898 ], [ 18.12487220405221, 40.460233416450777 ], [ 18.124813203514059, 40.460106629746015 ], [ 18.124313826587827, 40.459102031950223 ], [ 18.123969925255185, 40.458500999449512 ], [ 18.123910023649138, 40.458474136305384 ], [ 18.124022176765425, 40.45840594785944 ], [ 18.124112364863482, 40.458383292816812 ], [ 18.124179342080502, 40.458368006450748 ], [ 18.124233948914991, 40.458339576715488 ], [ 18.124468132909737, 40.458177469187881 ], [ 18.12450483475714, 40.458146436183554 ], [ 18.124523425236305, 40.458060386963858 ], [ 18.124557184086424, 40.457985623758745 ], [ 18.124564777184798, 40.457908716913614 ], [ 18.124548369347394, 40.457795538163808 ], [ 18.124585705973757, 40.457717833750671 ], [ 18.12472142974034, 40.457594857085716 ], [ 18.124899676146079, 40.457370860533601 ], [ 18.124969134277752, 40.457201017546716 ], [ 18.124973657425539, 40.457042010714289 ], [ 18.124964981354509, 40.456983228339539 ], [ 18.124637674265056, 40.456600673383385 ], [ 18.124464407786494, 40.45645555415696 ], [ 18.124310852009952, 40.456350762342616 ], [ 18.124193151733802, 40.456249538007135 ], [ 18.124235454754366, 40.45604341149032 ], [ 18.124212040739259, 40.455939110308819 ], [ 18.124216474180965, 40.455794353091747 ], [ 18.124204884782081, 40.455624496433437 ], [ 18.124192998364983, 40.455528393148491 ], [ 18.124204310804735, 40.455512678009072 ], [ 18.1241687684163, 40.455329274389868 ], [ 18.124102887302634, 40.455252521422594 ], [ 18.123998568447732, 40.455161136126407 ], [ 18.123694971737294, 40.455055945560687 ], [ 18.123546976243301, 40.455028836778084 ], [ 18.123308763701463, 40.454967749095339 ], [ 18.123280674550855, 40.454959797254354 ], [ 18.123236601048994, 40.454958499711275 ], [ 18.123187803687522, 40.454961060588033 ], [ 18.123047101605756, 40.454880250784633 ], [ 18.122903015344466, 40.454801668770976 ], [ 18.122824168623122, 40.454754024880003 ], [ 18.122768252401066, 40.454708250395903 ], [ 18.122680111987776, 40.454635969687963 ], [ 18.12247601348713, 40.454526804575295 ], [ 18.122363329048021, 40.454487540241161 ], [ 18.122304066879654, 40.454475453747222 ], [ 18.122208588094786, 40.454455636654785 ], [ 18.12210170643759, 40.454451879131121 ], [ 18.122100042368004, 40.454194447588165 ], [ 18.122014305348365, 40.453925616358298 ], [ 18.121923623297107, 40.45380642345544 ], [ 18.121772343706827, 40.453732984666431 ], [ 18.121630062170919, 40.453658862909535 ], [ 18.121521193326966, 40.453615180254396 ], [ 18.121265816931793, 40.453534111807279 ], [ 18.1211123272872, 40.45345589873299 ], [ 18.120692017491731, 40.453257879799658 ], [ 18.120476617218642, 40.453154069361112 ], [ 18.120558671581652, 40.452943456260456 ], [ 18.120958834638916, 40.452682614676313 ], [ 18.121226680068009, 40.452369304864256 ], [ 18.121820681441339, 40.452392045692889 ], [ 18.122029441291676, 40.451994628223069 ], [ 18.122544160642253, 40.451539165610171 ], [ 18.122907042917745, 40.451193838517931 ], [ 18.122977313780368, 40.45109314269903 ], [ 18.122988033883487, 40.451030456177456 ], [ 18.123098884858699, 40.450923464079537 ], [ 18.123184206952814, 40.450853561215368 ], [ 18.1233234761105, 40.450771798053147 ], [ 18.123403676218093, 40.450738430684453 ], [ 18.12345738511544, 40.450721378009746 ], [ 18.123593386757669, 40.45054648445668 ], [ 18.123720230590482, 40.450409017386654 ], [ 18.123902629018421, 40.450163745477241 ], [ 18.124006466494112, 40.450009893478054 ], [ 18.123996657588624, 40.44999189450283 ], [ 18.123987165661077, 40.449980734044047 ], [ 18.123982744510087, 40.449953875989742 ], [ 18.124013388632548, 40.449913976641135 ], [ 18.124098627328671, 40.449853258867371 ], [ 18.125531253139531, 40.448934660806685 ], [ 18.125614736546655, 40.448806147210256 ], [ 18.125440813851014, 40.448502760365663 ], [ 18.125160177113461, 40.447969521155862 ], [ 18.124821380139259, 40.447220941993244 ], [ 18.124639390007637, 40.446836786874073 ], [ 18.124504117863733, 40.446504897681343 ], [ 18.124178928043747, 40.445874921214383 ], [ 18.123928757686485, 40.445395449270215 ], [ 18.12385561980733, 40.445110685418662 ], [ 18.123861213576699, 40.444972718514343 ], [ 18.123873686212114, 40.444810707886575 ], [ 18.123966351763357, 40.444321965612588 ], [ 18.123973267826024, 40.444296436530514 ], [ 18.123993462278115, 40.444221892629336 ], [ 18.124215403664657, 40.4431019071124 ], [ 18.124223528861609, 40.443075203220886 ], [ 18.12438012852439, 40.442287684777853 ], [ 18.124470542850876, 40.441868421438222 ], [ 18.124286555660934, 40.441925376272707 ], [ 18.124196191555555, 40.441872991762629 ], [ 18.122949073833979, 40.441520262850389 ], [ 18.122560696804833, 40.441057818815892 ], [ 18.12211436285131, 40.440781595743374 ], [ 18.121910621207793, 40.440668384235387 ], [ 18.121610656799319, 40.440534621660269 ], [ 18.120937045290791, 40.440244598906318 ], [ 18.120794756628808, 40.440212044885222 ], [ 18.120466688786735, 40.440185778560156 ], [ 18.118798181860793, 40.441532721680773 ], [ 18.118688044779919, 40.441745043211988 ], [ 18.118260991254896, 40.44264317986395 ], [ 18.118209853538641, 40.44318962858501 ], [ 18.118135970400044, 40.443165270773449 ], [ 18.118044093901496, 40.443076197199829 ], [ 18.117864544772932, 40.44292862130218 ], [ 18.117672409201191, 40.442822157672246 ], [ 18.117526089336824, 40.442694358816354 ], [ 18.117425501235257, 40.442592717368768 ], [ 18.117191263781425, 40.442431057909644 ], [ 18.117103502680262, 40.44239167746781 ], [ 18.116903197019621, 40.442283766739322 ], [ 18.116677392569773, 40.442136322206167 ], [ 18.116406265149035, 40.441970135344469 ], [ 18.11629371938028, 40.441901604547141 ], [ 18.116080589837704, 40.44176383977284 ], [ 18.115905402409375, 40.44166108426969 ], [ 18.11573374671983, 40.44155785492098 ], [ 18.115535051631145, 40.441427449303013 ], [ 18.115284168913057, 40.441215857025888 ], [ 18.115096186852323, 40.441076675272953 ], [ 18.114902651221612, 40.440905403389991 ], [ 18.114757377956757, 40.440728297256761 ], [ 18.114740357311518, 40.440680673408963 ], [ 18.114712366752979, 40.440636171797856 ], [ 18.114505846466013, 40.440336265775812 ], [ 18.114014267753397, 40.43971627607587 ], [ 18.11364664138387, 40.439100611058166 ], [ 18.113578290372772, 40.439030857206404 ], [ 18.113551447611396, 40.439013680368433 ], [ 18.113522000639598, 40.438996575530886 ], [ 18.112904784149112, 40.438354859838462 ], [ 18.112756299581502, 40.438015463166394 ], [ 18.112820517495486, 40.438016311972007 ], [ 18.112845205323449, 40.43743625394287 ], [ 18.112742122874728, 40.43734158197752 ], [ 18.11269280879749, 40.437272215182944 ], [ 18.11267727760691, 40.437225087660813 ], [ 18.112655783272182, 40.437047962624604 ], [ 18.112740701999673, 40.436909538718496 ], [ 18.11281262157167, 40.436734412144894 ], [ 18.112881279955243, 40.436565253187503 ], [ 18.112948565133838, 40.43641772996606 ], [ 18.112995347627447, 40.436325997401482 ], [ 18.113085149731113, 40.436167761345878 ], [ 18.113263164124408, 40.435899960629101 ], [ 18.113468517108799, 40.435607952248986 ], [ 18.113621364346791, 40.435386916403495 ], [ 18.113727726500322, 40.435223344422518 ], [ 18.113756399870649, 40.435179312616512 ], [ 18.113785200410888, 40.43512174887389 ], [ 18.113821295838004, 40.43503627573967 ], [ 18.113870979187457, 40.434878751408654 ], [ 18.113979115178942, 40.43449881585947 ], [ 18.114092071919188, 40.43410899384962 ], [ 18.114178324939505, 40.433807394679498 ], [ 18.114257290900891, 40.433576459036736 ], [ 18.114398394259386, 40.433349055651469 ], [ 18.114597862331618, 40.433053412040337 ], [ 18.11479021857393, 40.432759806320199 ], [ 18.115087312285485, 40.432302867242022 ], [ 18.115301677578984, 40.431978738641298 ], [ 18.115581177124689, 40.431568458936773 ], [ 18.115912275597552, 40.431105918650481 ], [ 18.116213778701145, 40.430686813239582 ], [ 18.116426645784436, 40.430378996847104 ], [ 18.116579043766716, 40.43015628497087 ], [ 18.116620354818675, 40.43008897244458 ], [ 18.116663492564843, 40.430011657884187 ], [ 18.116719847883925, 40.429894148703987 ], [ 18.116794805213445, 40.429727222335373 ], [ 18.116840764405968, 40.429614560185833 ], [ 18.116897912961161, 40.429446384990747 ], [ 18.116948422730331, 40.429286567276137 ], [ 18.116954256452221, 40.42926895609088 ], [ 18.116978079068826, 40.429197078682421 ], [ 18.117076559584465, 40.428900054384727 ], [ 18.117131247341799, 40.428751850939271 ], [ 18.117181583314142, 40.428632720600646 ], [ 18.117219109221988, 40.428561015528629 ], [ 18.117260665035047, 40.428498215879877 ], [ 18.117372922125945, 40.428364465779943 ], [ 18.117476067541737, 40.428237336658178 ], [ 18.11752809964856, 40.428171499808712 ], [ 18.117570897230657, 40.428109567232582 ], [ 18.117613385657894, 40.428042222576693 ], [ 18.117656425652033, 40.427963098081605 ], [ 18.11768513458366, 40.427903428214982 ], [ 18.11770977299938, 40.427833926297176 ], [ 18.117773323871607, 40.427631198153506 ], [ 18.117856603948791, 40.427333808903271 ], [ 18.117909431217232, 40.427129606587378 ], [ 18.117926929877843, 40.427037733034282 ], [ 18.117949976621784, 40.426851653263391 ], [ 18.117981355886521, 40.426601112459203 ], [ 18.117998868565845, 40.426509240314594 ], [ 18.118024544140692, 40.42639360351906 ], [ 18.118055385118168, 40.426285940774008 ], [ 18.118084159055783, 40.426205464693858 ], [ 18.11812567788688, 40.426098362127469 ], [ 18.118154930294068, 40.426026914334564 ], [ 18.118194965408794, 40.425957834298679 ], [ 18.118254104462693, 40.425870071381389 ], [ 18.118365357635959, 40.425739975457581 ], [ 18.118582264969678, 40.425507072547369 ], [ 18.118770118838484, 40.425311387037269 ], [ 18.118840955161527, 40.425237593070747 ], [ 18.119116241873279, 40.424946793830138 ], [ 18.119151290214489, 40.424910037336566 ], [ 18.119388271767733, 40.42466151492291 ], [ 18.119647941826305, 40.424388384595929 ], [ 18.119812409422501, 40.424214106406254 ], [ 18.119899910415786, 40.424113345081238 ], [ 18.119909286813769, 40.424102535611404 ], [ 18.119963788586912, 40.424038432375056 ], [ 18.120025872253926, 40.423962487269108 ], [ 18.120085153958552, 40.423885284784951 ], [ 18.120127516464802, 40.423822255170997 ], [ 18.120154336745927, 40.423776056141264 ], [ 18.120187306730681, 40.423714263796121 ], [ 18.120210026188627, 40.423659159530906 ], [ 18.120230635072215, 40.423588746343043 ], [ 18.120241529829187, 40.423534069591391 ], [ 18.120250554583119, 40.423428769999362 ], [ 18.120248116662165, 40.42329039293277 ], [ 18.120239536284405, 40.423089792139727 ], [ 18.120227211608231, 40.422964434255199 ], [ 18.120209723200105, 40.422870940302253 ], [ 18.120191863525068, 40.422791026315011 ], [ 18.120156381362246, 40.422654721798871 ], [ 18.120093069493855, 40.422449714281932 ], [ 18.12001459295179, 40.422228961404386 ], [ 18.119930054412862, 40.422012331682041 ], [ 18.119746262539877, 40.421832877750106 ], [ 18.119696908789372, 40.421777016341125 ], [ 18.119693937166186, 40.42171275241008 ], [ 18.119830545415887, 40.421349521269413 ], [ 18.119839474133336, 40.421271338939952 ], [ 18.119863094591981, 40.421153919795664 ], [ 18.119876492757577, 40.421108524708643 ], [ 18.119947169265238, 40.420898308993678 ], [ 18.120000589423498, 40.420764232563847 ], [ 18.120015340520936, 40.420730054259238 ], [ 18.120027399598325, 40.420696939439864 ], [ 18.120077725712981, 40.420570631322363 ], [ 18.120133903921431, 40.420461853044607 ], [ 18.120190481235085, 40.420368537982782 ], [ 18.120236688317593, 40.42029231009468 ], [ 18.120269569775392, 40.420238066173134 ], [ 18.120429750776225, 40.419988975509852 ], [ 18.120640297924375, 40.419672036015413 ], [ 18.120735274441735, 40.419529974969151 ], [ 18.120853288861124, 40.419353498925439 ], [ 18.120898722154134, 40.419285540294112 ], [ 18.121139783148994, 40.418924995790128 ], [ 18.12129495095747, 40.418671552125957 ], [ 18.121358653552033, 40.418557877285131 ], [ 18.121382564018404, 40.418514305583734 ], [ 18.121426024205618, 40.418430720684711 ], [ 18.12147673554313, 40.418329385170161 ], [ 18.121552969201172, 40.418141175520276 ], [ 18.121629596388445, 40.41792036786002 ], [ 18.12169897494606, 40.417697098986253 ], [ 18.121745077435879, 40.417558824109491 ], [ 18.121777174359455, 40.417482580655644 ], [ 18.121803646121116, 40.41743095944215 ], [ 18.121849866499318, 40.417353314659394 ], [ 18.121948503232833, 40.417222223309224 ], [ 18.12217602939365, 40.416931844950518 ], [ 18.122387989895856, 40.416658294075916 ], [ 18.122560903779565, 40.416424132184879 ], [ 18.122750304350788, 40.416149571071223 ], [ 18.122891662859818, 40.415940216810185 ], [ 18.122908811191049, 40.415914805592855 ], [ 18.123022603751863, 40.415749916434756 ], [ 18.123115569558408, 40.415624462697281 ], [ 18.123173702872858, 40.41554334464135 ], [ 18.123219951470158, 40.41548877449199 ], [ 18.123342071068944, 40.415352644395981 ], [ 18.123473042828088, 40.415201809558276 ], [ 18.123540213474769, 40.415110503212539 ], [ 18.123588007452984, 40.415036888159975 ], [ 18.123632398933875, 40.414938902087897 ], [ 18.123663928332626, 40.414844866626737 ], [ 18.123692582612893, 40.414739125951009 ], [ 18.123748887852937, 40.414504141822157 ], [ 18.123837551173622, 40.414055576841093 ], [ 18.123887889817581, 40.41379176046091 ], [ 18.123935306169233, 40.413542513551334 ], [ 18.123977387331976, 40.413335030462704 ], [ 18.124008972895101, 40.413214739774332 ], [ 18.124029708042176, 40.413145412323018 ], [ 18.124066464909191, 40.41306301652277 ], [ 18.124127400252597, 40.412936553020614 ], [ 18.124230599655075, 40.4127456667686 ], [ 18.124359919860392, 40.412500709215237 ], [ 18.124438086884016, 40.412354300916419 ], [ 18.124452519625464, 40.412327276817258 ], [ 18.124506898972239, 40.412225435455404 ], [ 18.124654784143289, 40.411943796071967 ], [ 18.124704557087028, 40.411861074993396 ], [ 18.124761795500465, 40.411759156171485 ], [ 18.124827598392148, 40.4116633555684 ], [ 18.124877785275626, 40.411587801799115 ], [ 18.125108849303174, 40.411180773258309 ], [ 18.125104529834626, 40.411179049089384 ], [ 18.125136198283766, 40.411119036112794 ], [ 18.124801023413166, 40.411048049554651 ], [ 18.124744132404608, 40.41103259775285 ], [ 18.124620532584629, 40.411002100150668 ], [ 18.12446385525211, 40.410964381829174 ], [ 18.124341960074606, 40.410933081227846 ], [ 18.124173926577527, 40.410888291133276 ], [ 18.124025637870226, 40.410854866841582 ], [ 18.123929796636762, 40.410829184075382 ], [ 18.123771028550177, 40.410793374987833 ], [ 18.123744754066056, 40.410785528875323 ], [ 18.123717847362247, 40.41078230243302 ], [ 18.122865761559375, 40.410552599984946 ], [ 18.122818518581393, 40.410508453068189 ], [ 18.122720643937861, 40.410481993812269 ], [ 18.122631121483476, 40.410482891742724 ], [ 18.122523439690482, 40.410478206168179 ], [ 18.1223955903031, 40.410467978713108 ], [ 18.122183759185997, 40.410449382039545 ], [ 18.122020267412253, 40.410443163721062 ], [ 18.121924213173468, 40.410433685032231 ], [ 18.121848412253286, 40.410433690895218 ], [ 18.121836868161786, 40.410434682018455 ], [ 18.121828718911299, 40.410437433231536 ], [ 18.121675939450387, 40.410230899079181 ], [ 18.121648443454159, 40.410142265610695 ], [ 18.121590132849089, 40.410062407255701 ], [ 18.121481650504084, 40.409972064065897 ], [ 18.121206458736822, 40.409696013686172 ], [ 18.121038159651317, 40.409567037616533 ], [ 18.120926389855214, 40.409490574240621 ], [ 18.120720531319627, 40.40935943480472 ], [ 18.120468336574881, 40.40922270321191 ], [ 18.120032168725977, 40.408985796149103 ], [ 18.119755346872715, 40.408850209121375 ], [ 18.119445347948915, 40.408733846647962 ], [ 18.119258023314906, 40.408643529996226 ], [ 18.118825375734961, 40.408393484652777 ], [ 18.118493045548885, 40.408227605681361 ], [ 18.118278137054165, 40.408080805110103 ], [ 18.117946003774453, 40.407829082349281 ], [ 18.117627027296798, 40.407619709372788 ], [ 18.117300081635197, 40.407390099215156 ], [ 18.117104892796391, 40.407309527837597 ], [ 18.116315468327848, 40.407165141691358 ], [ 18.116247927255092, 40.407144707446683 ], [ 18.116183956439183, 40.407111462539902 ], [ 18.116111370371236, 40.407072094650772 ], [ 18.115777295709954, 40.406905352240273 ], [ 18.115268066661574, 40.406702988428208 ], [ 18.115113293477553, 40.406657692206686 ], [ 18.115205123921637, 40.40654213259117 ], [ 18.115487802778727, 40.40629929956215 ], [ 18.115558047806068, 40.406239671786395 ], [ 18.11461794247364, 40.405296822859967 ], [ 18.114227403222309, 40.404926317342067 ], [ 18.114523097439559, 40.404739694483418 ], [ 18.114665467381489, 40.40465896825576 ], [ 18.114884132901043, 40.404526595490459 ], [ 18.115166419569288, 40.404352571287127 ], [ 18.115282948847749, 40.40427483795618 ], [ 18.115523958262813, 40.404126288268543 ], [ 18.115742813349453, 40.403991918235413 ], [ 18.115939212115986, 40.403869059239739 ], [ 18.11607981656261, 40.403774409022731 ], [ 18.116244870918273, 40.403677263428122 ], [ 18.116548578104631, 40.403486310289146 ], [ 18.116747394455114, 40.403354631689368 ], [ 18.116847789629187, 40.403274321970876 ], [ 18.117055740688379, 40.40309584808471 ], [ 18.117248438502209, 40.402932187674971 ], [ 18.117415304731757, 40.402781996021893 ], [ 18.117617954496783, 40.402577012428139 ], [ 18.117707694489312, 40.402479049356231 ], [ 18.117801219937505, 40.402343154553698 ], [ 18.117961708002749, 40.402095680096174 ], [ 18.118133573271535, 40.40182054399024 ], [ 18.118271831543471, 40.40160301223117 ], [ 18.11838016668198, 40.401441407461427 ], [ 18.118481471818317, 40.401278616100043 ], [ 18.118509093295653, 40.401204457795814 ], [ 18.117944562360009, 40.40122618339101 ], [ 18.11687654974379, 40.401291494624871 ], [ 18.116411755397301, 40.401315358366979 ], [ 18.116210201486837, 40.401329314536291 ], [ 18.115994688082701, 40.401320947396101 ], [ 18.115509962742255, 40.401286891329242 ], [ 18.114402578843663, 40.401181171246577 ], [ 18.113841224842979, 40.401133408155353 ], [ 18.113177693446197, 40.401112851915194 ], [ 18.111906079539516, 40.401138282371157 ], [ 18.112104095213908, 40.400695137716994 ], [ 18.112112257197978, 40.400682915058816 ], [ 18.112118652946926, 40.400670296138259 ], [ 18.111946388323091, 40.400822216847594 ], [ 18.111543059435746, 40.401222516145509 ], [ 18.106757612481804, 40.407975362068299 ], [ 18.106694863929796, 40.408090898492453 ], [ 18.106448355426139, 40.408151665644283 ], [ 18.106042890320296, 40.408242160435876 ], [ 18.105796252509244, 40.408292921066334 ], [ 18.105542273994967, 40.408342460818048 ], [ 18.105278218299841, 40.408396506019265 ], [ 18.105086928637409, 40.408442615769978 ], [ 18.104938588855148, 40.408480563272896 ], [ 18.104834361835753, 40.4085102669967 ], [ 18.104713617521316, 40.408557749507914 ], [ 18.104588529041969, 40.408616537186489 ], [ 18.104456360543153, 40.40868412393138 ], [ 18.104276639712939, 40.408777566838907 ], [ 18.104045690457475, 40.408896263725794 ], [ 18.103973205934651, 40.408934992612991 ], [ 18.10388913983979, 40.408979896236531 ], [ 18.103881814208748, 40.408983812984026 ], [ 18.103690169239179, 40.409085546620233 ], [ 18.103487507930819, 40.409193664673523 ], [ 18.103172867775832, 40.409352180268783 ], [ 18.102931948982427, 40.409484471388893 ], [ 18.102699168496695, 40.409606959931665 ], [ 18.102507496481653, 40.409716897764746 ], [ 18.1023779878428, 40.409795480366022 ], [ 18.102350670654175, 40.409812057406832 ], [ 18.102174315305117, 40.409920707846922 ], [ 18.102119329953336, 40.409954382852263 ], [ 18.102090460892388, 40.40997206433839 ], [ 18.102020885873916, 40.410014667969506 ], [ 18.101817945317599, 40.410137391033437 ], [ 18.101642537959162, 40.410227732736139 ], [ 18.101338614393928, 40.410386261882628 ], [ 18.101141859109457, 40.410485678633677 ], [ 18.101059816629203, 40.410528032748438 ], [ 18.101029648588138, 40.410543612376536 ], [ 18.100893222640483, 40.410614047527467 ], [ 18.100617322492692, 40.410760196233795 ], [ 18.100588174138593, 40.410783099920245 ], [ 18.100560046108686, 40.410799435302344 ], [ 18.100347519562472, 40.410910332883901 ], [ 18.100288665111961, 40.410945236755254 ], [ 18.100162718040909, 40.411019938359402 ], [ 18.100024958154677, 40.411101649079981 ], [ 18.099836111287452, 40.411206066467933 ], [ 18.09974235169776, 40.411240150387123 ], [ 18.099704457482837, 40.411252181068804 ], [ 18.099657826221275, 40.411259267142562 ], [ 18.09947833690299, 40.411287226110431 ], [ 18.099171289510451, 40.41132944089852 ], [ 18.098993853894648, 40.411353633115333 ], [ 18.098943734540391, 40.411360461206598 ], [ 18.098937762561967, 40.411361278935715 ], [ 18.098671127062993, 40.411393130977679 ], [ 18.09854911773802, 40.411403461791373 ], [ 18.098434649717202, 40.411406143173075 ], [ 18.098219846714851, 40.411410737421669 ], [ 18.098105720690157, 40.411417019325235 ], [ 18.098042612513737, 40.411425006026867 ], [ 18.097970608666923, 40.411438914713102 ], [ 18.097886247408873, 40.411459828981243 ], [ 18.097789708116952, 40.41148955260752 ], [ 18.09772157305531, 40.411519516015261 ], [ 18.097558595794212, 40.411597187599199 ], [ 18.097425782739499, 40.411668674712672 ], [ 18.097277843148536, 40.411742810024265 ], [ 18.097058644526054, 40.411838939636304 ], [ 18.096992244128298, 40.411864298547059 ], [ 18.096842893909532, 40.411921321723661 ], [ 18.096640083930698, 40.412002996218249 ], [ 18.096436425284654, 40.412088322947014 ], [ 18.096419277361598, 40.412094680427117 ], [ 18.096370465649013, 40.412112768984372 ], [ 18.09622730721399, 40.412165824426054 ], [ 18.096008370581043, 40.412264645352906 ], [ 18.095826980730898, 40.412347853766597 ], [ 18.095667775636585, 40.412415371556598 ], [ 18.095483524665482, 40.412493304129484 ], [ 18.095312894798383, 40.412565063673064 ], [ 18.095141507338951, 40.412641381014389 ], [ 18.094958595760399, 40.412721053057766 ], [ 18.094870128393651, 40.412761177291941 ], [ 18.094785705341419, 40.412806498251513 ], [ 18.094684729545687, 40.412864485174467 ], [ 18.094588796606605, 40.412925804621835 ], [ 18.094528473355691, 40.412963472272921 ], [ 18.094405061940051, 40.413046152035051 ], [ 18.094165377101866, 40.413190083161894 ], [ 18.093884969213452, 40.413348721390108 ], [ 18.093593483261539, 40.413509878575304 ], [ 18.093286211704594, 40.413660164729635 ], [ 18.093105033348849, 40.413737858148401 ], [ 18.092830950723346, 40.413836888795664 ], [ 18.09262383644371, 40.413903296535601 ], [ 18.092288553475246, 40.414001386616668 ], [ 18.092009374827015, 40.414084609284444 ], [ 18.091725809576118, 40.41415805895749 ], [ 18.091440152492495, 40.414235968367528 ], [ 18.091265564419235, 40.414297911169008 ], [ 18.091174405742141, 40.414329538925578 ], [ 18.091048881044959, 40.414375434686207 ], [ 18.090996021772273, 40.41439475338457 ], [ 18.090719497354527, 40.414517269925547 ], [ 18.090557837825344, 40.414593943531415 ], [ 18.090375617559978, 40.414677623248707 ], [ 18.090123872086437, 40.414797297535493 ], [ 18.089855105296383, 40.414922488553749 ], [ 18.089629910438347, 40.415028895732682 ], [ 18.08938316720187, 40.415142318839983 ], [ 18.089167966565498, 40.415225824919673 ], [ 18.088807857056718, 40.415378805761286 ], [ 18.088500256868198, 40.415499878246955 ], [ 18.088433324950103, 40.415528191800171 ], [ 18.088418929712283, 40.415534737509965 ], [ 18.088287115708809, 40.415593415528001 ], [ 18.088269354973587, 40.415601096016964 ], [ 18.088056508728638, 40.415698568277584 ], [ 18.087857162971211, 40.415787412582262 ], [ 18.087616839337837, 40.415894976896389 ], [ 18.087433447068392, 40.415976892747345 ], [ 18.087248271201663, 40.416066969529986 ], [ 18.087033148015109, 40.416165428506822 ], [ 18.086786291899738, 40.416280434381676 ], [ 18.086578134235385, 40.416377708398215 ], [ 18.086296272925299, 40.4165129759443 ], [ 18.08615436027376, 40.416583342317345 ], [ 18.086016198839751, 40.416657148069099 ], [ 18.085898439248982, 40.416720257668722 ], [ 18.085754005218657, 40.416805084181107 ], [ 18.085622009067009, 40.41688312921346 ], [ 18.085525455918841, 40.416947167115445 ], [ 18.085436972499433, 40.417009090697086 ], [ 18.08534929006338, 40.41706559759406 ], [ 18.085255504995875, 40.417135805023165 ], [ 18.085154762121554, 40.417207196195641 ], [ 18.085038618437284, 40.417293573818263 ], [ 18.08497712149785, 40.417338248354042 ], [ 18.084957648819689, 40.417362374098516 ], [ 18.084950200426675, 40.417373444535507 ], [ 18.084946761803572, 40.417391541465584 ], [ 18.084845018290686, 40.417453690841846 ], [ 18.084818330453736, 40.417458366679121 ], [ 18.084779873344129, 40.417479666786917 ], [ 18.084744017422967, 40.417504455200707 ], [ 18.084684805537574, 40.417548133627619 ], [ 18.084449299405595, 40.417725500722 ], [ 18.084230431616735, 40.417888734165345 ], [ 18.084025799415606, 40.418037031724701 ], [ 18.08387877677314, 40.418152484162249 ], [ 18.083634522013071, 40.418339180315208 ], [ 18.083462358041192, 40.418464616694841 ], [ 18.08312258141974, 40.418713520768087 ], [ 18.082911413845093, 40.418869259514352 ], [ 18.082643413612022, 40.419052424307139 ], [ 18.082417385835285, 40.419214152125434 ], [ 18.082164680902931, 40.419397603001954 ], [ 18.081831799754625, 40.419644418852833 ], [ 18.081530924084426, 40.419883804770585 ], [ 18.081355418366851, 40.42002578129248 ], [ 18.081150076119656, 40.420185387621068 ], [ 18.080943521423929, 40.420342206722744 ], [ 18.080781294127128, 40.420462483296603 ], [ 18.080653157856972, 40.420560559552968 ], [ 18.080427720923549, 40.420730536254226 ], [ 18.080194373317166, 40.42090636008745 ], [ 18.080069917094278, 40.421008929367957 ], [ 18.079863925926684, 40.421167100614738 ], [ 18.07966619560808, 40.421315469545405 ], [ 18.079445223941548, 40.421472047107926 ], [ 18.079238642643034, 40.42161166945322 ], [ 18.079026130094324, 40.42175717802774 ], [ 18.078981484511207, 40.421788305764629 ], [ 18.078766104353868, 40.4219464101119 ], [ 18.078566642744804, 40.422094389195685 ], [ 18.078415689597261, 40.422207003248531 ], [ 18.078324811007047, 40.422276389097775 ], [ 18.078307395058591, 40.422289416281139 ], [ 18.081148621632874, 40.42469348367041 ], [ 18.080813022271283, 40.424980198393037 ], [ 18.079198447497426, 40.426365145570699 ], [ 18.078293986841054, 40.427138427767474 ], [ 18.081228926174077, 40.429835010501229 ], [ 18.081767660454307, 40.429323349721976 ], [ 18.081923962980984, 40.429168030265679 ], [ 18.082237594441583, 40.428871387302863 ], [ 18.08291781290724, 40.428243863767122 ], [ 18.086519537581005, 40.424807172986505 ], [ 18.087447185542246, 40.423929453589103 ], [ 18.088279683596902, 40.423106493759974 ], [ 18.088413434417582, 40.423319452196885 ], [ 18.08840842042494, 40.423354866834075 ], [ 18.088410630043089, 40.423634935666321 ], [ 18.088397693415555, 40.424079984275352 ], [ 18.088390705448226, 40.42452573667768 ], [ 18.088380906888727, 40.424984237107758 ], [ 18.088384468801479, 40.425448605939856 ], [ 18.088382804657765, 40.425884236121981 ], [ 18.0883792919585, 40.426268417080955 ], [ 18.088382450624472, 40.426645140153838 ], [ 18.088380339352394, 40.427032895426052 ], [ 18.088376591787135, 40.4273321372686 ], [ 18.088363282040181, 40.427649783953107 ], [ 18.088326561378434, 40.428046388966116 ], [ 18.088326569937255, 40.428046386100696 ], [ 18.088326565198876, 40.428046390010742 ], [ 18.086501993100065, 40.430162820619131 ], [ 18.084410197716508, 40.432142892904658 ], [ 18.08249794043995, 40.434286031845488 ], [ 18.080149850942103, 40.436945638236928 ], [ 18.077704570911273, 40.439892991798004 ], [ 18.075734384421068, 40.442846938831927 ], [ 18.073938601548573, 40.444987977726917 ], [ 18.069980761285031, 40.448863944843652 ] ] ] ] } },
{ "type": "Feature", "properties": { "fid": 20.0, "ogc_fid": 20.0, "district": "Contesto Rudiae Villaconvento", "_mean": 2.097856829278629, "_stdev": 2.2937323612289759, "_min": -7.1759662628173837, "_max": 8.5742702484130859 }, "geometry": { "type": "MultiPolygon", "coordinates": [ [ [ [ 18.092677159698589, 40.394351896305317 ], [ 18.104703113395075, 40.388538496293357 ], [ 18.106093592807046, 40.387672782048064 ], [ 18.108700537595837, 40.385104706461313 ], [ 18.112606138284921, 40.381247761058731 ], [ 18.113368880768199, 40.380675523217462 ], [ 18.114554539057231, 40.380145268897735 ], [ 18.115786502753881, 40.379885551848361 ], [ 18.119025333895372, 40.379563569927591 ], [ 18.120222863825663, 40.379291792576723 ], [ 18.121321147065952, 40.378886785318834 ], [ 18.122509431089586, 40.378186505394524 ], [ 18.138833733372064, 40.367009768692576 ], [ 18.139427240546468, 40.366763909582168 ], [ 18.143666408450883, 40.365262450439353 ], [ 18.14201079112518, 40.361813829495595 ], [ 18.140991845579148, 40.359808048400126 ], [ 18.139634726471776, 40.358569784878604 ], [ 18.138026196393085, 40.357256425543504 ], [ 18.13553226067652, 40.356051280849073 ], [ 18.13316334786122, 40.354709798922997 ], [ 18.130131844906209, 40.352889628644753 ], [ 18.128572699336562, 40.351918649146945 ], [ 18.127422910192198, 40.350614592015809 ], [ 18.127422910192145, 40.350614592015752 ], [ 18.125922002841133, 40.351151677708593 ], [ 18.124373626669222, 40.351240619448454 ], [ 18.123143650675335, 40.350415959078944 ], [ 18.121445527628019, 40.350020486429855 ], [ 18.121460275080164, 40.350152379113084 ], [ 18.121351062818444, 40.35011967931942 ], [ 18.121338577699408, 40.350115413964637 ], [ 18.121151057876631, 40.35004498917607 ], [ 18.120857696791074, 40.349937339478295 ], [ 18.12069104003341, 40.34987382631568 ], [ 18.120597654340788, 40.349842220560703 ], [ 18.120528132485752, 40.349823695250628 ], [ 18.120484858533075, 40.349818126599843 ], [ 18.120331356969764, 40.349801923094738 ], [ 18.12006791306467, 40.349777794926226 ], [ 18.119792600501214, 40.349756429321005 ], [ 18.119356860305029, 40.349713405000188 ], [ 18.119081176318847, 40.349682392129409 ], [ 18.118830350533699, 40.349663612990952 ], [ 18.118602121162013, 40.349645396171525 ], [ 18.118550875076863, 40.349642789111442 ], [ 18.118508416242172, 40.349645140158977 ], [ 18.118467294939808, 40.349649231289625 ], [ 18.118431570805338, 40.349660281532948 ], [ 18.118358289713914, 40.349687927568858 ], [ 18.118213581013737, 40.349750384155435 ], [ 18.118010762822763, 40.349837823409494 ], [ 18.117873976816021, 40.349896201751527 ], [ 18.117815190773246, 40.349926680862197 ], [ 18.117777466928374, 40.349954168739991 ], [ 18.11774152658073, 40.349987913439698 ], [ 18.117691367353142, 40.35004694634862 ], [ 18.11763565409829, 40.350109921069141 ], [ 18.117544667893185, 40.350201153297519 ], [ 18.117437159088947, 40.350293292384599 ], [ 18.117346309424953, 40.350360933035148 ], [ 18.117288951020576, 40.350394048469802 ], [ 18.117237744691096, 40.350416837923206 ], [ 18.11715612096755, 40.35044404174441 ], [ 18.117033451902763, 40.350476232990729 ], [ 18.116951975858179, 40.350492543124965 ], [ 18.116811513085715, 40.350512108817874 ], [ 18.116766858840442, 40.350516393722529 ], [ 18.116740732306592, 40.35051602479566 ], [ 18.116720332568029, 40.350513521638163 ], [ 18.116684934086713, 40.350502785243307 ], [ 18.116663848332898, 40.350493058886499 ], [ 18.116585057714797, 40.35042482972721 ], [ 18.116501613213714, 40.350345070868997 ], [ 18.116464588343014, 40.350317174745307 ], [ 18.116436004311971, 40.3503033271802 ], [ 18.116407926968666, 40.350294906219474 ], [ 18.116375649060515, 40.350292155909962 ], [ 18.11631186057204, 40.350294775169601 ], [ 18.116125880885047, 40.350309604890711 ], [ 18.115967472175125, 40.350327437772258 ], [ 18.115853626842814, 40.3503400894473 ], [ 18.115805515047946, 40.350345474205 ], [ 18.115747130570263, 40.350355054021463 ], [ 18.115678373164027, 40.350367930875962 ], [ 18.115613085485098, 40.350379716149668 ], [ 18.115503403702331, 40.350397396459769 ], [ 18.115484591955308, 40.350400434657743 ], [ 18.115430748295626, 40.350407948155862 ], [ 18.115373017975962, 40.350412051854569 ], [ 18.115276196850949, 40.350416497875536 ], [ 18.115194532207809, 40.350418292438476 ], [ 18.115083218253972, 40.350419913490363 ], [ 18.11493995742871, 40.350422393845314 ], [ 18.114868997288021, 40.350424512092417 ], [ 18.114594285147909, 40.35044152230072 ], [ 18.114353288846502, 40.350463929897714 ], [ 18.114168661807525, 40.350480492606906 ], [ 18.114107662518929, 40.350487495786311 ], [ 18.114028355654522, 40.35049667664159 ], [ 18.113947564236263, 40.350512685188477 ], [ 18.113764727479694, 40.350548194948416 ], [ 18.113577436192543, 40.350586681498072 ], [ 18.113502867195844, 40.350598128411569 ], [ 18.113281283700893, 40.35063103356643 ], [ 18.113178984437681, 40.350640318119964 ], [ 18.11267648470702, 40.350654412139313 ], [ 18.112316293083051, 40.350658155294354 ], [ 18.112033649267683, 40.350661403061849 ], [ 18.111792342100806, 40.350659690912074 ], [ 18.111559773266382, 40.35066208616724 ], [ 18.111468691335077, 40.350663654309301 ], [ 18.111434932706072, 40.350664237280824 ], [ 18.111358331301304, 40.350665550522052 ], [ 18.110991177051428, 40.350671494604185 ], [ 18.110632339393636, 40.350676986655024 ], [ 18.11032483974563, 40.350682466588339 ], [ 18.110019953153781, 40.350690548676042 ], [ 18.109772094999148, 40.350695585593428 ], [ 18.109568446727376, 40.35070099949025 ], [ 18.109385163569257, 40.350707144023957 ], [ 18.109296562937537, 40.35071736254433 ], [ 18.109245888114721, 40.350724632971875 ], [ 18.109184093180392, 40.350740723301492 ], [ 18.1090434126791, 40.350788603708985 ], [ 18.108982695481494, 40.350817436988649 ], [ 18.108898100654063, 40.350844118671141 ], [ 18.108798921493488, 40.350868492348532 ], [ 18.108678657761072, 40.350892622548848 ], [ 18.108571573967293, 40.350903876395471 ], [ 18.108499059512937, 40.350914201975058 ], [ 18.108397481971586, 40.350927380965302 ], [ 18.108296290647441, 40.350949016143524 ], [ 18.108229389045068, 40.350967224894674 ], [ 18.107902277581815, 40.351044054095915 ], [ 18.107592809479428, 40.35111460911245 ], [ 18.107337529253659, 40.351174718836482 ], [ 18.107051845261037, 40.351240289594102 ], [ 18.107005310461396, 40.351250818174975 ], [ 18.106595333860646, 40.351343587812174 ], [ 18.106341639548969, 40.35140366171651 ], [ 18.106172289252445, 40.351440994668593 ], [ 18.106006754657145, 40.351478154551621 ], [ 18.105803632704387, 40.351521753970644 ], [ 18.105618077593014, 40.351568215321073 ], [ 18.105474570688017, 40.351605708338269 ], [ 18.105268051076273, 40.351653272986823 ], [ 18.105142180941851, 40.351685357538202 ], [ 18.104014187077553, 40.351961484172989 ], [ 18.103961671023786, 40.351974638351521 ], [ 18.103832956921096, 40.352006860930494 ], [ 18.103827323601685, 40.352008273242845 ], [ 18.103709924594952, 40.352038473191953 ], [ 18.10360027334038, 40.352064851275323 ], [ 18.103471196095846, 40.35209563306465 ], [ 18.10336957877719, 40.352116473759089 ], [ 18.103242464651693, 40.352140780509373 ], [ 18.10313440902085, 40.352159091777708 ], [ 18.102993304512012, 40.352178387726632 ], [ 18.102867567247671, 40.352193397794771 ], [ 18.102794083453521, 40.352198811748593 ], [ 18.102680370226654, 40.352203383766685 ], [ 18.102599318982701, 40.352203209229188 ], [ 18.10252207760319, 40.352200111316357 ], [ 18.10244953035777, 40.352195914550244 ], [ 18.102325746774696, 40.352183194560716 ], [ 18.10207787194317, 40.352159257619448 ], [ 18.101819974225492, 40.352132148485872 ], [ 18.101719163736821, 40.352120792712746 ], [ 18.101596355729583, 40.352105721917745 ], [ 18.101533829579811, 40.352099517216267 ], [ 18.101453518767286, 40.352089043094928 ], [ 18.101323460222915, 40.352067330228763 ], [ 18.101126004988533, 40.352033528067544 ], [ 18.100903791977238, 40.351991831421394 ], [ 18.100701037507189, 40.351955216408442 ], [ 18.100567123015612, 40.351934128566604 ], [ 18.100414817609469, 40.351915009393714 ], [ 18.099898595798035, 40.351874791546436 ], [ 18.099569711952384, 40.351853092668414 ], [ 18.099268267771436, 40.351834403826572 ], [ 18.098612052156987, 40.351800964995299 ], [ 18.098222936319953, 40.351789704401348 ], [ 18.097989930384948, 40.35178446223 ], [ 18.097879129219102, 40.351781972728311 ], [ 18.097578073144309, 40.351773284954632 ], [ 18.097285403077922, 40.351766218067262 ], [ 18.096978416748154, 40.351757651655468 ], [ 18.096767825566875, 40.351752384506725 ], [ 18.096700780183177, 40.351756278165766 ], [ 18.096663937415567, 40.351772159681076 ], [ 18.096647915801451, 40.351786949978099 ], [ 18.09663477362249, 40.35180379238718 ], [ 18.096631648266492, 40.351818431628374 ], [ 18.096639388866837, 40.351927377714127 ], [ 18.096676543625577, 40.352213908656644 ], [ 18.096701030866821, 40.352356137543609 ], [ 18.096742413367711, 40.352567086403006 ], [ 18.09679640181524, 40.352858696493939 ], [ 18.096807117443586, 40.352952126440705 ], [ 18.096811896286095, 40.353076599058106 ], [ 18.096808818272162, 40.353182160158262 ], [ 18.096802670581518, 40.353238680576325 ], [ 18.096780667050858, 40.353346478252739 ], [ 18.096726408676208, 40.353574129620071 ], [ 18.096681472545757, 40.353735195601367 ], [ 18.096544599906121, 40.354194779884068 ], [ 18.096450243084902, 40.354492442461058 ], [ 18.096347184126827, 40.35481122562372 ], [ 18.096233851995571, 40.355141146539374 ], [ 18.096095503965358, 40.355500729706804 ], [ 18.096001912628967, 40.355756553217233 ], [ 18.095847079499553, 40.35618198376897 ], [ 18.095753210349905, 40.356474212222452 ], [ 18.095552164760559, 40.357083656224745 ], [ 18.095462571140363, 40.357359250866104 ], [ 18.095404251020938, 40.35750706515185 ], [ 18.095329912540873, 40.357667106020124 ], [ 18.095258483924624, 40.357816336028698 ], [ 18.095078555244445, 40.358169049728339 ], [ 18.094962474004536, 40.358382242523625 ], [ 18.094837509504774, 40.358606957234485 ], [ 18.094773357891405, 40.358729230135012 ], [ 18.09471819605703, 40.358837285003169 ], [ 18.094689960608843, 40.358904410971903 ], [ 18.094652284113948, 40.359018401543992 ], [ 18.094609808095598, 40.359134033839929 ], [ 18.094593317473496, 40.359203351003991 ], [ 18.094566449554893, 40.359313998659779 ], [ 18.094518346386117, 40.359682403799688 ], [ 18.094508121865488, 40.359760776403078 ], [ 18.094503161627799, 40.35979878230544 ], [ 18.09446549242077, 40.360143826371974 ], [ 18.094441753540465, 40.360333712124145 ], [ 18.094426915156298, 40.360446343390386 ], [ 18.094410824585438, 40.360602674610981 ], [ 18.094409037628836, 40.360685063576824 ], [ 18.094409872636099, 40.360763048106428 ], [ 18.094397187386541, 40.360827021190644 ], [ 18.094375832446417, 40.360898891496461 ], [ 18.094335919261773, 40.361010093809362 ], [ 18.094325327510806, 40.361056007428786 ], [ 18.094326149937658, 40.361086841926856 ], [ 18.094331399297715, 40.361124152868378 ], [ 18.094343650148055, 40.361187043817274 ], [ 18.094356680423623, 40.361234547778587 ], [ 18.094371122594193, 40.361301117984631 ], [ 18.0943922610236, 40.361423181737834 ], [ 18.094387640561923, 40.36146835718808 ], [ 18.094379639848878, 40.361486241581957 ], [ 18.094359545994028, 40.361844334528776 ], [ 18.094345065824204, 40.361971745831539 ], [ 18.094319377666164, 40.36215147148036 ], [ 18.094242159286157, 40.362700369356219 ], [ 18.094210485924329, 40.362930711215107 ], [ 18.094188108690314, 40.363090685660865 ], [ 18.094173624357563, 40.363546666952594 ], [ 18.094128949254674, 40.364010894764192 ], [ 18.094126350033829, 40.364037976652554 ], [ 18.094112166373389, 40.364185310864606 ], [ 18.094083224313806, 40.364390136270316 ], [ 18.094055988750011, 40.364468926504053 ], [ 18.094002071719714, 40.364651893927579 ], [ 18.093962511977132, 40.364800718272996 ], [ 18.093949535963809, 40.364879713903811 ], [ 18.093943633635657, 40.364948089899251 ], [ 18.093941942790483, 40.364989412896193 ], [ 18.093954888381599, 40.36542050023742 ], [ 18.09369369642955, 40.36626114708384 ], [ 18.07619364389015, 40.369710160755375 ], [ 18.071185883978092, 40.371742785661567 ], [ 18.071206192255982, 40.371775356012272 ], [ 18.071391457635336, 40.372072488591016 ], [ 18.071455656854109, 40.372155061571803 ], [ 18.071575591383834, 40.372280366964652 ], [ 18.071648201549337, 40.372342513261927 ], [ 18.07183389644582, 40.372507801872523 ], [ 18.072116747878429, 40.372768909629052 ], [ 18.072200525436138, 40.372866127775985 ], [ 18.072926605877271, 40.37370858544999 ], [ 18.072978590306462, 40.37377813385816 ], [ 18.073150992431771, 40.374013467242627 ], [ 18.073588400280215, 40.374558241002831 ], [ 18.07403910812867, 40.37513172507937 ], [ 18.074360850259936, 40.375537523748925 ], [ 18.074479237297663, 40.375686853065545 ], [ 18.07485773492844, 40.376143074957618 ], [ 18.075433016278105, 40.37682935744759 ], [ 18.075953064392596, 40.377468045690208 ], [ 18.07636166897003, 40.377954209240229 ], [ 18.076959905924067, 40.378629207984993 ], [ 18.077491867203388, 40.379238417385196 ], [ 18.078078905887395, 40.379899358158553 ], [ 18.078555425168304, 40.380436186623946 ], [ 18.078992097412318, 40.380925249267854 ], [ 18.079500029951578, 40.381520737318041 ], [ 18.080038415538315, 40.382082052451828 ], [ 18.08044920892657, 40.382523214903856 ], [ 18.080574228205531, 40.38265069686657 ], [ 18.08076901020312, 40.382665014145672 ], [ 18.080783967337112, 40.38266818571023 ], [ 18.080823671264582, 40.382668317691724 ], [ 18.080967687783179, 40.382702921270621 ], [ 18.081232854157424, 40.382821858826915 ], [ 18.081282318386254, 40.382865391327272 ], [ 18.081351342162463, 40.382970340311836 ], [ 18.081417531476884, 40.383119483395198 ], [ 18.081443567388447, 40.3831535365346 ], [ 18.081537024833636, 40.383356454163419 ], [ 18.081631737402496, 40.383591574610534 ], [ 18.081679323945462, 40.383673197565827 ], [ 18.081912884074814, 40.383921079014087 ], [ 18.081964497021119, 40.384008895794793 ], [ 18.081896019609516, 40.384281940448098 ], [ 18.081891627925689, 40.384343585040462 ], [ 18.081973227041328, 40.384433149100488 ], [ 18.08213732967133, 40.384603480003797 ], [ 18.082296573976546, 40.384772174889726 ], [ 18.082475460089871, 40.38495101167576 ], [ 18.082633219975133, 40.385112693127411 ], [ 18.082701617126986, 40.385183158996497 ], [ 18.082789577171493, 40.385263442948506 ], [ 18.082404329615681, 40.385486966851182 ], [ 18.082441339284095, 40.385564935548494 ], [ 18.083175608243266, 40.386138251804553 ], [ 18.083487298793095, 40.386289767541406 ], [ 18.083603825594139, 40.386364945166143 ], [ 18.083803771428297, 40.386533724197946 ], [ 18.084318793155362, 40.386885113863002 ], [ 18.084495358165228, 40.387096658202715 ], [ 18.08450288634603, 40.387098595489725 ], [ 18.084517397516965, 40.38709182023036 ], [ 18.084590120920659, 40.387038140059815 ], [ 18.0846812549612, 40.387091662376179 ], [ 18.084699369396674, 40.387108902849349 ], [ 18.084778969509447, 40.387147878566857 ], [ 18.084892765105469, 40.387203629242478 ], [ 18.084988752009572, 40.387258891597057 ], [ 18.085142783473014, 40.38734605793627 ], [ 18.085253876143717, 40.387405285105466 ], [ 18.085324929968895, 40.387450296438104 ], [ 18.085415857521507, 40.38751644800098 ], [ 18.085473569204538, 40.387560968901248 ], [ 18.085510457914541, 40.387594201596499 ], [ 18.085526784056686, 40.387618237802712 ], [ 18.085534983042557, 40.387645328298234 ], [ 18.086794306256476, 40.387319929978929 ], [ 18.087227548226004, 40.387204582826733 ], [ 18.087463615824305, 40.387128683723461 ], [ 18.087945299750988, 40.386959410920099 ], [ 18.088021104812306, 40.386963053768334 ], [ 18.088391191323034, 40.387156493953221 ], [ 18.088494201880486, 40.386746796708273 ], [ 18.089058869839725, 40.386851257885134 ], [ 18.089522128368266, 40.386879848717356 ], [ 18.089633520084604, 40.386925718753268 ], [ 18.089856794406018, 40.38706243031433 ], [ 18.090123422732685, 40.387321524680658 ], [ 18.090335346246011, 40.387460700591497 ], [ 18.090537543050687, 40.387641577860443 ], [ 18.090735372239575, 40.387830877931997 ], [ 18.090908045889783, 40.387907255254028 ], [ 18.092668521093021, 40.390481672291671 ], [ 18.092790856007554, 40.390594502005769 ], [ 18.093464614951206, 40.391100228966494 ], [ 18.09372690402553, 40.391324099633763 ], [ 18.093933893623642, 40.391644522085066 ], [ 18.093602869351777, 40.391902351271199 ], [ 18.092376458321063, 40.391903717503254 ], [ 18.091891337427988, 40.392030326387548 ], [ 18.091845691353239, 40.392052900200426 ], [ 18.091562468466275, 40.392357995978713 ], [ 18.091163545063903, 40.392769681831965 ], [ 18.091524131634742, 40.393016242491122 ], [ 18.091786666516867, 40.393202322680906 ], [ 18.091854122702987, 40.393254873176339 ], [ 18.091894927149458, 40.393289097803283 ], [ 18.091924364354565, 40.393319168153781 ], [ 18.09195124607368, 40.393365517812789 ], [ 18.091988066508751, 40.393434940569492 ], [ 18.0920806976767, 40.393640430844641 ], [ 18.092168396615079, 40.393814600376537 ], [ 18.09218185867611, 40.393839546297649 ], [ 18.092267383975503, 40.394027104383682 ], [ 18.092518647103329, 40.394219115754261 ], [ 18.092656149329045, 40.394336605042042 ], [ 18.092677159698589, 40.394351896305317 ] ] ] ] } },
{ "type": "Feature", "properties": { "fid": 21.0, "ogc_fid": 21.0, "district": "Industriale", "_mean": -0.63639435651738896, "_stdev": 2.4303387288225111, "_min": -11.110105514526367, "_max": 7.68216896057129 }, "geometry": { "type": "MultiPolygon", "coordinates": [ [ [ [ 18.143666408450883, 40.365262450439353 ], [ 18.139427240546468, 40.366763909582168 ], [ 18.138833733372064, 40.367009768692576 ], [ 18.122509431089586, 40.378186505394524 ], [ 18.121321147065952, 40.378886785318834 ], [ 18.120222863825663, 40.379291792576723 ], [ 18.119025333895372, 40.379563569927591 ], [ 18.115786502753881, 40.379885551848361 ], [ 18.114554539057231, 40.380145268897735 ], [ 18.113368880768199, 40.380675523217462 ], [ 18.112606138284921, 40.381247761058731 ], [ 18.108700537595837, 40.385104706461313 ], [ 18.106093592807046, 40.387672782048064 ], [ 18.104703113395075, 40.388538496293357 ], [ 18.092677159698589, 40.394351896305317 ], [ 18.092737892143237, 40.394396097074065 ], [ 18.092840469012128, 40.394475477307267 ], [ 18.09300821722033, 40.394594400957679 ], [ 18.09327207637601, 40.394784473728521 ], [ 18.093577623841334, 40.395004793912115 ], [ 18.09383359603574, 40.395187726795733 ], [ 18.093858933247184, 40.395199288831535 ], [ 18.093873490472678, 40.395203582640747 ], [ 18.093904610514159, 40.395208684849472 ], [ 18.094144517773472, 40.395240634948593 ], [ 18.094438729752262, 40.39528519896065 ], [ 18.094464286705414, 40.39529533185992 ], [ 18.094480500833505, 40.395307246218529 ], [ 18.094493365118108, 40.395321177817927 ], [ 18.094503113417598, 40.395339813506382 ], [ 18.094516013606569, 40.395581840769701 ], [ 18.09453557942366, 40.3957260745428 ], [ 18.094543542495732, 40.395800870237402 ], [ 18.094548485457921, 40.395825442395449 ], [ 18.09455868545102, 40.395838816662213 ], [ 18.094561060319556, 40.395840150941197 ], [ 18.094630105011056, 40.396115021709235 ], [ 18.094625259991076, 40.396250223180935 ], [ 18.094684966785216, 40.39642871990138 ], [ 18.094743972662055, 40.39651155876625 ], [ 18.094766087074341, 40.396592572100907 ], [ 18.09480660692536, 40.396725180180042 ], [ 18.094825631500662, 40.39683115557596 ], [ 18.094845214063341, 40.396895272822519 ], [ 18.094837927099576, 40.397069257451896 ], [ 18.094842518981697, 40.397287894286123 ], [ 18.094841954595022, 40.397479828216348 ], [ 18.09487011637248, 40.397706602863991 ], [ 18.094874717474159, 40.397896132221476 ], [ 18.094846472068976, 40.398062507114581 ], [ 18.094822550513964, 40.398324662507591 ], [ 18.094834018401059, 40.398744514707587 ], [ 18.094851881952231, 40.398828174661546 ], [ 18.094967629128618, 40.398971631105553 ], [ 18.094984166260922, 40.399005014952316 ], [ 18.095002001402861, 40.399041013896493 ], [ 18.094989275477879, 40.399124601669733 ], [ 18.095086727139357, 40.399147877008076 ], [ 18.094972837994199, 40.399390872727395 ], [ 18.095466561644741, 40.399529801992067 ], [ 18.095404762391119, 40.399740189256676 ], [ 18.095647019252386, 40.399775992949635 ], [ 18.095559764426632, 40.399937943358225 ], [ 18.095391532098176, 40.400330745477717 ], [ 18.095361439675298, 40.400564546308985 ], [ 18.095379110352376, 40.400788087273526 ], [ 18.095363297567676, 40.400798580869086 ], [ 18.095408667788526, 40.40082529602941 ], [ 18.095678560957847, 40.400846399942836 ], [ 18.096083655697417, 40.400883352944916 ], [ 18.096497687208199, 40.400912985423979 ], [ 18.096581418241907, 40.40091595425627 ], [ 18.096770895505276, 40.400928676542826 ], [ 18.096769808694265, 40.400931027695599 ], [ 18.097035561881075, 40.400954581237862 ], [ 18.097036068730688, 40.40095304545752 ], [ 18.097172948747637, 40.400958580859644 ], [ 18.097174785182641, 40.400959216158945 ], [ 18.097281839122207, 40.400973999708683 ], [ 18.097510127462463, 40.400994476457022 ], [ 18.097567943387077, 40.40100149187775 ], [ 18.097587594866461, 40.401012016585234 ], [ 18.097608065545629, 40.401032436085963 ], [ 18.097626311645374, 40.401064714471794 ], [ 18.097690668429252, 40.401195032098784 ], [ 18.097744847265801, 40.401299952522919 ], [ 18.097783521884477, 40.401365488330903 ], [ 18.097821362547755, 40.401348806713379 ], [ 18.098214483123854, 40.401267994463375 ], [ 18.098705000422015, 40.401187061475213 ], [ 18.099053301699037, 40.401152397397084 ], [ 18.099522027635761, 40.401151213903447 ], [ 18.099849981494867, 40.401192866062459 ], [ 18.099832789823221, 40.401324507833102 ], [ 18.099815999338428, 40.401379386177815 ], [ 18.099764423382453, 40.401532416412202 ], [ 18.099711235961173, 40.401673447440999 ], [ 18.099656065864057, 40.401828780794673 ], [ 18.099612564270494, 40.401944955435539 ], [ 18.099538780313615, 40.402131122117702 ], [ 18.099498506213518, 40.402205714649376 ], [ 18.099443442005793, 40.402293773225082 ], [ 18.099350024205275, 40.402434415347962 ], [ 18.099267230439359, 40.402558775845101 ], [ 18.099128525256944, 40.402787257191306 ], [ 18.099000410162851, 40.402973007662453 ], [ 18.098962164358852, 40.403027128422437 ], [ 18.098864304431594, 40.403210157598096 ], [ 18.098815623271829, 40.403300808010073 ], [ 18.098775099274814, 40.403413110495748 ], [ 18.098735541782847, 40.403544418930622 ], [ 18.098686499454828, 40.403695489239652 ], [ 18.098621603685427, 40.403902124118638 ], [ 18.098599803732718, 40.404155673580291 ], [ 18.098606521313304, 40.404200377302146 ], [ 18.098614995779641, 40.40423068387058 ], [ 18.098639479020825, 40.404238691908816 ], [ 18.099413277213209, 40.404365246637347 ], [ 18.101189778874275, 40.404723394508402 ], [ 18.101861543017694, 40.404844603376581 ], [ 18.102017737643248, 40.404922702828664 ], [ 18.104430309939438, 40.406092316605978 ], [ 18.104457073657464, 40.406111810927072 ], [ 18.104575337278, 40.406182690192615 ], [ 18.104709381637573, 40.406258313430826 ], [ 18.104804742302921, 40.406308479357897 ], [ 18.104880511333139, 40.40633764318634 ], [ 18.104904950660021, 40.406339899163477 ], [ 18.104971887444549, 40.406374387504606 ], [ 18.105072935392965, 40.406430613387002 ], [ 18.105131366489996, 40.406472195430517 ], [ 18.105199793943584, 40.406550302464375 ], [ 18.105313018917741, 40.406674771346964 ], [ 18.105461289013579, 40.406819084407005 ], [ 18.105566039071586, 40.406934242415794 ], [ 18.10565420894779, 40.407025274903319 ], [ 18.105755573326292, 40.407125220806194 ], [ 18.105848721703886, 40.407217657685017 ], [ 18.105951678766317, 40.407303806845221 ], [ 18.106076022523844, 40.407439189731647 ], [ 18.106155188873519, 40.407517304639214 ], [ 18.106264916440882, 40.407625662931189 ], [ 18.106421035737164, 40.407774789548945 ], [ 18.106561150928744, 40.407915845515767 ], [ 18.106623355331251, 40.407996320309408 ], [ 18.106694863929796, 40.408090898492453 ], [ 18.106757612481804, 40.407975362068299 ], [ 18.111543059435746, 40.401222516145509 ], [ 18.111946388323091, 40.400822216847594 ], [ 18.112118652946926, 40.400670296138259 ], [ 18.112267315831435, 40.400376980418919 ], [ 18.112481241488222, 40.399954895455949 ], [ 18.112718883584687, 40.399486011811952 ], [ 18.112084210930483, 40.399187698004319 ], [ 18.11181441923852, 40.39900529757162 ], [ 18.11155570097543, 40.39886073400541 ], [ 18.111765665957687, 40.397696062087945 ], [ 18.112210012345653, 40.397786471209265 ], [ 18.112238381411895, 40.397751361292038 ], [ 18.11239540034796, 40.395708022704767 ], [ 18.112514072831122, 40.39548032495221 ], [ 18.11418608804679, 40.393579399695398 ], [ 18.114283822782273, 40.393459716733993 ], [ 18.114376852830748, 40.393352411896792 ], [ 18.114300651636885, 40.393310419972742 ], [ 18.114289337520756, 40.393248641278923 ], [ 18.114300387602963, 40.393157806453395 ], [ 18.114421521267065, 40.392923265335334 ], [ 18.114594822884502, 40.392534837479104 ], [ 18.114758881918906, 40.39216238845524 ], [ 18.114873101424937, 40.392084552181842 ], [ 18.114910795088747, 40.392029027046306 ], [ 18.114961524148598, 40.39195428967777 ], [ 18.115043399924492, 40.391833644819975 ], [ 18.115259396700946, 40.391540049110269 ], [ 18.115387241031112, 40.391376598719845 ], [ 18.115459778296319, 40.391300941562349 ], [ 18.115605266635288, 40.391163306650029 ], [ 18.115673255179427, 40.391096815102678 ], [ 18.116065097688963, 40.390711202443427 ], [ 18.116196207753624, 40.390586438382918 ], [ 18.116274743446848, 40.390511690756476 ], [ 18.11630839331449, 40.390479674538348 ], [ 18.116369438329585, 40.390421573502451 ], [ 18.116486769035227, 40.390309914977209 ], [ 18.116557570467897, 40.39024396852156 ], [ 18.116699766842064, 40.390102430947763 ], [ 18.116874439892399, 40.389916803017144 ], [ 18.117048261433336, 40.389658835267383 ], [ 18.117067002698917, 40.389631013053197 ], [ 18.117074311702101, 40.389620160517829 ], [ 18.117228801324593, 40.389390007235434 ], [ 18.117267810482126, 40.389344731886339 ], [ 18.117311237590251, 40.38930666903903 ], [ 18.117396650707981, 40.389254910190822 ], [ 18.117656289100111, 40.389139349042985 ], [ 18.117945337745635, 40.389025834376874 ], [ 18.118158607258579, 40.388932095640122 ], [ 18.118221156143768, 40.388908675176836 ], [ 18.118364724920589, 40.388839403430694 ], [ 18.1184235909686, 40.388791530890579 ], [ 18.118480309400354, 40.388740057635587 ], [ 18.118553903420061, 40.388665531952896 ], [ 18.118661356902575, 40.388542401721523 ], [ 18.118758277798428, 40.38841587185599 ], [ 18.11898360698077, 40.388131844058904 ], [ 18.119046393020152, 40.388033481816301 ], [ 18.11905640805443, 40.388011958420023 ], [ 18.118966351598701, 40.387959780144534 ], [ 18.118173733498374, 40.387528054126058 ], [ 18.118307083251331, 40.387423235501664 ], [ 18.118346889408137, 40.387395824458395 ], [ 18.118542935831734, 40.387267719730758 ], [ 18.118794578610704, 40.387106493679227 ], [ 18.119072725670296, 40.386921853772137 ], [ 18.119353289830347, 40.386719187908639 ], [ 18.119421394077261, 40.386676595750558 ], [ 18.119480168825316, 40.386649043224665 ], [ 18.11954343234337, 40.386625287520751 ], [ 18.11975885751119, 40.386577719005665 ], [ 18.119992250084671, 40.386527243759666 ], [ 18.120196928468953, 40.386475208951488 ], [ 18.120285788132627, 40.386452797117563 ], [ 18.120401190178253, 40.386415231824472 ], [ 18.120484641005447, 40.386372629846875 ], [ 18.120576245297734, 40.386314783834649 ], [ 18.120709360493723, 40.386237604201312 ], [ 18.12082902748535, 40.386172282485369 ], [ 18.12101109849835, 40.386076866597257 ], [ 18.12121547676394, 40.385977390846691 ], [ 18.121365628882973, 40.385901616432115 ], [ 18.121640136460456, 40.385762660568552 ], [ 18.12184146047387, 40.385653412555953 ], [ 18.1219069894303, 40.385613518596067 ], [ 18.121945308359212, 40.385591192260485 ], [ 18.121989321905833, 40.385552112056622 ], [ 18.122053822176472, 40.385503930519356 ], [ 18.122102961395417, 40.385457298964702 ], [ 18.122204603058083, 40.385358263262788 ], [ 18.122320640234786, 40.385217479908512 ], [ 18.122434040339719, 40.385066542928286 ], [ 18.122504295720134, 40.384975465415863 ], [ 18.122515489103417, 40.384964177897785 ], [ 18.122516890299114, 40.384961313618234 ], [ 18.122570070377719, 40.384890199614937 ], [ 18.122651488349174, 40.384783558782672 ], [ 18.122744100019307, 40.384657592468116 ], [ 18.122833982192155, 40.384549333834613 ], [ 18.123056131170536, 40.384331265270035 ], [ 18.123549458206288, 40.384001901909812 ], [ 18.123559500542605, 40.383994156355548 ], [ 18.123820910113615, 40.383783522075454 ], [ 18.123842869542131, 40.383760383694174 ], [ 18.123930885562171, 40.383629100464013 ], [ 18.123924582542674, 40.383492792714591 ], [ 18.124249436035925, 40.383081231540359 ], [ 18.124970646248315, 40.382652382837222 ], [ 18.126027613640819, 40.382146440217369 ], [ 18.126277370591524, 40.382044212774957 ], [ 18.126402915247258, 40.382024325320458 ], [ 18.126943138056074, 40.3819387491315 ], [ 18.127311740140893, 40.381880357239019 ], [ 18.127939752219689, 40.38172491387666 ], [ 18.128261182887627, 40.381645352402337 ], [ 18.128617454166854, 40.381562266918742 ], [ 18.129420263296147, 40.38137528766206 ], [ 18.130211474314766, 40.381041741293167 ], [ 18.130774740803655, 40.380659288966001 ], [ 18.131536726972715, 40.380109883169403 ], [ 18.131925094973802, 40.379793550666299 ], [ 18.132128957271743, 40.379627497097452 ], [ 18.132864911112694, 40.379120710747436 ], [ 18.133188659224373, 40.378810557823037 ], [ 18.133281115899798, 40.378859219275142 ], [ 18.133613370835867, 40.379034107812942 ], [ 18.134779367562949, 40.379638506703898 ], [ 18.135181157634495, 40.37982701393188 ], [ 18.135705243246132, 40.379398110682111 ], [ 18.13611013705037, 40.37906030056665 ], [ 18.136257666347603, 40.378939417006627 ], [ 18.136339449033539, 40.378872403935368 ], [ 18.136588102191393, 40.378668651803693 ], [ 18.136988041384491, 40.378349931159903 ], [ 18.137725441501722, 40.377786201009663 ], [ 18.138121084561522, 40.377501691970366 ], [ 18.138634666118488, 40.377135207619474 ], [ 18.13873841435456, 40.377090672125483 ], [ 18.138807885854643, 40.377049840153006 ], [ 18.139003959688193, 40.376908838401491 ], [ 18.139083407084936, 40.376823152267868 ], [ 18.139397023634892, 40.376617254370288 ], [ 18.139482318697926, 40.376567410125823 ], [ 18.139606897852186, 40.376350727660906 ], [ 18.139666403901447, 40.376311046881163 ], [ 18.139743510883186, 40.376259630766818 ], [ 18.139868958449696, 40.376175977930025 ], [ 18.139942389111969, 40.376127012430608 ], [ 18.140279844220512, 40.375897199150828 ], [ 18.140486871171465, 40.375757356342767 ], [ 18.140724645428733, 40.375594467801577 ], [ 18.140959276795865, 40.375435438165304 ], [ 18.141244072585938, 40.37524565602925 ], [ 18.141641489255683, 40.374977128403998 ], [ 18.142325117400212, 40.374510507727663 ], [ 18.142614319804224, 40.374317693144214 ], [ 18.142873330169184, 40.374142414399969 ], [ 18.143080159108717, 40.374005784305012 ], [ 18.143084005029959, 40.374003244178574 ], [ 18.143292368635077, 40.373875168256568 ], [ 18.143452383448718, 40.373783199770649 ], [ 18.143644099471359, 40.373676317534816 ], [ 18.143827905447989, 40.373583657943314 ], [ 18.14405363322815, 40.373471753128236 ], [ 18.14429032307671, 40.373361846329097 ], [ 18.144517926369431, 40.373266237310112 ], [ 18.144794213416041, 40.373158224063175 ], [ 18.145035462422101, 40.373067178444678 ], [ 18.145157709348474, 40.373023322614166 ], [ 18.145623335619931, 40.372847092950707 ], [ 18.145733339590695, 40.372806035975429 ], [ 18.146003761783554, 40.372511197509787 ], [ 18.146707482483841, 40.372120304375684 ], [ 18.147800844234201, 40.371541694569537 ], [ 18.147723607122746, 40.371463651702683 ], [ 18.146618359396427, 40.370316475784939 ], [ 18.145723221946522, 40.369093368444396 ], [ 18.143861175659204, 40.365668120426584 ], [ 18.143666408450883, 40.365262450439353 ] ] ] ] } }
]
}
